ENTRY_ID,ACCOUNT_CODE,AMOUNT,CURRENCY,POSTING_DATE,COUNTERPARTY_ID,POSITION_ID,INJECTED_CASE_ID
GL-000001,ADVANCES_FUND,17600622906.56,INR,2025-06-23,CP-00007,POS-000020,
GL-000002,ADVANCES_FUND,1106232987.38,INR,2025-11-22,CP-00008,POS-000023,
GL-000003,ADVANCES_FUND,5833959060.0,INR,2024-11-28,CP-00003,POS-000010,
GL-000004,ADVANCES_FUND,985925252.42,INR,2025-02-24,CP-00011,POS-000035,
GL-000005,ADVANCES_FUND,946363036.93,INR,2025-07-23,CP-00014,POS-000043,
GL-000006,ADVANCES_FUND,22241168071.53,INR,2024-01-24,CP-00001,POS-000001,
GL-000007,ADVANCES_FUND,2672904924.27,INR,2023-10-09,CP-00005,POS-000015,
GL-000008,ADVANCES_FUND,1639124469.57,INR,2025-05-09,CP-00010,POS-000031,
GL-000009,ADVANCES_FUND,27307393193.42,INR,2024-06-15,CP-00012,POS-000038,
GL-000010,ADVANCES_FUND,52477316165.94,INR,2023-07-19,CP-00003,POS-000009,
GL-000011,ADVANCES_FUND,30402417904.59,INR,2026-06-17,CP-00015,POS-000047,
GL-000012,ADVANCES_FUND,7470783882.54,INR,2025-05-27,CP-00014,POS-000044,
GL-000013,ADVANCES_FUND,1412149987.16,INR,2024-04-14,CP-00011,POS-000036,
GL-000014,ADVANCES_FUND,38342018644.65,INR,2025-01-02,CP-00003,POS-000008,
GL-000015,ADVANCES_FUND,35238301125.55,INR,2024-02-14,CP-00006,POS-000017,
GL-000016,ADVANCES_FUND,1379259762.93,INR,2025-01-27,CP-00015,POS-000046,
GL-000017,ADVANCES_FUND,20811508258.53,INR,2026-04-21,CP-00010,POS-000030,
GL-000018,ADVANCES_FUND,249736430.87,INR,2025-03-13,CP-00009,POS-000027,
GL-000019,ADVANCES_FUND,6236430667.91,INR,2025-04-14,CP-00004,POS-000013,
GL-000020,ADVANCES_FUND,564340902.63,INR,2023-12-18,CP-00015,POS-000048,
GL-000021,ADVANCES_FUND,5932802838.97,INR,2026-01-20,CP-00006,POS-000018,
GL-000022,ADVANCES_FUND,10724366108.11,INR,2026-01-11,CP-00002,POS-000006,
GL-000023,ADVANCES_FUND,2300116793.42,INR,2026-01-27,CP-00009,POS-000026,
GL-000024,ADVANCES_FUND,54318545336.01,INR,2024-10-17,CP-00013,POS-000040,
GL-000025,ADVANCES_FUND,13054044595.38,INR,2023-07-06,CP-00001,POS-000003,
GL-000026,ADVANCES_FUND,171942632283.22,INR,2024-08-22,CP-00008,POS-000024,
GL-000027,ADVANCES_FUND,82109231410.76,INR,2024-01-19,CP-00002,POS-000005,
GL-000028,ADVANCES_FUND,62922473406.94,INR,2023-12-11,CP-00001,POS-000002,
GL-000029,ADVANCES_FUND,3446229591.81,INR,2024-09-11,CP-00010,POS-000032,
GL-000030,ADVANCES_FUND,13625639275.12,INR,2026-05-24,CP-00028,POS-000090,
GL-000031,ADVANCES_FUND,6093254599.56,INR,2026-06-02,CP-00018,POS-000057,
GL-000032,ADVANCES_FUND,11140382896.53,INR,2025-04-06,CP-00026,POS-000084,
GL-000033,ADVANCES_FUND,3225287275.29,INR,2024-05-30,CP-00020,POS-000062,
GL-000034,ADVANCES_FUND,2575511971.91,INR,2026-03-02,CP-00029,POS-000093,
GL-000035,ADVANCES_FUND,21877871792.28,INR,2025-01-03,CP-00020,POS-000061,
GL-000036,ADVANCES_FUND,373428552.27,INR,2024-01-25,CP-00022,POS-000069,
GL-000037,ADVANCES_FUND,866309129.39,INR,2024-08-15,CP-00016,POS-000051,
GL-000038,ADVANCES_FUND,1621243414.8,INR,2024-03-31,CP-00021,POS-000067,
GL-000039,ADVANCES_FUND,19286036426.32,INR,2025-07-20,CP-00019,POS-000059,
GL-000040,ADVANCES_FUND,14224779738.34,INR,2023-09-03,CP-00024,POS-000077,
GL-000041,ADVANCES_FUND,8424308252.7,INR,2026-01-22,CP-00025,POS-000080,
GL-000042,ADVANCES_FUND,9952691000.15,INR,2024-09-06,CP-00017,POS-000054,
GL-000043,ADVANCES_FUND,240070318.69,INR,2025-03-11,CP-00017,POS-000053,
GL-000044,ADVANCES_FUND,1600364731.02,INR,2026-05-27,CP-00021,POS-000066,
GL-000045,ADVANCES_FUND,7594756891.13,INR,2023-09-01,CP-00027,POS-000087,
GL-000046,ADVANCES_FUND,34851120449.45,INR,2024-05-23,CP-00024,POS-000076,
GL-000047,ADVANCES_FUND,20457690090.47,INR,2025-10-24,CP-00026,POS-000083,
GL-000048,ADVANCES_FUND,9763624710.63,INR,2026-05-04,CP-00023,POS-000073,
GL-000049,ADVANCES_FUND,262123724.73,INR,2024-06-20,CP-00029,POS-000092,
GL-000050,ADVANCES_FUND,6433401785.04,INR,2024-11-11,CP-00020,POS-000063,
GL-000051,ADVANCES_FUND,532302974.18,INR,2026-05-07,CP-00022,POS-000070,
GL-000052,ADVANCES_FUND,53749881833.79,INR,2026-06-21,CP-00035,POS-000113,
GL-000053,ADVANCES_FUND,21644408829.17,INR,2024-06-17,CP-00033,POS-000106,
GL-000054,ADVANCES_FUND,17651668920.9,INR,2023-07-11,CP-00041,POS-000135,
GL-000055,ADVANCES_FUND,6555219764.91,INR,2024-10-05,CP-00036,POS-000117,
GL-000056,ADVANCES_FUND,51088713485.32,INR,2025-04-29,CP-00035,POS-000114,
GL-000057,ADVANCES_FUND,10380879908.11,INR,2025-01-09,CP-00039,POS-000128,
GL-000058,ADVANCES_FUND,1199258505.91,INR,2025-11-09,CP-00031,POS-000100,
GL-000059,ADVANCES_FUND,1999801442.14,INR,2025-04-21,CP-00041,POS-000137,
GL-000060,ADVANCES_FUND,508861735.05,INR,2023-09-09,CP-00034,POS-000109,
GL-000061,ADVANCES_FUND,18021543919.62,INR,2024-08-29,CP-00030,POS-000097,
GL-000062,ADVANCES_FUND,66825386.57,INR,2025-03-16,CP-00040,POS-000132,
GL-000063,ADVANCES_FUND,703213728.17,INR,2026-02-14,CP-00034,POS-000108,
GL-000064,ADVANCES_FUND,7768510545.27,INR,2023-10-12,CP-00043,POS-000143,
GL-000065,ADVANCES_FUND,1645810598.52,INR,2026-01-04,CP-00031,POS-000099,
GL-000066,ADVANCES_FUND,504112670.29,INR,2024-05-01,CP-00031,POS-000101,
GL-000067,ADVANCES_FUND,22396522425.3,INR,2025-08-03,CP-00032,POS-000103,
GL-000068,ADVANCES_FUND,6975817401.79,INR,2025-08-29,CP-00037,POS-000120,
GL-000069,ADVANCES_FUND,2243830141.39,INR,2025-12-25,CP-00040,POS-000131,
GL-000070,ADVANCES_FUND,541221169.47,INR,2025-05-16,CP-00030,POS-000096,
GL-000071,ADVANCES_FUND,660723203.84,INR,2024-06-19,CP-00038,POS-000124,
GL-000072,ADVANCES_FUND,4374896039.09,INR,2025-03-31,CP-00042,POS-000140,
GL-000073,ADVANCES_FUND,894281530.57,INR,2026-06-03,CP-00038,POS-000125,
GL-000074,ADVANCES_FUND,1419944206.43,INR,2025-09-14,CP-00041,POS-000136,
GL-000075,ADVANCES_FUND,130734718.11,INR,2026-01-06,CP-00037,POS-000122,
GL-000076,ADVANCES_FUND,245539051462.76,INR,2025-04-17,CP-00035,POS-000112,
GL-000077,ADVANCES_FUND,455046029.94,INR,2023-10-16,CP-00040,POS-000130,
GL-000078,ADVANCES_FUND,9781620397.57,INR,2023-08-11,CP-00037,POS-000121,
GL-000079,ADVANCES_FUND,10981327775.06,INR,2025-08-14,CP-00057,POS-000187,
GL-000080,ADVANCES_FUND,13076600698.25,INR,2023-09-08,CP-00052,POS-000172,
GL-000081,ADVANCES_FUND,199216067.3,INR,2024-12-08,CP-00049,POS-000163,
GL-000082,ADVANCES_FUND,871650266.79,INR,2024-08-03,CP-00048,POS-000160,
GL-000083,ADVANCES_FUND,1822678125.08,INR,2025-09-20,CP-00056,POS-000183,
GL-000084,ADVANCES_FUND,2585164520.1,INR,2024-05-19,CP-00049,POS-000162,
GL-000085,ADVANCES_FUND,2153573541.59,INR,2025-01-14,CP-00053,POS-000175,
GL-000086,ADVANCES_FUND,1864719013.1,INR,2025-11-03,CP-00050,POS-000166,
GL-000087,ADVANCES_FUND,1005100113.98,INR,2026-01-21,CP-00050,POS-000167,
GL-000088,ADVANCES_FUND,6027498667.05,INR,2025-04-24,CP-00044,POS-000145,
GL-000089,ADVANCES_FUND,649213058.41,INR,2024-10-19,CP-00054,POS-000179,
GL-000090,ADVANCES_FUND,52783439.19,INR,2025-08-28,CP-00045,POS-000148,
GL-000091,ADVANCES_FUND,107731244433.1,INR,2025-10-05,CP-00047,POS-000155,
GL-000092,ADVANCES_FUND,235864966.44,INR,2025-09-08,CP-00045,POS-000149,
GL-000093,ADVANCES_FUND,2908268852.92,INR,2025-08-13,CP-00048,POS-000159,
GL-000094,ADVANCES_FUND,81943411.85,INR,2024-04-12,CP-00053,POS-000176,
GL-000095,ADVANCES_FUND,2262672792.68,INR,2024-12-31,CP-00046,POS-000153,
GL-000096,ADVANCES_FUND,4557183226.09,INR,2025-02-02,CP-00055,POS-000181,
GL-000097,ADVANCES_FUND,35343770962.55,INR,2026-01-04,CP-00051,POS-000170,
GL-000098,ADVANCES_FUND,1751087375.87,INR,2024-11-11,CP-00050,POS-000168,
GL-000099,ADVANCES_FUND,1231257233.01,INR,2023-08-12,CP-00045,POS-000150,
GL-000100,ADVANCES_FUND,2721377624.03,INR,2024-04-05,CP-00057,POS-000185,
GL-000101,ADVANCES_FUND,10260702422.35,INR,2025-02-26,CP-00057,POS-000186,
GL-000102,ADVANCES_FUND,668620966.97,INR,2025-07-29,CP-00046,POS-000152,
GL-000103,ADVANCES_FUND,414580446.24,INR,2025-06-10,CP-00048,POS-000158,
GL-000104,ADVANCES_FUND,58540043218.94,INR,2025-06-30,CP-00065,POS-000217,
GL-000105,ADVANCES_FUND,1100596046.51,INR,2026-06-25,CP-00060,POS-000199,
GL-000106,ADVANCES_FUND,1010950360.58,INR,2024-06-08,CP-00068,POS-000228,
GL-000107,ADVANCES_FUND,237233179.69,INR,2025-05-10,CP-00067,POS-000223,
GL-000108,ADVANCES_FUND,37144652.48,INR,2026-05-08,CP-00058,POS-000190,
GL-000109,ADVANCES_FUND,12590732541.79,INR,2023-07-24,CP-00067,POS-000224,
GL-000110,ADVANCES_FUND,9820208159.66,INR,2025-12-06,CP-00071,POS-000238,
GL-000111,ADVANCES_FUND,1013794625.18,INR,2024-09-18,CP-00073,POS-000246,
GL-000112,ADVANCES_FUND,5484279801.77,INR,2025-01-24,CP-00074,POS-000251,
GL-000113,ADVANCES_FUND,2240027577.08,INR,2025-01-31,CP-00076,POS-000259,
GL-000114,ADVANCES_FUND,4716329052.87,INR,2023-08-25,CP-00072,POS-000243,
GL-000115,ADVANCES_FUND,27424656851.99,INR,2025-05-27,CP-00076,POS-000258,
GL-000116,ADVANCES_FUND,8275076468.69,INR,2025-04-21,CP-00073,POS-000247,
GL-000117,ADVANCES_FUND,34575986667.65,INR,2024-08-16,CP-00074,POS-000250,
GL-000118,ADVANCES_FUND,2264606229.55,INR,2025-12-26,CP-00073,POS-000245,
GL-000119,ADVANCES_FUND,190749896519.59,INR,2024-01-05,CP-00079,POS-000266,
GL-000120,ADVANCES_FUND,22905832918.33,INR,2025-10-22,CP-00080,POS-000270,
GL-000121,ADVANCES_FUND,17705472428.42,INR,2025-10-09,CP-00078,POS-000264,
GL-000122,ADVANCES_FUND,40458776967.7,INR,2026-06-19,CP-00085,POS-000286,
GL-000123,ADVANCES_FUND,82532243373.48,INR,2025-06-20,CP-00080,POS-000269,
GL-000124,ADVANCES_FUND,6351925415.38,INR,2024-09-30,CP-00085,POS-000285,
GL-000125,ADVANCES_FUND,9769995843.79,INR,2024-05-20,CP-00081,POS-000274,
GL-000126,ADVANCES_FUND,12523081049.07,INR,2023-10-21,CP-00084,POS-000282,
GL-000127,ADVANCES_FUND,1172398300.87,INR,2024-03-01,CP-00076,POS-000257,
GL-000128,ADVANCES_FUND,745035314.95,INR,2025-07-14,CP-00083,POS-000280,
GL-000129,ADVANCES_FUND,6101087001.48,INR,2024-01-09,CP-00072,POS-000241,
GL-000130,ADVANCES_FUND,4274132915.59,INR,2025-11-29,CP-00083,POS-000279,
GL-000131,ADVANCES_FUND,6876964772.51,INR,2025-11-13,CP-00072,POS-000242,
GL-000132,ADVANCES_FUND,19016847209.96,INR,2025-06-03,CP-00077,POS-000262,
GL-000133,ADVANCES_FUND,935247794.48,INR,2024-11-17,CP-00084,POS-000283,
GL-000134,ADVANCES_FUND,11792127377.15,INR,2025-11-20,CP-00075,POS-000254,
GL-000135,ADVANCES_FUND,41316995394.29,INR,2023-10-19,CP-00082,POS-000276,
GL-000136,ADVANCES_FUND,10579900816.73,INR,2025-09-08,CP-00081,POS-000273,
GL-000137,ADVANCES_FUND,10313373151.8,INR,2025-04-27,CP-00081,POS-000272,
GL-000138,ADVANCES_FUND,23519151035.98,INR,2024-05-20,CP-00087,POS-000292,
GL-000139,ADVANCES_FUND,173292735960.41,INR,2024-09-11,CP-00092,POS-000310,
GL-000140,ADVANCES_FUND,26725496027.94,INR,2026-06-10,CP-00098,POS-000329,
GL-000141,ADVANCES_FUND,22568909443.84,INR,2026-05-12,CP-00095,POS-000321,
GL-000142,ADVANCES_FUND,6689307447.6,INR,2024-06-26,CP-00088,POS-000295,
GL-000143,ADVANCES_FUND,2105054451.34,INR,2023-12-06,CP-00088,POS-000297,
GL-000144,ADVANCES_FUND,1222721706.41,INR,2025-12-16,CP-00096,POS-000324,
GL-000145,ADVANCES_FUND,4722333365.04,INR,2026-05-11,CP-00089,POS-000300,
GL-000146,ADVANCES_FUND,116826371262.8,INR,2025-04-14,CP-00100,POS-000337,
GL-000147,ADVANCES_FUND,4741308632.13,INR,2025-07-22,CP-00098,POS-000330,
GL-000148,ADVANCES_FUND,26314447421.92,INR,2023-07-20,CP-00094,POS-000318,
GL-000149,ADVANCES_FUND,13176129661.5,INR,2023-09-21,CP-00091,POS-000306,
GL-000150,ADVANCES_FUND,21293973310.59,INR,2024-10-27,CP-00092,POS-000311,
GL-000151,ADVANCES_FUND,940814024.79,INR,2023-08-26,CP-00093,POS-000315,
GL-000152,ADVANCES_FUND,5821661153.58,INR,2025-10-23,CP-00088,POS-000296,
GL-000153,ADVANCES_FUND,77779507606.79,INR,2023-07-10,CP-00095,POS-000322,
GL-000154,ADVANCES_FUND,10270830903.13,INR,2025-02-26,CP-00097,POS-000326,
GL-000155,ADVANCES_FUND,2951345367.52,INR,2025-01-25,CP-00093,POS-000314,
GL-000156,ADVANCES_FUND,1360331695.91,INR,2026-05-06,CP-00089,POS-000301,
GL-000157,ADVANCES_FUND,9985560421.28,INR,2025-12-18,CP-00091,POS-000307,
GL-000158,ADVANCES_FUND,6032301150.12,INR,2025-11-30,CP-00090,POS-000304,
GL-000159,ADVANCES_FUND,9423243545.36,INR,2025-01-12,CP-00099,POS-000333,
GL-000160,ADVANCES_FUND,12639807487.52,INR,2025-12-05,CP-00086,POS-000289,
GL-000161,ADVANCES_FUND,55444269715.2,INR,2026-03-10,CP-00099,POS-000332,
GL-000162,ADVANCES_FUND,10386587201.29,INR,2024-09-06,CP-00099,POS-000334,
GL-000163,ADVANCES_FUND,5425543199.18,INR,2025-10-05,CP-00101,POS-000339,
GL-000164,ADVANCES_FUND,1027736443.36,INR,2023-12-20,CP-00111,POS-000376,
GL-000165,ADVANCES_FUND,258172220.71,INR,2024-10-14,CP-00107,POS-000361,
GL-000166,ADVANCES_FUND,56653371720.66,INR,2025-03-16,CP-00105,POS-000351,
GL-000167,ADVANCES_FUND,2026073089.26,INR,2026-06-16,CP-00112,POS-000381,
GL-000168,ADVANCES_FUND,13832343640.13,INR,2024-02-24,CP-00108,POS-000364,
GL-000169,ADVANCES_FUND,100632361757.76,INR,2025-02-06,CP-00108,POS-000366,
GL-000170,ADVANCES_FUND,3266870832.88,INR,2024-11-10,CP-00111,POS-000375,
GL-000171,ADVANCES_FUND,1540450011.65,INR,2023-12-20,CP-00114,POS-000386,
GL-000172,ADVANCES_FUND,32745717715.41,INR,2024-10-23,CP-00115,POS-000390,
GL-000173,ADVANCES_FUND,5510317859.91,INR,2023-09-18,CP-00109,POS-000369,
GL-000174,ADVANCES_FUND,3169509043.03,INR,2024-10-26,CP-00115,POS-000388,
GL-000175,ADVANCES_FUND,4294433795.81,INR,2025-06-20,CP-00112,POS-000380,
GL-000176,ADVANCES_FUND,1039549359.47,INR,2023-09-24,CP-00107,POS-000359,
GL-000177,ADVANCES_FUND,26819889479.35,INR,2024-07-27,CP-00103,POS-000344,
GL-000178,ADVANCES_FUND,24223080785.97,INR,2024-03-20,CP-00102,POS-000341,
GL-000179,ADVANCES_FUND,133508372981.29,INR,2025-10-25,CP-00110,POS-000372,
GL-000180,ADVANCES_FUND,15817038347.76,INR,2024-06-26,CP-00106,POS-000355,
GL-000181,ADVANCES_FUND,892502159.96,INR,2024-10-25,CP-00112,POS-000379,
GL-000182,ADVANCES_FUND,8761300140.48,INR,2026-03-07,CP-00103,POS-000345,
GL-000183,ADVANCES_FUND,1409005584.94,INR,2025-09-25,CP-00107,POS-000360,
GL-000184,ADVANCES_FUND,38373076624.31,INR,2023-10-06,CP-00115,POS-000389,
GL-000185,ADVANCES_FUND,75643510807.57,INR,2024-10-13,CP-00105,POS-000352,
GL-000186,ADVANCES_FUND,8678904253.34,INR,2024-03-05,CP-00113,POS-000383,
GL-000187,ADVANCES_FUND,9697870785.1,INR,2025-12-24,CP-00113,POS-000384,
GL-000188,ADVANCES_FUND,12788334053.38,INR,2025-11-04,CP-00106,POS-000356,
GL-000189,ADVANCES_FUND,3717618111.16,INR,2023-09-04,CP-00108,POS-000365,
GL-000190,ADVANCES_FUND,12999745196.15,INR,2025-03-27,CP-00104,POS-000348,
GL-000191,ADVANCES_FUND,17702643121.0,INR,2024-08-28,CP-00121,POS-000410,
GL-000192,ADVANCES_FUND,7372436673.29,INR,2025-05-16,CP-00118,POS-000399,
GL-000193,ADVANCES_FUND,3750571054.37,INR,2024-07-11,CP-00119,POS-000404,
GL-000194,ADVANCES_FUND,3589299565.39,INR,2026-01-04,CP-00117,POS-000396,
GL-000195,ADVANCES_FUND,480446642.51,INR,2024-01-06,CP-00120,POS-000407,
GL-000196,ADVANCES_FUND,2447352281.51,INR,2025-03-28,CP-00120,POS-000406,
GL-000197,ADVANCES_FUND,11793363086.49,INR,2025-03-27,CP-00119,POS-000402,
GL-000198,ADVANCES_FUND,8416830793.76,INR,2024-02-01,CP-00124,POS-000421,
GL-000199,ADVANCES_FUND,2415877082.44,INR,2024-11-07,CP-00122,POS-000414,
GL-000200,ADVANCES_FUND,1288058493.9,INR,2026-06-29,CP-00127,POS-000430,
GL-000201,ADVANCES_FUND,2084069683.12,INR,2024-10-05,CP-00126,POS-000428,
GL-000202,ADVANCES_FUND,9141272634.28,INR,2024-07-23,CP-00124,POS-000422,
GL-000203,ADVANCES_FUND,335986199.67,INR,2025-07-24,CP-00127,POS-000431,
GL-000204,ADVANCES_FUND,970867134.65,INR,2025-12-15,CP-00129,POS-000436,
GL-000205,ADVANCES_FUND,7577219582.47,INR,2026-05-03,CP-00119,POS-000403,
GL-000206,ADVANCES_FUND,457489459.85,INR,2023-12-17,CP-00125,POS-000425,
GL-000207,ADVANCES_FUND,1554020811.27,INR,2026-06-26,CP-00129,POS-000437,
GL-000208,ADVANCES_FUND,27499168315.92,INR,2024-09-30,CP-00116,POS-000393,
GL-000209,ADVANCES_FUND,1094354679.75,INR,2023-12-28,CP-00121,POS-000409,
GL-000210,ADVANCES_FUND,2256708061.19,INR,2025-06-10,CP-00128,POS-000434,
GL-000211,ADVANCES_FUND,80716575.96,INR,2025-11-23,CP-00117,POS-000397,
GL-000212,ADVANCES_FUND,6145000890.73,INR,2024-05-09,CP-00123,POS-000418,
GL-000213,ADVANCES_FUND,344970429.36,INR,2024-08-09,CP-00129,POS-000438,
GL-000214,ADVANCES_FUND,1517627512.32,INR,2026-06-14,CP-00122,POS-000413,
GL-000215,ADVANCES_FUND,5194297574.97,INR,2024-10-07,CP-00122,POS-000415,
GL-000216,ADVANCES_FUND,460651659.83,INR,2026-06-30,CP-00126,POS-000427,
GL-000217,ADVANCES_FUND,2484947047.27,INR,2026-01-13,CP-00140,POS-000468,
GL-000218,ADVANCES_FUND,5189414335.09,INR,2025-02-26,CP-00130,POS-000440,
GL-000219,ADVANCES_FUND,5352244443.91,INR,2026-06-01,CP-00142,POS-000475,
GL-000220,ADVANCES_FUND,1144945585.92,INR,2024-08-09,CP-00140,POS-000469,
GL-000221,ADVANCES_FUND,14568474502.88,INR,2024-10-20,CP-00135,POS-000455,
GL-000222,ADVANCES_FUND,5430753126.77,INR,2024-12-16,CP-00136,POS-000457,
GL-000223,ADVANCES_FUND,1836967393.2,INR,2026-05-28,CP-00137,POS-000459,
GL-000224,ADVANCES_FUND,161894044.2,INR,2024-03-17,CP-00133,POS-000449,
GL-000225,ADVANCES_FUND,2023985631.24,INR,2026-05-23,CP-00132,POS-000447,
GL-000226,ADVANCES_FUND,459886103.2,INR,2025-09-16,CP-00132,POS-000445,
GL-000227,ADVANCES_FUND,674342080.6,INR,2025-04-23,CP-00132,POS-000446,
GL-000228,ADVANCES_FUND,5414647429.19,INR,2024-05-23,CP-00134,POS-000452,
GL-000229,ADVANCES_FUND,1887127327.46,INR,2025-04-10,CP-00131,POS-000442,
GL-000230,ADVANCES_FUND,11802482142.46,INR,2024-01-18,CP-00139,POS-000465,
GL-000231,ADVANCES_FUND,10561584990.34,INR,2023-09-11,CP-00137,POS-000460,
GL-000232,ADVANCES_FUND,4166718946.23,INR,2024-03-15,CP-00141,POS-000472,
GL-000233,ADVANCES_FUND,13537058901.57,INR,2026-05-19,CP-00142,POS-000476,
GL-000234,ADVANCES_FUND,626799082.63,INR,2024-03-08,CP-00140,POS-000470,
GL-000235,ADVANCES_FUND,4406662348.67,INR,2025-11-17,CP-00138,POS-000462,
GL-000236,ADVANCES_FUND,335406865.05,INR,2023-11-01,CP-00133,POS-000450,
GL-000237,ADVANCES_FUND,239954586.98,INR,2023-07-25,CP-00139,POS-000466,
GL-000238,ADVANCES_FUND,3147203085.17,INR,2026-03-30,CP-00141,POS-000473,
GL-000239,ADVANCES_FUND,46760627447.67,INR,2025-11-11,CP-00146,POS-000488,
GL-000240,ADVANCES_FUND,3454593268.46,INR,2025-12-22,CP-00148,POS-000496,
GL-000241,ADVANCES_FUND,19573927928.76,INR,2024-04-10,CP-00145,POS-000485,
GL-000242,ADVANCES_FUND,54633525255.94,INR,2025-11-21,CP-00144,POS-000481,
GL-000243,ADVANCES_FUND,52157762.22,INR,2024-06-27,CP-00147,POS-000492,
GL-000244,ADVANCES_FUND,28939630144.21,INR,2025-06-17,CP-00150,POS-000504,
GL-000245,ADVANCES_FUND,12862521705.94,INR,2024-10-20,CP-00156,POS-000527,
GL-000246,ADVANCES_FUND,7225291330.27,INR,2023-11-17,CP-00151,POS-000507,
GL-000247,ADVANCES_FUND,1936578023.03,INR,2023-11-28,CP-00147,POS-000491,
GL-000248,ADVANCES_FUND,13047122766.99,INR,2026-06-18,CP-00148,POS-000495,
GL-000249,ADVANCES_FUND,3663411099.78,INR,2024-02-23,CP-00149,POS-000502,
GL-000250,ADVANCES_FUND,6515306981.66,INR,2023-08-19,CP-00152,POS-000510,
GL-000251,ADVANCES_FUND,1445796825.19,INR,2024-06-29,CP-00152,POS-000512,
GL-000252,ADVANCES_FUND,50362054780.74,INR,2025-12-08,CP-00150,POS-000505,
GL-000253,ADVANCES_FUND,3358907457.01,INR,2024-07-03,CP-00152,POS-000511,
GL-000254,ADVANCES_FUND,8158859981.75,INR,2024-08-03,CP-00155,POS-000525,
GL-000255,ADVANCES_FUND,1392103223.18,INR,2024-07-05,CP-00143,POS-000478,
GL-000256,ADVANCES_FUND,1395993920.79,INR,2025-03-18,CP-00144,POS-000482,
GL-000257,ADVANCES_FUND,72492177.35,INR,2024-12-02,CP-00149,POS-000501,
GL-000258,ADVANCES_FUND,4637280884.2,INR,2024-07-17,CP-00154,POS-000520,
GL-000259,ADVANCES_FUND,2193970861.74,INR,2025-02-08,CP-00154,POS-000521,
GL-000260,ADVANCES_FUND,2096572066.02,INR,2024-03-05,CP-00153,POS-000515,
GL-000261,ADVANCES_FUND,1384287366.4,INR,2024-05-14,CP-00153,POS-000516,
GL-000262,ADVANCES_FUND,2512661400.2,INR,2025-08-03,CP-00148,POS-000497,
GL-000263,ADVANCES_FUND,10665478507.62,INR,2024-08-31,CP-00155,POS-000524,
GL-000264,ADVANCES_FUND,135046832.88,INR,2024-03-24,CP-00154,POS-000519,
GL-000265,ADVANCES_FUND,23779059791.37,INR,2025-04-13,CP-00160,POS-000540,
GL-000266,ADVANCES_FUND,1568835763.33,INR,2025-11-20,CP-00161,POS-000542,
GL-000267,ADVANCES_FUND,4670300552.75,INR,2025-08-23,CP-00166,POS-000558,
GL-000268,ADVANCES_FUND,439155921.62,INR,2024-09-07,CP-00169,POS-000567,
GL-000269,ADVANCES_FUND,121458723682.15,INR,2023-08-24,CP-00164,POS-000552,
GL-000270,ADVANCES_FUND,305962036.08,INR,2024-02-26,CP-00158,POS-000534,
GL-000271,ADVANCES_FUND,235331089277.79,INR,2024-11-08,CP-00164,POS-000551,
GL-000272,ADVANCES_FUND,802328375.61,INR,2026-01-30,CP-00168,POS-000564,
GL-000273,ADVANCES_FUND,15580279.05,INR,2025-10-08,CP-00163,POS-000548,
GL-000274,ADVANCES_FUND,151508030.51,INR,2025-03-05,CP-00163,POS-000549,
GL-000275,ADVANCES_FUND,1662515872.86,INR,2025-10-03,CP-00162,POS-000545,
GL-000276,ADVANCES_FUND,307062354.16,INR,2024-06-06,CP-00157,POS-000530,
GL-000277,ADVANCES_FUND,55583575.97,INR,2025-05-26,CP-00169,POS-000566,
GL-000278,ADVANCES_FUND,41319029.04,INR,2023-12-30,CP-00158,POS-000533,
GL-000279,ADVANCES_FUND,2805034781.75,INR,2025-09-09,CP-00170,POS-000570,
GL-000280,ADVANCES_FUND,435597454.64,INR,2025-01-03,CP-00169,POS-000568,
GL-000281,ADVANCES_FUND,248904188.92,INR,2024-05-09,CP-00171,POS-000572,
GL-000282,ADVANCES_FUND,139878106.67,INR,2025-11-17,CP-00167,POS-000562,
GL-000283,ADVANCES_FUND,321859338.51,INR,2024-03-19,CP-00165,POS-000555,
GL-000284,ADVANCES_FUND,1202073504.31,INR,2024-09-27,CP-00157,POS-000531,
GL-000285,ADVANCES_FUND,3339971993.25,INR,2024-07-21,CP-00162,POS-000544,
GL-000286,ADVANCES_FUND,5353756089.68,INR,2025-02-18,CP-00159,POS-000537,
GL-000287,ADVANCES_FUND,246520258.62,INR,2026-04-19,CP-00184,POS-000616,
GL-000288,ADVANCES_FUND,146403000.66,INR,2026-01-31,CP-00177,POS-000591,
GL-000289,ADVANCES_FUND,6583075735.73,INR,2024-09-20,CP-00172,POS-000575,
GL-000290,ADVANCES_FUND,25286805418.37,INR,2025-11-18,CP-00173,POS-000578,
GL-000291,ADVANCES_FUND,225066767.33,INR,2026-05-21,CP-00181,POS-000605,
GL-000292,ADVANCES_FUND,2316751447.47,INR,2025-12-17,CP-00178,POS-000595,
GL-000293,ADVANCES_FUND,2845168181.16,INR,2024-03-06,CP-00185,POS-000620,
GL-000294,ADVANCES_FUND,1072899930.49,INR,2024-09-26,CP-00180,POS-000603,
GL-000295,ADVANCES_FUND,86532659012.67,INR,2025-05-08,CP-00185,POS-000619,
GL-000296,ADVANCES_FUND,1727004268.69,INR,2023-07-31,CP-00182,POS-000611,
GL-000297,ADVANCES_FUND,4826639364.81,INR,2025-05-04,CP-00174,POS-000582,
GL-000298,ADVANCES_FUND,47179398463.44,INR,2023-11-13,CP-00175,POS-000585,
GL-000299,ADVANCES_FUND,685763614.07,INR,2025-06-18,CP-00183,POS-000614,
GL-000300,ADVANCES_FUND,1222348393.36,INR,2026-06-03,CP-00180,POS-000602,
GL-000301,ADVANCES_FUND,1309082309.05,INR,2026-03-02,CP-00177,POS-000589,
GL-000302,ADVANCES_FUND,2329425046.07,INR,2025-09-04,CP-00178,POS-000593,
GL-000303,ADVANCES_FUND,1895942135.28,INR,2025-12-08,CP-00179,POS-000599,
GL-000304,ADVANCES_FUND,5464924156.1,INR,2026-01-09,CP-00177,POS-000590,
GL-000305,ADVANCES_FUND,336234196.14,INR,2025-05-07,CP-00181,POS-000606,
GL-000306,ADVANCES_FUND,67739697.32,INR,2023-07-28,CP-00181,POS-000607,
GL-000307,ADVANCES_FUND,11146366318.34,INR,2025-11-23,CP-00176,POS-000587,
GL-000308,ADVANCES_FUND,1030951181.83,INR,2025-10-16,CP-00179,POS-000600,
GL-000309,ADVANCES_FUND,1357324616.46,INR,2023-07-07,CP-00182,POS-000610,
GL-000310,ADVANCES_FUND,448560518.94,INR,2025-11-22,CP-00179,POS-000598,
GL-000311,ADVANCES_FUND,261774786.91,INR,2024-01-03,CP-00178,POS-000594,
GL-000312,ADVANCES_FUND,3471251555.76,INR,2024-08-20,CP-00173,POS-000579,
GL-000313,ADVANCES_FUND,1124395697.31,INR,2023-09-19,CP-00174,POS-000583,
GL-000314,ADVANCES_FUND,2751323927.64,INR,2024-10-29,CP-00173,POS-000580,
GL-000315,ADVANCES_FUND,129264784247.65,INR,2024-03-17,CP-00197,POS-000662,
GL-000316,ADVANCES_FUND,215407613.76,INR,2023-10-14,CP-00195,POS-000653,
GL-000317,ADVANCES_FUND,42118734335.96,INR,2024-09-09,CP-00197,POS-000661,
GL-000318,ADVANCES_FUND,432287055759.51,INR,2025-04-22,CP-00192,POS-000641,
GL-000319,ADVANCES_FUND,105824035138.08,INR,2025-03-18,CP-00193,POS-000645,
GL-000320,ADVANCES_FUND,10874784153.19,INR,2023-08-29,CP-00196,POS-000658,
GL-000321,ADVANCES_FUND,10938922862.39,INR,2026-01-16,CP-00200,POS-000672,
GL-000322,ADVANCES_FUND,8529539981359.92,INR,2023-11-05,CP-00189,POS-000630,
GL-000323,ADVANCES_FUND,111075565.63,INR,2025-03-25,CP-00195,POS-000655,
GL-000324,ADVANCES_FUND,90934789565.05,INR,2024-09-22,CP-00194,POS-000650,
GL-000325,ADVANCES_FUND,57904158384.76,INR,2024-06-30,CP-00196,POS-000657,
GL-000326,ADVANCES_FUND,84390489838.53,INR,2026-04-02,CP-00199,POS-000667,
GL-000327,ADVANCES_FUND,38610892912.52,INR,2026-01-19,CP-00187,POS-000625,
GL-000328,ADVANCES_FUND,30371121725.58,INR,2026-01-05,CP-00192,POS-000642,
GL-000329,ADVANCES_FUND,7400659471.35,INR,2024-02-29,CP-00188,POS-000627,
GL-000330,ADVANCES_FUND,1446333255.45,INR,2026-04-07,CP-00191,POS-000636,
GL-000331,ADVANCES_FUND,60299060163.71,INR,2024-08-31,CP-00186,POS-000622,
GL-000332,ADVANCES_FUND,2872105786.08,INR,2026-03-04,CP-00194,POS-000648,
GL-000333,ADVANCES_FUND,3809904231.04,INR,2024-03-12,CP-00201,POS-000675,
GL-000334,ADVANCES_FUND,6310961595.97,INR,2023-07-27,CP-00200,POS-000671,
GL-000335,ADVANCES_FUND,15809191319.81,INR,2025-04-03,CP-00199,POS-000668,
GL-000336,ADVANCES_FUND,37199431449.47,INR,2025-11-10,CP-00198,POS-000665,
GL-000337,ADVANCES_FUND,1228084499.5,INR,2025-02-28,CP-00191,POS-000637,
GL-000338,ADVANCES_FUND,121436152282.17,INR,2024-06-04,CP-00202,POS-000678,
GL-000339,ADVANCES_FUND,5523900317.86,INR,2024-04-25,CP-00195,POS-000654,
GL-000340,ADVANCES_FUND,5330713900.17,INR,2024-08-03,CP-00201,POS-000676,
GL-000341,ADVANCES_FUND,12393490467.92,INR,2024-10-01,CP-00190,POS-000632,
GL-000342,ADVANCES_FUND,15452998334.1,INR,2024-08-08,CP-00194,POS-000649,
GL-000343,ADVANCES_FUND,42892608359.12,INR,2025-11-05,CP-00193,POS-000646,
GL-000344,ADVANCES_FUND,38033955942.83,INR,2025-11-16,CP-00186,POS-000623,
GL-000345,ADVANCES_FUND,24262138082.88,INR,2023-09-15,CP-00191,POS-000638,
GL-000346,ADVANCES_FUND,21001571404.36,INR,2024-10-04,CP-00202,POS-000679,
GL-000347,ADVANCES_FUND,51231805673.68,INR,2023-12-01,CP-00202,POS-000680,
GL-000348,ADVANCES_FUND,11600337442.52,INR,2026-01-31,CP-00208,POS-000702,
GL-000349,ADVANCES_FUND,96171119151.82,INR,2023-12-11,CP-00212,POS-000715,
GL-000350,ADVANCES_FUND,5529304997.79,INR,2023-10-01,CP-00208,POS-000701,
GL-000351,ADVANCES_FUND,38810379987.58,INR,2023-12-19,CP-00210,POS-000708,
GL-000352,ADVANCES_FUND,19716830064.24,INR,2024-08-12,CP-00211,POS-000712,
GL-000353,ADVANCES_FUND,309848969724.24,INR,2023-12-07,CP-00207,POS-000699,
GL-000354,ADVANCES_FUND,2317580938.19,INR,2026-05-27,CP-00204,POS-000687,
GL-000355,ADVANCES_FUND,5610562593.59,INR,2024-01-18,CP-00217,POS-000732,
GL-000356,ADVANCES_FUND,13420554455.26,INR,2024-12-18,CP-00203,POS-000684,
GL-000357,ADVANCES_FUND,9025572423.14,INR,2023-08-16,CP-00204,POS-000688,
GL-000358,ADVANCES_FUND,7974272813.73,INR,2026-03-29,CP-00216,POS-000727,
GL-000359,ADVANCES_FUND,2020009826.06,INR,2023-09-16,CP-00205,POS-000692,
GL-000360,ADVANCES_FUND,1283100261.17,INR,2024-10-10,CP-00205,POS-000693,
GL-000361,ADVANCES_FUND,18716094941.01,INR,2026-03-09,CP-00206,POS-000696,
GL-000362,ADVANCES_FUND,155306182954.39,INR,2024-12-20,CP-00216,POS-000728,
GL-000363,ADVANCES_FUND,64435134521.16,INR,2026-05-21,CP-00211,POS-000711,
GL-000364,ADVANCES_FUND,41674862546.03,INR,2026-04-01,CP-00209,POS-000706,
GL-000365,ADVANCES_FUND,78636093471.13,INR,2024-11-25,CP-00214,POS-000721,
GL-000366,ADVANCES_FUND,19217935013.4,INR,2024-01-19,CP-00203,POS-000682,
GL-000367,ADVANCES_FUND,147688253640.19,INR,2026-03-04,CP-00212,POS-000716,
GL-000368,ADVANCES_FUND,2767663771.88,INR,2025-09-16,CP-00217,POS-000731,
GL-000369,ADVANCES_FUND,19457626854.92,INR,2025-04-28,CP-00215,POS-000724,
GL-000370,ADVANCES_FUND,4368119602.95,INR,2024-11-15,CP-00209,POS-000705,
GL-000371,ADVANCES_FUND,9743945943.86,INR,2026-06-30,CP-00205,POS-000691,
GL-000372,ADVANCES_FUND,20397576218.1,INR,2024-07-31,CP-00213,POS-000719,
GL-000373,ADVANCES_FUND,83618984801.63,INR,2025-01-01,CP-00212,POS-000714,
GL-000374,ADVANCES_FUND,6538431040.02,INR,2023-08-12,CP-00203,POS-000683,
GL-000375,ADVANCES_FUND,1442288524.69,INR,2023-09-28,CP-00219,POS-000737,
GL-000376,ADVANCES_FUND,5670346033.25,INR,2025-10-11,CP-00218,POS-000734,
GL-000377,ADVANCES_FUND,402934795.13,INR,2026-02-25,CP-00223,POS-000748,
GL-000378,ADVANCES_FUND,413014462.54,INR,2026-01-01,CP-00222,POS-000744,
GL-000379,ADVANCES_FUND,111057524.43,INR,2024-08-11,CP-00223,POS-000746,
GL-000380,ADVANCES_FUND,247810541.36,INR,2026-05-29,CP-00231,POS-000775,
GL-000381,ADVANCES_FUND,3548467265.3,INR,2026-03-10,CP-00231,POS-000777,
GL-000382,ADVANCES_FUND,1809534404.18,INR,2024-07-21,CP-00228,POS-000765,
GL-000383,ADVANCES_FUND,83876804682.57,INR,2026-01-22,CP-00221,POS-000742,
GL-000384,ADVANCES_FUND,1000381420.5,INR,2026-04-16,CP-00229,POS-000769,
GL-000385,ADVANCES_FUND,797681457.03,INR,2026-06-08,CP-00227,POS-000760,
GL-000386,ADVANCES_FUND,3965583844.49,INR,2024-05-19,CP-00219,POS-000738,
GL-000387,ADVANCES_FUND,911286641.62,INR,2025-05-29,CP-00229,POS-000768,
GL-000388,ADVANCES_FUND,1720074086.04,INR,2025-08-23,CP-00223,POS-000747,
GL-000389,ADVANCES_FUND,62190784.77,INR,2024-07-30,CP-00224,POS-000752,
GL-000390,ADVANCES_FUND,27914211584.03,INR,2025-12-26,CP-00228,POS-000764,
GL-000391,ADVANCES_FUND,2360674695.84,INR,2024-12-06,CP-00226,POS-000757,
GL-000392,ADVANCES_FUND,651944847.32,INR,2025-01-17,CP-00224,POS-000751,
GL-000393,ADVANCES_FUND,264220809.35,INR,2024-06-22,CP-00229,POS-000770,
GL-000394,ADVANCES_FUND,1030196452.81,INR,2024-08-16,CP-00225,POS-000754,
GL-000395,ADVANCES_FUND,270466649.9,INR,2024-06-21,CP-00220,POS-000740,
GL-000396,ADVANCES_FUND,32550416405.52,INR,2025-11-09,CP-00230,POS-000773,
GL-000397,ADVANCES_FUND,422354961.93,INR,2026-01-28,CP-00231,POS-000776,
GL-000398,ADVANCES_FUND,136783010.52,INR,2024-11-23,CP-00227,POS-000762,
GL-000399,ADVANCES_FUND,1031674114.86,INR,2026-04-29,CP-00227,POS-000761,
GL-000400,ADVANCES_FUND,47411972973.72,INR,2024-06-13,CP-00242,POS-000811,
GL-000401,ADVANCES_FUND,18499292497.72,INR,2025-02-18,CP-00238,POS-000802,
GL-000402,ADVANCES_FUND,2598998928.09,INR,2026-02-19,CP-00239,POS-000804,
GL-000403,ADVANCES_FUND,10305474968.49,INR,2024-09-01,CP-00245,POS-000818,
GL-000404,ADVANCES_FUND,21145392566.81,INR,2026-04-11,CP-00235,POS-000792,
GL-000405,ADVANCES_FUND,5989822333.59,INR,2025-10-21,CP-00234,POS-000788,
GL-000406,ADVANCES_FUND,26965058685.05,INR,2024-05-11,CP-00236,POS-000795,
GL-000407,ADVANCES_FUND,9364254572.44,INR,2025-10-30,CP-00245,POS-000817,
GL-000408,ADVANCES_FUND,150694433375.34,INR,2026-04-22,CP-00244,POS-000815,
GL-000409,ADVANCES_FUND,17946396258.61,INR,2023-08-14,CP-00246,POS-000821,
GL-000410,ADVANCES_FUND,50478106492.1,INR,2025-10-28,CP-00241,POS-000809,
GL-000411,ADVANCES_FUND,4235293069.79,INR,2024-12-14,CP-00238,POS-000801,
GL-000412,ADVANCES_FUND,4492092807.59,INR,2024-01-09,CP-00235,POS-000791,
GL-000413,ADVANCES_FUND,11683660565.31,INR,2023-07-13,CP-00234,POS-000787,
GL-000414,ADVANCES_FUND,17230272870.93,INR,2024-01-26,CP-00232,POS-000780,
GL-000415,ADVANCES_FUND,4675483637.77,INR,2025-06-24,CP-00232,POS-000779,
GL-000416,ADVANCES_FUND,28852742094.6,INR,2023-12-08,CP-00237,POS-000798,
GL-000417,ADVANCES_FUND,5285216887.89,INR,2026-06-17,CP-00233,POS-000783,
GL-000418,ADVANCES_FUND,25648551674.0,INR,2025-07-08,CP-00241,POS-000808,
GL-000419,ADVANCES_FUND,8058488257.32,INR,2025-11-24,CP-00240,POS-000806,
GL-000420,ADVANCES_FUND,472956526.64,INR,2024-11-29,CP-00233,POS-000784,
GL-000421,ADVANCES_FUND,2297972006.8,INR,2023-10-28,CP-00232,POS-000781,
GL-000422,ADVANCES_FUND,54079091241.19,INR,2024-03-06,CP-00243,POS-000813,
GL-000423,ADVANCES_FUND,22442174708.22,INR,2023-07-03,CP-00234,POS-000786,
GL-000424,ADVANCES_FUND,849467277.3,INR,2024-01-05,CP-00292,POS-000976,
GL-000425,ADVANCES_FUND,73058580.12,INR,2025-12-12,CP-00294,POS-000984,
GL-000426,ADVANCES_FUND,226176167.46,INR,2024-10-15,CP-00295,POS-000987,
GL-000427,ADVANCES_FUND,12332877876.4,INR,2023-09-01,CP-00296,POS-000991,
GL-000428,ADVANCES_FUND,413558050.98,INR,2025-03-04,CP-00290,POS-000969,
GL-000429,ADVANCES_FUND,81786831.21,INR,2024-12-23,CP-00294,POS-000983,
GL-000430,ADVANCES_FUND,790826122.67,INR,2026-01-12,CP-00291,POS-000972,
GL-000431,ADVANCES_FUND,757851198.25,INR,2024-11-29,CP-00298,POS-000999,
GL-000432,ADVANCES_FUND,8736726705.77,INR,2024-09-27,CP-00296,POS-000993,
GL-000433,ADVANCES_FUND,77856894.74,INR,2023-07-22,CP-00299,POS-001001,
GL-000434,ADVANCES_FUND,53040538.62,INR,2025-11-22,CP-00299,POS-001003,
GL-000435,ADVANCES_FUND,3379762850.04,INR,2025-05-25,CP-00299,POS-001002,
GL-000436,ADVANCES_FUND,36718656802.45,INR,2024-07-22,CP-00300,POS-001006,
GL-000437,ADVANCES_FUND,906711391.03,INR,2023-09-02,CP-00292,POS-000975,
GL-000438,ADVANCES_FUND,207224010.02,INR,2025-10-13,CP-00289,POS-000965,
GL-000439,ADVANCES_FUND,832895038.68,INR,2024-05-31,CP-00295,POS-000988,
GL-000440,ADVANCES_FUND,1169731671.07,INR,2023-11-11,CP-00297,POS-000997,
GL-000441,ADVANCES_FUND,12936333.16,INR,2024-08-06,CP-00289,POS-000967,
GL-000442,ADVANCES_FUND,1368533874.6,INR,2025-03-20,CP-00293,POS-000979,
GL-000443,ADVANCES_FUND,2000718241.44,INR,2025-10-17,CP-00293,POS-000978,
GL-000444,ADVANCES_FUND,22389856169.86,INR,2025-08-19,CP-00300,POS-001007,
GL-000445,ADVANCES_FUND,768551020.69,INR,2026-05-05,CP-00301,POS-001010,
GL-000446,ADVANCES_FUND,518596362.95,INR,2026-01-15,CP-00294,POS-000982,
GL-000447,ADVANCES_FUND,193734140.82,INR,2025-03-08,CP-00293,POS-000980,
GL-000448,ADVANCES_FUND,3363367.22,INR,2026-01-28,CP-00289,POS-000966,
GL-000449,ADVANCES_FUND,18002482.43,INR,2026-06-19,CP-00297,POS-000996,
GL-000450,ADVANCES_FUND,1804585920.24,INR,2025-02-27,CP-00252,POS-000842,
GL-000451,ADVANCES_FUND,2569115426.35,INR,2024-07-06,CP-00250,POS-000836,
GL-000452,ADVANCES_FUND,6198671831.56,INR,2023-07-21,CP-00251,POS-000839,
GL-000453,ADVANCES_FUND,754253002.3,INR,2024-02-18,CP-00253,POS-000846,
GL-000454,ADVANCES_FUND,6668515875.66,INR,2024-04-01,CP-00258,POS-000862,
GL-000455,ADVANCES_FUND,939487885.21,INR,2023-08-05,CP-00252,POS-000841,
GL-000456,ADVANCES_FUND,3327122419.46,INR,2024-06-06,CP-00255,POS-000852,
GL-000457,ADVANCES_FUND,10641625289.01,INR,2025-10-20,CP-00257,POS-000858,
GL-000458,ADVANCES_FUND,1654251420.58,INR,2024-04-26,CP-00247,POS-000824,
GL-000459,ADVANCES_FUND,829565018.41,INR,2025-07-13,CP-00256,POS-000854,
GL-000460,ADVANCES_FUND,1530120771.46,INR,2025-07-03,CP-00254,POS-000849,
GL-000461,ADVANCES_FUND,234727828.0,INR,2024-07-24,CP-00249,POS-000833,
GL-000462,ADVANCES_FUND,1929515803.1,INR,2025-07-20,CP-00256,POS-000855,
GL-000463,ADVANCES_FUND,370459599.1,INR,2026-06-04,CP-00249,POS-000832,
GL-000464,ADVANCES_FUND,420771630.94,INR,2023-07-02,CP-00253,POS-000845,
GL-000465,ADVANCES_FUND,2648786585.36,INR,2024-10-13,CP-00247,POS-000825,
GL-000466,ADVANCES_FUND,4867952938.77,INR,2024-06-27,CP-00248,POS-000829,
GL-000467,ADVANCES_FUND,56299441.84,INR,2024-01-27,CP-00254,POS-000850,
GL-000468,ADVANCES_FUND,2021339117.09,INR,2024-08-05,CP-00258,POS-000863,
GL-000469,ADVANCES_FUND,555635032.51,INR,2024-08-31,CP-00258,POS-000861,
GL-000470,ADVANCES_FUND,14045859897.53,INR,2024-02-14,CP-00248,POS-000828,
GL-000471,ADVANCES_FUND,8564437265.52,INR,2025-08-11,CP-00259,POS-000866,
GL-000472,ADVANCES_FUND,356151483.47,INR,2025-04-23,CP-00273,POS-000916,
GL-000473,ADVANCES_FUND,1583348596.3,INR,2024-08-03,CP-00267,POS-000892,
GL-000474,ADVANCES_FUND,13066901848.53,INR,2025-05-31,CP-00263,POS-000879,
GL-000475,ADVANCES_FUND,6851655274.1,INR,2025-06-02,CP-00267,POS-000893,
GL-000476,ADVANCES_FUND,46096630422.44,INR,2024-03-21,CP-00266,POS-000889,
GL-000477,ADVANCES_FUND,858741112.93,INR,2024-09-21,CP-00265,POS-000887,
GL-000478,ADVANCES_FUND,479740616.18,INR,2025-09-14,CP-00267,POS-000894,
GL-000479,ADVANCES_FUND,1946746002.95,INR,2025-04-10,CP-00260,POS-000870,
GL-000480,ADVANCES_FUND,23490237506.56,INR,2023-12-29,CP-00262,POS-000877,
GL-000481,ADVANCES_FUND,183335124.0,INR,2024-11-29,CP-00264,POS-000882,
GL-000482,ADVANCES_FUND,14056641192.59,INR,2026-04-08,CP-00272,POS-000910,
GL-000483,ADVANCES_FUND,6778161578.48,INR,2023-12-05,CP-00270,POS-000903,
GL-000484,ADVANCES_FUND,26649162766.09,INR,2024-04-10,CP-00271,POS-000906,
GL-000485,ADVANCES_FUND,3879604238.91,INR,2025-09-11,CP-00262,POS-000876,
GL-000486,ADVANCES_FUND,2101246191.59,INR,2023-08-08,CP-00264,POS-000883,
GL-000487,ADVANCES_FUND,5662790438.84,INR,2023-08-23,CP-00269,POS-000901,
GL-000488,ADVANCES_FUND,1090133241.41,INR,2023-07-06,CP-00269,POS-000900,
GL-000489,ADVANCES_FUND,5393480249.17,INR,2025-05-13,CP-00261,POS-000873,
GL-000490,ADVANCES_FUND,506938692.65,INR,2023-09-23,CP-00260,POS-000868,
GL-000491,ADVANCES_FUND,258499552.45,INR,2024-01-29,CP-00273,POS-000914,
GL-000492,ADVANCES_FUND,2507521647.19,INR,2023-11-20,CP-00260,POS-000869,
GL-000493,ADVANCES_FUND,1489506873.4,INR,2024-11-08,CP-00274,POS-000918,
GL-000494,ADVANCES_FUND,21613449443.86,INR,2025-08-29,CP-00271,POS-000908,
GL-000495,ADVANCES_FUND,2784833652.43,INR,2025-10-25,CP-00272,POS-000912,
GL-000496,ADVANCES_FUND,30705044270.06,INR,2023-08-07,CP-00262,POS-000875,
GL-000497,ADVANCES_FUND,523831216.85,INR,2024-12-27,CP-00265,POS-000886,
GL-000498,ADVANCES_FUND,3167898615.7,INR,2023-09-18,CP-00261,POS-000872,
GL-000499,ADVANCES_FUND,18889829415.8,INR,2024-10-31,CP-00268,POS-000897,
GL-000500,ADVANCES_FUND,929281942300.08,INR,2024-11-22,CP-00271,POS-000907,
GL-000501,ADVANCES_FUND,145144313.53,INR,2026-04-11,CP-00273,POS-000915,
GL-000502,ADVANCES_FUND,17727752121.45,INR,2025-04-16,CP-00272,POS-000911,
GL-000503,ADVANCES_FUND,3858751202.58,INR,2026-05-06,CP-00281,POS-000940,
GL-000504,ADVANCES_FUND,3193494552.57,INR,2025-12-09,CP-00284,POS-000949,
GL-000505,ADVANCES_FUND,3438508079.1,INR,2025-03-28,CP-00280,POS-000937,
GL-000506,ADVANCES_FUND,574274315.6,INR,2024-04-16,CP-00285,POS-000956,
GL-000507,ADVANCES_FUND,2389764907.72,INR,2024-06-22,CP-00276,POS-000924,
GL-000508,ADVANCES_FUND,1283822896.32,INR,2026-04-28,CP-00286,POS-000958,
GL-000509,ADVANCES_FUND,10031364523.55,INR,2023-10-15,CP-00287,POS-000960,
GL-000510,ADVANCES_FUND,502506574.73,INR,2024-11-06,CP-00276,POS-000923,
GL-000511,ADVANCES_FUND,25058244349.5,INR,2025-06-13,CP-00284,POS-000951,
GL-000512,ADVANCES_FUND,8516308349.09,INR,2025-05-07,CP-00276,POS-000922,
GL-000513,ADVANCES_FUND,8987452527.28,INR,2023-12-14,CP-00278,POS-000929,
GL-000514,ADVANCES_FUND,2478143179.15,INR,2025-02-06,CP-00280,POS-000936,
GL-000515,ADVANCES_FUND,13560600719.71,INR,2025-10-04,CP-00285,POS-000955,
GL-000516,ADVANCES_FUND,11573661175.21,INR,2025-03-22,CP-00282,POS-000944,
GL-000517,ADVANCES_FUND,10966329657.71,INR,2026-04-17,CP-00278,POS-000931,
GL-000518,ADVANCES_FUND,5537358158.39,INR,2026-01-14,CP-00279,POS-000934,
GL-000519,ADVANCES_FUND,203819377.64,INR,2025-07-21,CP-00285,POS-000954,
GL-000520,ADVANCES_FUND,2465824404.09,INR,2025-11-01,CP-00278,POS-000930,
GL-000521,ADVANCES_FUND,6716219844.83,INR,2025-06-13,CP-00277,POS-000927,
GL-000522,ADVANCES_FUND,1710072579.38,INR,2026-04-21,CP-00279,POS-000933,
GL-000523,ADVANCES_FUND,30329015.57,INR,2024-08-31,CP-00277,POS-000926,
GL-000524,ADVANCES_FUND,10599475363.74,INR,2026-02-24,CP-00288,POS-000962,
GL-000525,ADVANCES_FUND,91963055933.42,INR,2025-11-05,CP-00284,POS-000950,
GL-000526,ADVANCES_FUND,1152186533.39,INR,2023-07-26,CP-00281,POS-000941,
GL-000527,ADVANCES_FUND,16098438471.77,INR,2026-06-24,CP-00275,POS-000920,
GL-000528,ADVANCES_FUND,2263993307.96,INR,2025-08-28,CP-00283,POS-000946,
GL-000529,ADVANCES_FUND,4871031187.72,INR,2023-07-14,CP-00306,POS-001024,
GL-000530,ADVANCES_FUND,344373262507.03,INR,2026-05-30,CP-00309,POS-001038,
GL-000531,ADVANCES_FUND,8789895835.46,INR,2025-01-19,CP-00306,POS-001025,
GL-000532,ADVANCES_FUND,1851335002.64,INR,2026-05-09,CP-00313,POS-001050,
GL-000533,ADVANCES_FUND,5335710554.41,INR,2025-05-20,CP-00314,POS-001056,
GL-000534,ADVANCES_FUND,19318299546.94,INR,2025-07-28,CP-00302,POS-001014,
GL-000535,ADVANCES_FUND,2927614944.48,INR,2024-09-05,CP-00308,POS-001034,
GL-000536,ADVANCES_FUND,3619310538.44,INR,2023-10-09,CP-00307,POS-001030,
GL-000537,ADVANCES_FUND,7601689747.05,INR,2024-01-31,CP-00316,POS-001064,
GL-000538,ADVANCES_FUND,7688463170.37,INR,2026-04-22,CP-00305,POS-001021,
GL-000539,ADVANCES_FUND,108634086830.63,INR,2025-10-10,CP-00308,POS-001035,
GL-000540,ADVANCES_FUND,11440080256.18,INR,2025-09-02,CP-00302,POS-001013,
GL-000541,ADVANCES_FUND,21242475095.92,INR,2025-09-29,CP-00315,POS-001059,
GL-000542,ADVANCES_FUND,853329790.08,INR,2025-06-09,CP-00311,POS-001044,
GL-000543,ADVANCES_FUND,2773434137.4,INR,2024-09-04,CP-00314,POS-001055,
GL-000544,ADVANCES_FUND,2106076226.07,INR,2024-04-12,CP-00311,POS-001043,
GL-000545,ADVANCES_FUND,1017012430.92,INR,2023-09-05,CP-00313,POS-001052,
GL-000546,ADVANCES_FUND,3000238346.52,INR,2024-05-22,CP-00303,POS-001016,
GL-000547,ADVANCES_FUND,6615248198.84,INR,2025-08-08,CP-00310,POS-001041,
GL-000548,ADVANCES_FUND,159977424277.92,INR,2025-12-11,CP-00306,POS-001026,
GL-000549,ADVANCES_FUND,55842030076.85,INR,2025-05-14,CP-00316,POS-001062,
GL-000550,ADVANCES_FUND,25142940936.64,INR,2024-02-06,CP-00312,POS-001047,
GL-000551,ADVANCES_FUND,3554025347.14,INR,2023-07-09,CP-00313,POS-001051,
GL-000552,ADVANCES_FUND,9977911135.64,INR,2025-04-27,CP-00316,POS-001063,
GL-000553,ADVANCES_FUND,8262306086.23,INR,2025-12-20,CP-00315,POS-001060,
GL-000554,ADVANCES_FUND,273854282.79,INR,2026-06-25,CP-00307,POS-001029,
GL-000555,ADVANCES_FUND,7974342824.38,INR,2026-04-07,CP-00308,POS-001033,
GL-000556,ADVANCES_FUND,22533770685.31,INR,2024-08-02,CP-00304,POS-001018,
GL-000557,ADVANCES_FUND,7894920022.42,INR,2023-10-25,CP-00327,POS-001097,
GL-000558,ADVANCES_FUND,6303600326.91,INR,2025-04-03,CP-00330,POS-001105,
GL-000559,ADVANCES_FUND,452935311.83,INR,2023-12-26,CP-00319,POS-001073,
GL-000560,ADVANCES_FUND,6590218920.57,INR,2024-08-22,CP-00321,POS-001081,
GL-000561,ADVANCES_FUND,103395181106.73,INR,2026-02-05,CP-00329,POS-001102,
GL-000562,ADVANCES_FUND,2074128955.55,INR,2025-10-11,CP-00319,POS-001074,
GL-000563,ADVANCES_FUND,9626503957.1,INR,2023-08-18,CP-00325,POS-001092,
GL-000564,ADVANCES_FUND,52367780.44,INR,2023-10-02,CP-00319,POS-001075,
GL-000565,ADVANCES_FUND,3589848832.64,INR,2023-10-28,CP-00326,POS-001095,
GL-000566,ADVANCES_FUND,18779561034.52,INR,2025-05-06,CP-00328,POS-001100,
GL-000567,ADVANCES_FUND,2734134564.06,INR,2025-07-14,CP-00323,POS-001086,
GL-000568,ADVANCES_FUND,8037096541.13,INR,2024-01-30,CP-00324,POS-001089,
GL-000569,ADVANCES_FUND,3409026189.25,INR,2026-06-08,CP-00317,POS-001067,
GL-000570,ADVANCES_FUND,2861989098.06,INR,2023-10-22,CP-00322,POS-001084,
GL-000571,ADVANCES_FUND,83446363.14,INR,2024-09-07,CP-00318,POS-001070,
GL-000572,ADVANCES_FUND,99647101.17,INR,2024-08-07,CP-00320,POS-001078,
GL-000573,ADVANCES_FUND,51041912237.57,INR,2025-03-07,CP-00324,POS-001088,
GL-000574,ADVANCES_FUND,4763562223.01,INR,2023-07-24,CP-00318,POS-001069,
GL-000575,ADVANCES_FUND,1972819433.9,INR,2024-04-01,CP-00320,POS-001079,
GL-000576,ADVANCES_FUND,2757957683.55,INR,2024-10-19,CP-00334,POS-001120,
GL-000577,ADVANCES_FUND,655227077.31,INR,2024-04-06,CP-00332,POS-001111,
GL-000578,ADVANCES_FUND,20886639899.79,INR,2026-04-01,CP-00339,POS-001132,
GL-000579,ADVANCES_FUND,3041816513.67,INR,2024-05-01,CP-00334,POS-001119,
GL-000580,ADVANCES_FUND,4564825929.58,INR,2025-05-27,CP-00343,POS-001146,
GL-000581,ADVANCES_FUND,97265017519.48,INR,2024-11-11,CP-00331,POS-001108,
GL-000582,ADVANCES_FUND,19201470874.56,INR,2025-02-15,CP-00336,POS-001125,
GL-000583,ADVANCES_FUND,570265558.23,INR,2024-03-01,CP-00342,POS-001143,
GL-000584,ADVANCES_FUND,1108770540.0,INR,2025-12-07,CP-00333,POS-001116,
GL-000585,ADVANCES_FUND,5454077239.47,INR,2026-03-05,CP-00333,POS-001115,
GL-000586,ADVANCES_FUND,32417181797.03,INR,2025-04-07,CP-00335,POS-001123,
GL-000587,ADVANCES_FUND,20992617872.2,INR,2026-02-21,CP-00344,POS-001148,
GL-000588,ADVANCES_FUND,29348612335.99,INR,2025-10-08,CP-00341,POS-001140,
GL-000589,ADVANCES_FUND,3264104167.86,INR,2024-07-11,CP-00341,POS-001138,
GL-000590,ADVANCES_FUND,13417754785.31,INR,2024-01-16,CP-00342,POS-001142,
GL-000591,ADVANCES_FUND,158496177481.52,INR,2024-06-01,CP-00337,POS-001128,
GL-000592,ADVANCES_FUND,73557781166.95,INR,2025-07-18,CP-00338,POS-001130,
GL-000593,ADVANCES_FUND,6062213275.38,INR,2024-01-21,CP-00340,POS-001135,
GL-000594,ADVANCES_FUND,11265163804.74,INR,2025-04-12,CP-00340,POS-001134,
GL-000595,ADVANCES_FUND,10970218992.25,INR,2025-12-14,CP-00332,POS-001112,
GL-000596,ADVANCES_FUND,2941216416.55,INR,2024-03-24,CP-00341,POS-001139,
GL-000597,ADVANCES_FUND,5900489068.58,INR,2024-12-12,CP-00333,POS-001114,
GL-000598,ADVANCES_FUND,4160872676.01,INR,2026-05-08,CP-00347,POS-001157,
GL-000599,ADVANCES_FUND,11321584.84,INR,2024-11-16,CP-00353,POS-001181,
GL-000600,ADVANCES_FUND,429954624.14,INR,2024-09-03,CP-00356,POS-001190,
GL-000601,ADVANCES_FUND,6438165642.95,INR,2025-12-19,CP-00345,POS-001151,
GL-000602,ADVANCES_FUND,323228999.9,INR,2024-06-07,CP-00351,POS-001172,
GL-000603,ADVANCES_FUND,3402776083.28,INR,2026-04-29,CP-00357,POS-001195,
GL-000604,ADVANCES_FUND,778844070.48,INR,2024-04-21,CP-00351,POS-001171,
GL-000605,ADVANCES_FUND,1851323022.12,INR,2025-09-20,CP-00349,POS-001164,
GL-000606,ADVANCES_FUND,2029245517.08,INR,2025-10-28,CP-00349,POS-001162,
GL-000607,ADVANCES_FUND,487666005.04,INR,2025-11-27,CP-00353,POS-001180,
GL-000608,ADVANCES_FUND,578132411.58,INR,2023-11-22,CP-00346,POS-001153,
GL-000609,ADVANCES_FUND,5889036898.33,INR,2024-12-28,CP-00352,POS-001177,
GL-000610,ADVANCES_FUND,453364018.15,INR,2024-06-05,CP-00354,POS-001185,
GL-000611,ADVANCES_FUND,6574034712.48,INR,2025-11-19,CP-00352,POS-001176,
GL-000612,ADVANCES_FUND,7575245069.81,INR,2026-04-29,CP-00352,POS-001175,
GL-000613,ADVANCES_FUND,1247892980.7,INR,2026-05-20,CP-00348,POS-001160,
GL-000614,ADVANCES_FUND,3149694394.59,INR,2025-03-05,CP-00350,POS-001167,
GL-000615,ADVANCES_FUND,33096934216.73,INR,2025-07-08,CP-00357,POS-001193,
GL-000616,ADVANCES_FUND,863612912.71,INR,2024-03-12,CP-00349,POS-001163,
GL-000617,ADVANCES_FUND,3247556468.15,INR,2024-02-18,CP-00346,POS-001154,
GL-000618,ADVANCES_FUND,5630478555.48,INR,2025-07-25,CP-00357,POS-001194,
GL-000619,ADVANCES_FUND,1263195217.65,INR,2025-03-13,CP-00354,POS-001184,
GL-000620,ADVANCES_FUND,7922352695.62,INR,2025-05-09,CP-00350,POS-001168,
GL-000621,ADVANCES_FUND,705571222.17,INR,2024-06-21,CP-00355,POS-001188,
GL-000622,ADVANCES_FUND,12239413234.64,INR,2023-12-23,CP-00364,POS-001223,
GL-000623,ADVANCES_FUND,11324865847.18,INR,2025-02-17,CP-00358,POS-001200,
GL-000624,ADVANCES_FUND,46091776926.74,INR,2024-06-07,CP-00361,POS-001211,
GL-000625,ADVANCES_FUND,5619837447.86,INR,2024-12-13,CP-00363,POS-001219,
GL-000626,ADVANCES_FUND,489684356.13,INR,2025-09-07,CP-00372,POS-001246,
GL-000627,ADVANCES_FUND,15859860588.46,INR,2024-02-12,CP-00358,POS-001199,
GL-000628,ADVANCES_FUND,4612669587.54,INR,2025-12-01,CP-00368,POS-001234,
GL-000629,ADVANCES_FUND,499503971.8,INR,2025-10-28,CP-00364,POS-001222,
GL-000630,ADVANCES_FUND,34936267189.81,INR,2024-06-03,CP-00359,POS-001204,
GL-000631,ADVANCES_FUND,4176291945.0,INR,2024-05-14,CP-00362,POS-001214,
GL-000632,ADVANCES_FUND,3635994784.84,INR,2023-08-20,CP-00362,POS-001213,
GL-000633,ADVANCES_FUND,23523727439.75,INR,2024-05-13,CP-00369,POS-001238,
GL-000634,ADVANCES_FUND,3452606515.66,INR,2026-06-03,CP-00365,POS-001227,
GL-000635,ADVANCES_FUND,8493005733.78,INR,2023-12-13,CP-00371,POS-001243,
GL-000636,ADVANCES_FUND,163867735951.09,INR,2025-04-03,CP-00368,POS-001235,
GL-000637,ADVANCES_FUND,143331981.1,INR,2026-06-21,CP-00363,POS-001218,
GL-000638,ADVANCES_FUND,25302847011.44,INR,2024-10-04,CP-00359,POS-001205,
GL-000639,ADVANCES_FUND,63269534.69,INR,2025-12-26,CP-00365,POS-001226,
GL-000640,ADVANCES_FUND,74830931703.4,INR,2025-04-01,CP-00367,POS-001231,
GL-000641,ADVANCES_FUND,2175249571.34,INR,2025-01-31,CP-00360,POS-001207,
GL-000642,ADVANCES_FUND,87959358257.54,INR,2026-04-10,CP-00366,POS-001229,
GL-000643,ADVANCES_FUND,2421161219.62,INR,2023-12-12,CP-00359,POS-001203,
GL-000644,ADVANCES_FUND,31845875140.44,INR,2024-12-19,CP-00370,POS-001241,
GL-000645,ADVANCES_FUND,1452781423.65,INR,2023-08-09,CP-00360,POS-001209,
GL-000646,ADVANCES_FUND,14636337395.35,INR,2025-02-06,CP-00368,POS-001233,
GL-000647,ADVANCES_FUND,1378311072.46,INR,2024-09-17,CP-00372,POS-001247,
GL-000648,ADVANCES_FUND,3590304168.7,INR,2024-01-23,CP-00360,POS-001208,
GL-000649,ADVANCES_FUND,72598552821.16,INR,2025-03-24,CP-00375,POS-001257,
GL-000650,ADVANCES_FUND,2665132903.85,INR,2023-09-21,CP-00376,POS-001260,
GL-000651,ADVANCES_FUND,111035944480.33,INR,2024-05-16,CP-00373,POS-001251,
GL-000652,ADVANCES_FUND,3479772868.83,INR,2026-04-28,CP-00383,POS-001282,
GL-000653,ADVANCES_FUND,205045556.46,INR,2023-09-08,CP-00382,POS-001278,
GL-000654,ADVANCES_FUND,123162708.48,INR,2025-03-24,CP-00386,POS-001291,
GL-000655,ADVANCES_FUND,2877277663.2,INR,2024-10-08,CP-00379,POS-001270,
GL-000656,ADVANCES_FUND,689029493.19,INR,2026-06-30,CP-00378,POS-001267,
GL-000657,ADVANCES_FUND,263946259.51,INR,2025-07-26,CP-00374,POS-001254,
GL-000658,ADVANCES_FUND,43037416451.89,INR,2024-02-21,CP-00373,POS-001249,
GL-000659,ADVANCES_FUND,2691295408.34,INR,2025-07-03,CP-00387,POS-001295,
GL-000660,ADVANCES_FUND,644250461.52,INR,2025-12-31,CP-00386,POS-001290,
GL-000661,ADVANCES_FUND,3031595153.39,INR,2026-03-23,CP-00378,POS-001266,
GL-000662,ADVANCES_FUND,114208890.34,INR,2023-09-22,CP-00382,POS-001280,
GL-000663,ADVANCES_FUND,2716707886.24,INR,2024-01-22,CP-00377,POS-001263,
GL-000664,ADVANCES_FUND,1279813789.5,INR,2026-05-13,CP-00381,POS-001274,
GL-000665,ADVANCES_FUND,3353896451.69,INR,2023-09-21,CP-00386,POS-001292,
GL-000666,ADVANCES_FUND,257557818.32,INR,2024-01-14,CP-00382,POS-001279,
GL-000667,ADVANCES_FUND,1279604406.17,INR,2025-06-01,CP-00374,POS-001253,
GL-000668,ADVANCES_FUND,4042735035.14,INR,2024-07-11,CP-00384,POS-001286,
GL-000669,ADVANCES_FUND,27703503350.47,INR,2025-09-21,CP-00380,POS-001272,
GL-000670,ADVANCES_FUND,256371788.46,INR,2025-09-30,CP-00385,POS-001288,
GL-000671,ADVANCES_FUND,5998908934.65,INR,2024-05-09,CP-00383,POS-001283,
GL-000672,ADVANCES_FUND,397772998045.04,INR,2025-11-21,CP-00373,POS-001250,
GL-000673,ADVANCES_FUND,120497711.81,INR,2025-06-07,CP-00384,POS-001285,
GL-000674,ADVANCES_FUND,401120536.98,INR,2025-06-04,CP-00381,POS-001275,
GL-000675,ADVANCES_FUND,143153125.02,INR,2026-01-17,CP-00376,POS-001259,
GL-000676,ADVANCES_FUND,5729505104.92,INR,2025-06-19,CP-00397,POS-001329,
GL-000677,ADVANCES_FUND,129823760.12,INR,2024-11-12,CP-00391,POS-001308,
GL-000678,ADVANCES_FUND,1306849394.11,INR,2023-09-12,CP-00399,POS-001338,
GL-000679,ADVANCES_FUND,430870257.62,INR,2024-01-09,CP-00399,POS-001336,
GL-000680,ADVANCES_FUND,553149879.02,INR,2024-11-16,CP-00392,POS-001310,
GL-000681,ADVANCES_FUND,646253719.03,INR,2024-07-13,CP-00390,POS-001303,
GL-000682,ADVANCES_FUND,4701079974.21,INR,2023-08-13,CP-00396,POS-001325,
GL-000683,ADVANCES_FUND,455641232.88,INR,2024-02-09,CP-00398,POS-001333,
GL-000684,ADVANCES_FUND,1026257789.42,INR,2025-04-01,CP-00391,POS-001307,
GL-000685,ADVANCES_FUND,1141137415.42,INR,2024-06-02,CP-00392,POS-001311,
GL-000686,ADVANCES_FUND,3751166673.34,INR,2025-07-05,CP-00395,POS-001321,
GL-000687,ADVANCES_FUND,1310661764.58,INR,2023-09-26,CP-00394,POS-001318,
GL-000688,ADVANCES_FUND,2179707559.71,INR,2026-03-20,CP-00401,POS-001344,
GL-000689,ADVANCES_FUND,8004835874.31,INR,2025-10-27,CP-00389,POS-001301,
GL-000690,ADVANCES_FUND,2618504505.72,INR,2025-06-17,CP-00389,POS-001300,
GL-000691,ADVANCES_FUND,50223107.69,INR,2025-11-21,CP-00394,POS-001317,
GL-000692,ADVANCES_FUND,3891356572.51,INR,2024-09-17,CP-00399,POS-001337,
GL-000693,ADVANCES_FUND,693802480.93,INR,2024-05-11,CP-00394,POS-001319,
GL-000694,ADVANCES_FUND,1644867631.63,INR,2023-10-29,CP-00398,POS-001332,
GL-000695,ADVANCES_FUND,653065775.1,INR,2024-12-28,CP-00396,POS-001324,
GL-000696,ADVANCES_FUND,7819571697.85,INR,2024-08-19,CP-00393,POS-001313,
GL-000697,ADVANCES_FUND,6673844280.67,INR,2024-09-12,CP-00389,POS-001299,
GL-000698,ADVANCES_FUND,1967696678.33,INR,2026-06-27,CP-00390,POS-001304,
GL-000699,ADVANCES_FUND,3385211241.34,INR,2024-05-16,CP-00393,POS-001314,
GL-000700,ADVANCES_FUND,4221152590.62,INR,2026-06-05,CP-00391,POS-001306,
GL-000701,ADVANCES_FUND,1701302766.76,INR,2024-11-08,CP-00395,POS-001322,
GL-000702,ADVANCES_FUND,93853131644.21,INR,2023-07-02,CP-00388,POS-001297,
GL-000703,ADVANCES_FUND,20578728627.93,INR,2024-02-19,CP-00400,POS-001341,
GL-000704,ADVANCES_FUND,59071881730.27,INR,2024-03-31,CP-00411,POS-001382,
GL-000705,ADVANCES_FUND,102998884435.18,INR,2026-04-09,CP-00406,POS-001365,
GL-000706,ADVANCES_FUND,13301431620.29,INR,2024-02-07,CP-00415,POS-001395,
GL-000707,ADVANCES_FUND,2177730251.62,INR,2024-06-15,CP-00403,POS-001352,
GL-000708,ADVANCES_FUND,16053220849.95,INR,2025-04-15,CP-00406,POS-001363,
GL-000709,ADVANCES_FUND,46031180662.17,INR,2024-12-31,CP-00410,POS-001378,
GL-000710,ADVANCES_FUND,4755851571.81,INR,2026-04-10,CP-00405,POS-001359,
GL-000711,ADVANCES_FUND,101409885862.58,INR,2025-11-18,CP-00402,POS-001347,
GL-000712,ADVANCES_FUND,131283705434.61,INR,2025-10-04,CP-00410,POS-001379,
GL-000713,ADVANCES_FUND,102826718425.51,INR,2023-11-12,CP-00411,POS-001381,
GL-000714,ADVANCES_FUND,18072000037.85,INR,2026-02-27,CP-00416,POS-001400,
GL-000715,ADVANCES_FUND,13911321237.95,INR,2025-08-15,CP-00403,POS-001351,
GL-000716,ADVANCES_FUND,18805143738.29,INR,2026-02-06,CP-00405,POS-001360,
GL-000717,ADVANCES_FUND,920084189.99,INR,2025-08-23,CP-00415,POS-001396,
GL-000718,ADVANCES_FUND,83800558559.57,INR,2026-06-19,CP-00409,POS-001374,
GL-000719,ADVANCES_FUND,65718952442.73,INR,2025-09-05,CP-00414,POS-001391,
GL-000720,ADVANCES_FUND,17968153208.86,INR,2024-04-29,CP-00404,POS-001355,
GL-000721,ADVANCES_FUND,43091610962.47,INR,2024-03-12,CP-00416,POS-001399,
GL-000722,ADVANCES_FUND,81787098093.98,INR,2025-05-11,CP-00412,POS-001385,
GL-000723,ADVANCES_FUND,24943097361.94,INR,2024-05-18,CP-00407,POS-001367,
GL-000724,ADVANCES_FUND,3263133709.0,INR,2024-08-22,CP-00410,POS-001377,
GL-000725,ADVANCES_FUND,2337485180.42,INR,2023-10-16,CP-00409,POS-001373,
GL-000726,ADVANCES_FUND,34290683194.44,INR,2024-01-31,CP-00407,POS-001368,
GL-000727,ADVANCES_FUND,37677363927.22,INR,2025-10-22,CP-00417,POS-001403,
GL-000728,ADVANCES_FUND,381644405265.44,INR,2024-09-24,CP-00412,POS-001386,
GL-000729,ADVANCES_FUND,57012503829.2,INR,2024-02-20,CP-00413,POS-001388,
GL-000730,ADVANCES_FUND,127207840132.83,INR,2025-07-31,CP-00406,POS-001364,
GL-000731,ADVANCES_FUND,88320141630.02,INR,2024-10-11,CP-00415,POS-001394,
GL-000732,ADVANCES_FUND,182175661707.97,INR,2025-04-18,CP-00408,POS-001370,
GL-000733,ADVANCES_FUND,10335052831.03,INR,2025-07-27,CP-00405,POS-001361,
GL-000734,ADVANCES_FUND,124319717564.13,INR,2025-11-24,CP-00412,POS-001384,
GL-000735,ADVANCES_FUND,35787020404.62,INR,2026-05-23,CP-00404,POS-001356,
GL-000736,ADVANCES_FUND,1330362757.09,INR,2024-03-31,CP-00403,POS-001350,
GL-000737,ADVANCES_FUND,58758117188.97,INR,2024-01-16,CP-00416,POS-001401,
GL-000738,ADVANCES_FUND,8491312513.76,INR,2025-12-03,CP-00422,POS-001418,
GL-000739,ADVANCES_FUND,23310795400.72,INR,2024-11-24,CP-00420,POS-001412,
GL-000740,ADVANCES_FUND,3542885293.47,INR,2023-11-22,CP-00418,POS-001406,
GL-000741,ADVANCES_FUND,1581770818.51,INR,2024-04-30,CP-00431,POS-001451,
GL-000742,ADVANCES_FUND,588907928.36,INR,2024-06-28,CP-00425,POS-001431,
GL-000743,ADVANCES_FUND,4396482264.68,INR,2026-03-20,CP-00420,POS-001411,
GL-000744,ADVANCES_FUND,4212617220.97,INR,2023-11-12,CP-00430,POS-001447,
GL-000745,ADVANCES_FUND,131628525.9,INR,2023-07-19,CP-00424,POS-001426,
GL-000746,ADVANCES_FUND,2606005939.54,INR,2024-10-01,CP-00420,POS-001413,
GL-000747,ADVANCES_FUND,7037918182.22,INR,2025-06-27,CP-00419,POS-001409,
GL-000748,ADVANCES_FUND,889177947.01,INR,2024-07-05,CP-00425,POS-001430,
GL-000749,ADVANCES_FUND,135818987.41,INR,2024-07-27,CP-00426,POS-001434,
GL-000750,ADVANCES_FUND,396432384.83,INR,2023-09-17,CP-00419,POS-001408,
GL-000751,ADVANCES_FUND,1129310748.25,INR,2026-03-01,CP-00429,POS-001444,
GL-000752,ADVANCES_FUND,213703942.24,INR,2024-12-13,CP-00428,POS-001442,
GL-000753,ADVANCES_FUND,24011148830.61,INR,2024-05-15,CP-00421,POS-001416,
GL-000754,ADVANCES_FUND,1848515171.97,INR,2025-06-13,CP-00426,POS-001435,
GL-000755,ADVANCES_FUND,4837528442.71,INR,2023-12-23,CP-00424,POS-001424,
GL-000756,ADVANCES_FUND,855901186.72,INR,2026-04-21,CP-00426,POS-001436,
GL-000757,ADVANCES_FUND,2238085587.93,INR,2026-03-07,CP-00427,POS-001439,
GL-000758,ADVANCES_FUND,17346880288.6,INR,2024-02-16,CP-00423,POS-001421,
GL-000759,ADVANCES_FUND,21605548730.58,INR,2026-02-13,CP-00425,POS-001429,
GL-000760,ADVANCES_FUND,6910191463.99,INR,2025-03-29,CP-00428,POS-001441,
GL-000761,ADVANCES_FUND,8030556459.38,INR,2025-08-27,CP-00431,POS-001449,
GL-000762,ADVANCES_FUND,1619749197.1,INR,2024-06-07,CP-00424,POS-001425,
GL-000763,ADVANCES_FUND,3855735660.63,INR,2026-06-17,CP-00418,POS-001405,
GL-000764,ADVANCES_FUND,2969326887.37,INR,2025-06-05,CP-00431,POS-001450,
GL-000765,ADVANCES_FUND,165510405.76,INR,2023-07-17,CP-00430,POS-001446,
GL-000766,ADVANCES_FUND,605153588.79,INR,2025-05-23,CP-00427,POS-001438,
GL-000767,ADVANCES_FUND,37584856593.91,INR,2025-05-07,CP-00602,POS-002051,
GL-000768,ADVANCES_FUND,12640392530.24,INR,2026-01-09,CP-00591,POS-002011,
GL-000769,ADVANCES_FUND,33723443370.64,INR,2025-05-27,CP-00600,POS-002047,
GL-000770,ADVANCES_FUND,205570871223.51,INR,2025-04-23,CP-00596,POS-002032,
GL-000771,ADVANCES_FUND,79691934914.04,INR,2025-10-27,CP-00603,POS-002055,
GL-000772,ADVANCES_FUND,33234475415.39,INR,2023-07-24,CP-00591,POS-002013,
GL-000773,ADVANCES_FUND,100273371577.39,INR,2025-08-28,CP-00601,POS-002049,
GL-000774,ADVANCES_FUND,15113797247.72,INR,2025-12-14,CP-00604,POS-002059,
GL-000775,ADVANCES_FUND,17979735264.71,INR,2024-11-07,CP-00592,POS-002015,
GL-000776,ADVANCES_FUND,181607040192.24,INR,2025-07-16,CP-00597,POS-002035,
GL-000777,ADVANCES_FUND,12337576640.97,INR,2025-02-18,CP-00592,POS-002017,
GL-000778,ADVANCES_FUND,392912437824.32,INR,2024-04-27,CP-00595,POS-002030,
GL-000779,ADVANCES_FUND,150972091242.81,INR,2026-04-06,CP-00594,POS-002024,
GL-000780,ADVANCES_FUND,196706480237.28,INR,2024-12-20,CP-00593,POS-002020,
GL-000781,ADVANCES_FUND,125865222965.08,INR,2026-06-07,CP-00595,POS-002029,
GL-000782,ADVANCES_FUND,75206078644.25,INR,2026-05-13,CP-00593,POS-002021,
GL-000783,ADVANCES_FUND,212219634583.68,INR,2026-03-21,CP-00598,POS-002039,
GL-000784,ADVANCES_FUND,27957267977.12,INR,2026-01-04,CP-00593,POS-002022,
GL-000785,ADVANCES_FUND,68290824535.94,INR,2025-06-13,CP-00599,POS-002041,
GL-000786,ADVANCES_FUND,4673794450.21,INR,2023-09-10,CP-00590,POS-002007,
GL-000787,ADVANCES_FUND,8539382453.64,INR,2023-10-12,CP-00599,POS-002042,
GL-000788,ADVANCES_FUND,110354465853.75,INR,2026-03-10,CP-00594,POS-002025,
GL-000789,ADVANCES_FUND,309220093762.36,INR,2023-07-11,CP-00595,POS-002028,
GL-000790,ADVANCES_FUND,1033384261.96,INR,2024-08-04,CP-00603,POS-002054,
GL-000791,ADVANCES_FUND,8984788713.95,INR,2024-11-01,CP-00604,POS-002057,
GL-000792,ADVANCES_FUND,11297841214.69,INR,2024-02-14,CP-00590,POS-002006,
GL-000793,ADVANCES_FUND,34581307999.84,INR,2025-01-16,CP-00600,POS-002045,
GL-000794,ADVANCES_FUND,71676856320.12,INR,2025-09-13,CP-00599,POS-002043,
GL-000795,ADVANCES_FUND,57980381142.65,INR,2024-11-28,CP-00590,POS-002008,
GL-000796,ADVANCES_FUND,152822244833.85,INR,2024-04-28,CP-00592,POS-002016,
GL-000797,ADVANCES_FUND,178358977824.75,INR,2024-06-13,CP-00605,POS-002062,
GL-000798,ADVANCES_FUND,21375664691.02,INR,2025-12-26,CP-00591,POS-002012,
GL-000799,ADVANCES_FUND,75301101674.1,INR,2023-09-07,CP-00600,POS-002046,
GL-000800,ADVANCES_FUND,21275981821.86,INR,2025-08-23,CP-00604,POS-002058,
GL-000801,ADVANCES_FUND,918763900.62,INR,2024-08-18,CP-00444,POS-001494,
GL-000802,ADVANCES_FUND,4481646374.71,INR,2024-05-20,CP-00441,POS-001487,
GL-000803,ADVANCES_FUND,19851912769.18,INR,2024-12-05,CP-00436,POS-001469,
GL-000804,ADVANCES_FUND,10131495629.62,INR,2025-07-18,CP-00434,POS-001460,
GL-000805,ADVANCES_FUND,1921234932.13,INR,2024-11-20,CP-00440,POS-001485,
GL-000806,ADVANCES_FUND,846364943.77,INR,2023-08-12,CP-00439,POS-001478,
GL-000807,ADVANCES_FUND,6835894436.39,INR,2026-06-14,CP-00443,POS-001492,
GL-000808,ADVANCES_FUND,683890674.05,INR,2025-11-18,CP-00442,POS-001490,
GL-000809,ADVANCES_FUND,82534058.55,INR,2024-12-31,CP-00432,POS-001455,
GL-000810,ADVANCES_FUND,3262348388.6,INR,2025-06-24,CP-00444,POS-001495,
GL-000811,ADVANCES_FUND,10358196562.9,INR,2024-08-16,CP-00437,POS-001472,
GL-000812,ADVANCES_FUND,548370878.24,INR,2025-06-01,CP-00438,POS-001475,
GL-000813,ADVANCES_FUND,8189162433.75,INR,2024-07-09,CP-00434,POS-001461,
GL-000814,ADVANCES_FUND,2179931599.51,INR,2026-03-06,CP-00432,POS-001454,
GL-000815,ADVANCES_FUND,1756879594.78,INR,2025-07-02,CP-00436,POS-001467,
GL-000816,ADVANCES_FUND,764706891.72,INR,2024-06-02,CP-00435,POS-001464,
GL-000817,ADVANCES_FUND,12253695110.34,INR,2025-01-30,CP-00433,POS-001457,
GL-000818,ADVANCES_FUND,202949008.12,INR,2024-05-10,CP-00438,POS-001476,
GL-000819,ADVANCES_FUND,281188112.99,INR,2024-08-03,CP-00440,POS-001484,
GL-000820,ADVANCES_FUND,3023176223.07,INR,2025-07-06,CP-00436,POS-001468,
GL-000821,ADVANCES_FUND,1526886858.39,INR,2025-03-19,CP-00437,POS-001473,
GL-000822,ADVANCES_FUND,238473325.9,INR,2023-08-09,CP-00435,POS-001465,
GL-000823,ADVANCES_FUND,3411989211.82,INR,2023-08-12,CP-00440,POS-001483,
GL-000824,ADVANCES_FUND,4567643354.26,INR,2026-05-23,CP-00439,POS-001479,
GL-000825,ADVANCES_FUND,1973764726.6,INR,2024-05-19,CP-00439,POS-001480,
GL-000826,ADVANCES_FUND,4385814565.54,INR,2023-08-14,CP-00451,POS-001519,
GL-000827,ADVANCES_FUND,4838272341.16,INR,2025-12-31,CP-00454,POS-001529,
GL-000828,ADVANCES_FUND,7602718713.95,INR,2025-11-01,CP-00453,POS-001524,
GL-000829,ADVANCES_FUND,21237280456.48,INR,2025-08-08,CP-00445,POS-001500,
GL-000830,ADVANCES_FUND,4131394079.72,INR,2026-03-07,CP-00445,POS-001499,
GL-000831,ADVANCES_FUND,236818957.7,INR,2024-07-26,CP-00457,POS-001540,
GL-000832,ADVANCES_FUND,741079990.18,INR,2024-12-03,CP-00451,POS-001520,
GL-000833,ADVANCES_FUND,26206684455.77,INR,2024-10-28,CP-00449,POS-001512,
GL-000834,ADVANCES_FUND,3925731485.61,INR,2023-10-11,CP-00455,POS-001532,
GL-000835,ADVANCES_FUND,7780843337.86,INR,2025-03-13,CP-00445,POS-001498,
GL-000836,ADVANCES_FUND,1006418071.29,INR,2025-07-25,CP-00447,POS-001506,
GL-000837,ADVANCES_FUND,5018869995.05,INR,2025-05-15,CP-00456,POS-001535,
GL-000838,ADVANCES_FUND,2484897065.09,INR,2024-02-05,CP-00448,POS-001509,
GL-000839,ADVANCES_FUND,6350183039.94,INR,2024-11-29,CP-00450,POS-001514,
GL-000840,ADVANCES_FUND,329618758.04,INR,2025-12-27,CP-00447,POS-001504,
GL-000841,ADVANCES_FUND,3058268844.14,INR,2024-06-05,CP-00455,POS-001533,
GL-000842,ADVANCES_FUND,390586588.97,INR,2024-04-05,CP-00447,POS-001505,
GL-000843,ADVANCES_FUND,137929901.74,INR,2025-09-30,CP-00454,POS-001528,
GL-000844,ADVANCES_FUND,850317762.88,INR,2024-10-29,CP-00454,POS-001527,
GL-000845,ADVANCES_FUND,956566523.11,INR,2024-10-21,CP-00450,POS-001516,
GL-000846,ADVANCES_FUND,4146113990.93,INR,2025-12-21,CP-00452,POS-001522,
GL-000847,ADVANCES_FUND,205141630.74,INR,2026-06-21,CP-00457,POS-001539,
GL-000848,ADVANCES_FUND,21231765234.6,INR,2024-05-05,CP-00446,POS-001502,
GL-000849,ADVANCES_FUND,29253442993.0,INR,2024-08-26,CP-00456,POS-001536,
GL-000850,ADVANCES_FUND,643692713.45,INR,2024-05-10,CP-00457,POS-001541,
GL-000851,ADVANCES_FUND,1605048503.05,INR,2025-05-13,CP-00450,POS-001515,
GL-000852,ADVANCES_FUND,2034426353.81,INR,2024-03-17,CP-00465,POS-001567,
GL-000853,ADVANCES_FUND,1041591664.57,INR,2024-03-08,CP-00460,POS-001549,
GL-000854,ADVANCES_FUND,7809276548.16,INR,2025-03-25,CP-00460,POS-001548,
GL-000855,ADVANCES_FUND,14988396081.16,INR,2023-09-09,CP-00466,POS-001569,
GL-000856,ADVANCES_FUND,507980691.2,INR,2023-09-27,CP-00458,POS-001543,
GL-000857,ADVANCES_FUND,219980525.69,INR,2024-01-29,CP-00461,POS-001552,
GL-000858,ADVANCES_FUND,375506561.78,INR,2024-01-21,CP-00461,POS-001553,
GL-000859,ADVANCES_FUND,1605775013.96,INR,2024-07-17,CP-00470,POS-001587,
GL-000860,ADVANCES_FUND,5285941050.57,INR,2026-03-18,CP-00462,POS-001557,
GL-000861,ADVANCES_FUND,304783956.26,INR,2025-08-23,CP-00468,POS-001577,
GL-000862,ADVANCES_FUND,27016994685.68,INR,2024-03-11,CP-00467,POS-001572,
GL-000863,ADVANCES_FUND,768863216.33,INR,2025-07-08,CP-00468,POS-001576,
GL-000864,ADVANCES_FUND,1930812953.41,INR,2025-12-24,CP-00470,POS-001586,
GL-000865,ADVANCES_FUND,1671105595.07,INR,2023-08-28,CP-00469,POS-001582,
GL-000866,ADVANCES_FUND,18516779334.77,INR,2025-01-12,CP-00464,POS-001562,
GL-000867,ADVANCES_FUND,419956153.11,INR,2023-12-01,CP-00461,POS-001551,
GL-000868,ADVANCES_FUND,1300583281.03,INR,2025-08-23,CP-00470,POS-001585,
GL-000869,ADVANCES_FUND,478556916.76,INR,2025-06-02,CP-00462,POS-001556,
GL-000870,ADVANCES_FUND,78731728.61,INR,2025-06-20,CP-00468,POS-001575,
GL-000871,ADVANCES_FUND,1227284016.94,INR,2025-05-18,CP-00469,POS-001581,
GL-000872,ADVANCES_FUND,14917470282.63,INR,2025-03-08,CP-00464,POS-001564,
GL-000873,ADVANCES_FUND,3945281685.79,INR,2025-08-09,CP-00463,POS-001560,
GL-000874,ADVANCES_FUND,1234570295.36,INR,2024-01-21,CP-00469,POS-001580,
GL-000875,ADVANCES_FUND,11157709900.59,INR,2025-07-08,CP-00460,POS-001547,
GL-000876,ADVANCES_FUND,1930431022.46,INR,2025-03-04,CP-00459,POS-001545,
GL-000877,ADVANCES_FUND,24015210484.29,INR,2023-12-01,CP-00464,POS-001563,
GL-000878,ADVANCES_FUND,41552532285.18,INR,2025-05-07,CP-00476,POS-001606,
GL-000879,ADVANCES_FUND,6246393810.06,INR,2023-10-13,CP-00473,POS-001595,
GL-000880,ADVANCES_FUND,68933990531.68,INR,2023-11-10,CP-00482,POS-001628,
GL-000881,ADVANCES_FUND,20947072952.72,INR,2024-03-09,CP-00485,POS-001637,
GL-000882,ADVANCES_FUND,6906872588.22,INR,2026-03-06,CP-00482,POS-001627,
GL-000883,ADVANCES_FUND,16292420756.44,INR,2025-01-09,CP-00477,POS-001611,
GL-000884,ADVANCES_FUND,1892707450.12,INR,2025-01-17,CP-00483,POS-001632,
GL-000885,ADVANCES_FUND,362253575982.17,INR,2024-08-01,CP-00478,POS-001614,
GL-000886,ADVANCES_FUND,3182393555.4,INR,2023-12-18,CP-00484,POS-001634,
GL-000887,ADVANCES_FUND,36759876064.21,INR,2025-07-14,CP-00471,POS-001589,
GL-000888,ADVANCES_FUND,25405172765.33,INR,2024-10-29,CP-00484,POS-001635,
GL-000889,ADVANCES_FUND,18766578371.6,INR,2025-09-15,CP-00483,POS-001631,
GL-000890,ADVANCES_FUND,26043864772.36,INR,2025-11-12,CP-00472,POS-001591,
GL-000891,ADVANCES_FUND,22861656992.04,INR,2025-07-22,CP-00480,POS-001620,
GL-000892,ADVANCES_FUND,7162221325.37,INR,2024-04-16,CP-00475,POS-001603,
GL-000893,ADVANCES_FUND,7280259763.43,INR,2025-03-08,CP-00472,POS-001592,
GL-000894,ADVANCES_FUND,3064013817.04,INR,2024-06-14,CP-00479,POS-001616,
GL-000895,ADVANCES_FUND,2624541867.63,INR,2024-06-04,CP-00475,POS-001602,
GL-000896,ADVANCES_FUND,1700139589.35,INR,2025-05-30,CP-00480,POS-001619,
GL-000897,ADVANCES_FUND,26796706412.67,INR,2023-08-20,CP-00477,POS-001610,
GL-000898,ADVANCES_FUND,25198233743.18,INR,2026-05-11,CP-00476,POS-001607,
GL-000899,ADVANCES_FUND,2856022773.64,INR,2023-10-22,CP-00479,POS-001617,
GL-000900,ADVANCES_FUND,14781000791.11,INR,2026-06-22,CP-00474,POS-001598,
GL-000901,ADVANCES_FUND,748393683.71,INR,2025-05-08,CP-00473,POS-001594,
GL-000902,ADVANCES_FUND,113754009712.0,INR,2024-01-09,CP-00478,POS-001613,
GL-000903,ADVANCES_FUND,33490247643.33,INR,2024-06-11,CP-00481,POS-001623,
GL-000904,ADVANCES_FUND,967277365.37,INR,2026-01-21,CP-00498,POS-001681,
GL-000905,ADVANCES_FUND,2486162547.64,INR,2026-06-28,CP-00488,POS-001645,
GL-000906,ADVANCES_FUND,22366069604.12,INR,2024-10-25,CP-00497,POS-001675,
GL-000907,ADVANCES_FUND,7014044365.28,INR,2025-06-07,CP-00497,POS-001676,
GL-000908,ADVANCES_FUND,9169709108.83,INR,2025-05-16,CP-00496,POS-001672,
GL-000909,ADVANCES_FUND,229556674421.25,INR,2024-12-20,CP-00493,POS-001662,
GL-000910,ADVANCES_FUND,937218783.84,INR,2024-11-17,CP-00487,POS-001643,
GL-000911,ADVANCES_FUND,416207001318.89,INR,2026-06-29,CP-00495,POS-001670,
GL-000912,ADVANCES_FUND,8277930531.72,INR,2026-03-05,CP-00487,POS-001642,
GL-000913,ADVANCES_FUND,2347684605.13,INR,2024-02-17,CP-00498,POS-001679,
GL-000914,ADVANCES_FUND,31926208578.6,INR,2023-08-21,CP-00489,POS-001650,
GL-000915,ADVANCES_FUND,25952449709.0,INR,2023-12-27,CP-00490,POS-001654,
GL-000916,ADVANCES_FUND,1694301652.86,INR,2023-10-12,CP-00499,POS-001684,
GL-000917,ADVANCES_FUND,159016058922.76,INR,2025-02-08,CP-00494,POS-001666,
GL-000918,ADVANCES_FUND,2310122058.3,INR,2024-01-08,CP-00488,POS-001646,
GL-000919,ADVANCES_FUND,860607757.64,INR,2023-11-07,CP-00487,POS-001641,
GL-000920,ADVANCES_FUND,3520177147.1,INR,2023-10-27,CP-00489,POS-001649,
GL-000921,ADVANCES_FUND,5587480519.63,INR,2026-01-18,CP-00499,POS-001686,
GL-000922,ADVANCES_FUND,5568426785.36,INR,2026-01-21,CP-00491,POS-001656,
GL-000923,ADVANCES_FUND,40465278736.57,INR,2025-04-16,CP-00500,POS-001689,
GL-000924,ADVANCES_FUND,10274977662.19,INR,2024-12-26,CP-00499,POS-001685,
GL-000925,ADVANCES_FUND,79799486109.16,INR,2023-08-16,CP-00491,POS-001657,
GL-000926,ADVANCES_FUND,24901324166.79,INR,2025-07-17,CP-00494,POS-001667,
GL-000927,ADVANCES_FUND,8363896938.82,INR,2024-01-02,CP-00492,POS-001660,
GL-000928,ADVANCES_FUND,5833716390.18,INR,2023-11-02,CP-00491,POS-001658,
GL-000929,ADVANCES_FUND,1092799769.38,INR,2023-08-09,CP-00498,POS-001680,
GL-000930,ADVANCES_FUND,98865754170.49,INR,2025-12-05,CP-00486,POS-001639,
GL-000931,ADVANCES_FUND,52348360273.08,INR,2025-10-09,CP-00493,POS-001663,
GL-000932,ADVANCES_FUND,30776271414.13,INR,2024-06-17,CP-00501,POS-001692,
GL-000933,ADVANCES_FUND,2397622681.27,INR,2026-02-20,CP-00506,POS-001708,
GL-000934,ADVANCES_FUND,41729829906.86,INR,2024-08-23,CP-00512,POS-001732,
GL-000935,ADVANCES_FUND,46205388399.11,INR,2025-08-01,CP-00509,POS-001722,
GL-000936,ADVANCES_FUND,35430455363.73,INR,2025-12-15,CP-00504,POS-001700,
GL-000937,ADVANCES_FUND,40362319239.94,INR,2025-01-30,CP-00501,POS-001691,
GL-000938,ADVANCES_FUND,53608642096.54,INR,2024-02-19,CP-00508,POS-001718,
GL-000939,ADVANCES_FUND,31166276120.26,INR,2026-06-30,CP-00511,POS-001730,
GL-000940,ADVANCES_FUND,3639906299.17,INR,2025-06-07,CP-00511,POS-001729,
GL-000941,ADVANCES_FUND,9255513845.11,INR,2023-09-26,CP-00505,POS-001703,
GL-000942,ADVANCES_FUND,10866130258.31,INR,2025-04-25,CP-00510,POS-001726,
GL-000943,ADVANCES_FUND,32315647213.83,INR,2026-03-14,CP-00515,POS-001740,
GL-000944,ADVANCES_FUND,64742505430.98,INR,2025-03-18,CP-00504,POS-001701,
GL-000945,ADVANCES_FUND,110225279961.07,INR,2024-06-13,CP-00504,POS-001699,
GL-000946,ADVANCES_FUND,56568943374.02,INR,2023-07-06,CP-00510,POS-001727,
GL-000947,ADVANCES_FUND,24991183251.89,INR,2024-08-11,CP-00502,POS-001695,
GL-000948,ADVANCES_FUND,17540132812.9,INR,2026-05-06,CP-00513,POS-001735,
GL-000949,ADVANCES_FUND,78757207407.24,INR,2024-01-27,CP-00508,POS-001716,
GL-000950,ADVANCES_FUND,57592549.05,INR,2024-02-27,CP-00509,POS-001721,
GL-000951,ADVANCES_FUND,4662974202.14,INR,2024-07-17,CP-00513,POS-001734,
GL-000952,ADVANCES_FUND,1385394961.9,INR,2023-10-23,CP-00505,POS-001704,
GL-000953,ADVANCES_FUND,293844861244.75,INR,2024-03-10,CP-00507,POS-001713,
GL-000954,ADVANCES_FUND,6387630691.53,INR,2025-10-19,CP-00503,POS-001697,
GL-000955,ADVANCES_FUND,192859788684.55,INR,2025-03-26,CP-00508,POS-001717,
GL-000956,ADVANCES_FUND,19994702589.69,INR,2024-12-22,CP-00514,POS-001738,
GL-000957,ADVANCES_FUND,3738074654.21,INR,2026-04-22,CP-00524,POS-001773,
GL-000958,ADVANCES_FUND,93942358430.71,INR,2026-03-09,CP-00517,POS-001745,
GL-000959,ADVANCES_FUND,159605745.85,INR,2025-05-31,CP-00520,POS-001756,
GL-000960,ADVANCES_FUND,2683641960.08,INR,2025-02-07,CP-00528,POS-001790,
GL-000961,ADVANCES_FUND,4557589153.92,INR,2024-11-30,CP-00528,POS-001788,
GL-000962,ADVANCES_FUND,1694595548.37,INR,2023-10-19,CP-00529,POS-001793,
GL-000963,ADVANCES_FUND,9454831788.6,INR,2024-03-17,CP-00529,POS-001794,
GL-000964,ADVANCES_FUND,16649408841.13,INR,2025-03-24,CP-00528,POS-001789,
GL-000965,ADVANCES_FUND,7140313821.18,INR,2025-06-29,CP-00523,POS-001768,
GL-000966,ADVANCES_FUND,4319845888.34,INR,2024-05-11,CP-00525,POS-001779,
GL-000967,ADVANCES_FUND,27485610752.2,INR,2025-09-02,CP-00526,POS-001782,
GL-000968,ADVANCES_FUND,4499144851.96,INR,2023-11-06,CP-00522,POS-001765,
GL-000969,ADVANCES_FUND,1252540862.52,INR,2024-02-26,CP-00524,POS-001774,
GL-000970,ADVANCES_FUND,1067082869.02,INR,2024-06-13,CP-00517,POS-001744,
GL-000971,ADVANCES_FUND,848482614.06,INR,2025-09-30,CP-00524,POS-001775,
GL-000972,ADVANCES_FUND,34185373216.18,INR,2024-08-19,CP-00518,POS-001749,
GL-000973,ADVANCES_FUND,577882920953.56,INR,2024-01-14,CP-00530,POS-001797,
GL-000974,ADVANCES_FUND,3082103642.49,INR,2026-04-13,CP-00527,POS-001785,
GL-000975,ADVANCES_FUND,3361135335.85,INR,2025-12-19,CP-00523,POS-001769,
GL-000976,ADVANCES_FUND,31594791202.47,INR,2024-12-13,CP-00521,POS-001761,
GL-000977,ADVANCES_FUND,16311607458.59,INR,2025-06-02,CP-00530,POS-001798,
GL-000978,ADVANCES_FUND,9610094605.64,INR,2024-05-14,CP-00519,POS-001753,
GL-000979,ADVANCES_FUND,2592972753.89,INR,2025-04-17,CP-00519,POS-001752,
GL-000980,ADVANCES_FUND,15147320303.98,INR,2023-07-05,CP-00520,POS-001758,
GL-000981,ADVANCES_FUND,3563770361.1,INR,2025-08-07,CP-00527,POS-001784,
GL-000982,ADVANCES_FUND,18961969177.51,INR,2025-06-01,CP-00519,POS-001754,
GL-000983,ADVANCES_FUND,63748069802.07,INR,2026-06-27,CP-00530,POS-001799,
GL-000984,ADVANCES_FUND,4842705485.14,INR,2025-10-02,CP-00516,POS-001742,
GL-000985,ADVANCES_FUND,6450020233.35,INR,2025-10-16,CP-00517,POS-001746,
GL-000986,ADVANCES_FUND,684017686.04,INR,2024-03-17,CP-00529,POS-001792,
GL-000987,ADVANCES_FUND,310001841.44,INR,2023-12-27,CP-00533,POS-001811,
GL-000988,ADVANCES_FUND,1632787284.15,INR,2025-08-05,CP-00543,POS-001850,
GL-000989,ADVANCES_FUND,4636812504.04,INR,2024-02-15,CP-00536,POS-001820,
GL-000990,ADVANCES_FUND,7639841818.28,INR,2025-03-23,CP-00531,POS-001802,
GL-000991,ADVANCES_FUND,31343805170.16,INR,2026-03-09,CP-00532,POS-001806,
GL-000992,ADVANCES_FUND,997377636.62,INR,2025-01-28,CP-00539,POS-001833,
GL-000993,ADVANCES_FUND,7824853050.84,INR,2025-10-19,CP-00541,POS-001840,
GL-000994,ADVANCES_FUND,1312781499.93,INR,2025-08-15,CP-00539,POS-001832,
GL-000995,ADVANCES_FUND,8210218174.83,INR,2024-12-11,CP-00540,POS-001836,
GL-000996,ADVANCES_FUND,8028365442.86,INR,2024-02-16,CP-00542,POS-001844,
GL-000997,ADVANCES_FUND,5714745272.23,INR,2024-09-26,CP-00533,POS-001809,
GL-000998,ADVANCES_FUND,9885516046.49,INR,2025-10-29,CP-00537,POS-001824,
GL-000999,ADVANCES_FUND,3734602321.29,INR,2024-05-06,CP-00537,POS-001826,
GL-001000,ADVANCES_FUND,14791979345.84,INR,2024-05-29,CP-00532,POS-001807,
GL-001001,ADVANCES_FUND,2485975073.72,INR,2025-10-14,CP-00542,POS-001843,
GL-001002,ADVANCES_FUND,4924969386.36,INR,2023-12-11,CP-00535,POS-001818,
GL-001003,ADVANCES_FUND,471725088.2,INR,2023-12-20,CP-00543,POS-001849,
GL-001004,ADVANCES_FUND,519189846.31,INR,2024-09-07,CP-00536,POS-001821,
GL-001005,ADVANCES_FUND,1004097010.06,INR,2025-08-10,CP-00531,POS-001801,
GL-001006,ADVANCES_FUND,27130652697.64,INR,2025-06-08,CP-00534,POS-001815,
GL-001007,ADVANCES_FUND,35432870176.61,INR,2025-03-06,CP-00534,POS-001814,
GL-001008,ADVANCES_FUND,4999637974.18,INR,2025-12-07,CP-00540,POS-001837,
GL-001009,ADVANCES_FUND,4274345371.21,INR,2025-07-31,CP-00533,POS-001810,
GL-001010,ADVANCES_FUND,2529411348.36,INR,2026-02-03,CP-00532,POS-001805,
GL-001011,ADVANCES_FUND,66668536889.45,INR,2026-01-12,CP-00537,POS-001825,
GL-001012,ADVANCES_FUND,517731002.74,INR,2024-04-07,CP-00542,POS-001845,
GL-001013,ADVANCES_FUND,19609283925.6,INR,2026-02-10,CP-00544,POS-001852,
GL-001014,ADVANCES_FUND,4941575160.47,INR,2025-02-02,CP-00543,POS-001848,
GL-001015,ADVANCES_FUND,7073111640.08,INR,2025-03-17,CP-00538,POS-001829,
GL-001016,ADVANCES_FUND,15470739751.59,INR,2025-10-05,CP-00546,POS-001859,
GL-001017,ADVANCES_FUND,1323572811.14,INR,2025-11-18,CP-00556,POS-001896,
GL-001018,ADVANCES_FUND,563212838.52,INR,2024-10-11,CP-00556,POS-001895,
GL-001019,ADVANCES_FUND,4778576388.29,INR,2025-04-16,CP-00548,POS-001865,
GL-001020,ADVANCES_FUND,460270949.48,INR,2024-08-30,CP-00554,POS-001889,
GL-001021,ADVANCES_FUND,2159026099.85,INR,2023-09-23,CP-00557,POS-001899,
GL-001022,ADVANCES_FUND,13571110729.57,INR,2024-11-06,CP-00558,POS-001901,
GL-001023,ADVANCES_FUND,18510829180.17,INR,2025-06-06,CP-00546,POS-001861,
GL-001024,ADVANCES_FUND,30156942655.14,INR,2023-11-22,CP-00559,POS-001905,
GL-001025,ADVANCES_FUND,418824595.61,INR,2025-03-07,CP-00556,POS-001894,
GL-001026,ADVANCES_FUND,128190117039.98,INR,2024-09-06,CP-00553,POS-001885,
GL-001027,ADVANCES_FUND,2160685346.09,INR,2026-02-02,CP-00552,POS-001882,
GL-001028,ADVANCES_FUND,38358876639.25,INR,2024-12-21,CP-00549,POS-001869,
GL-001029,ADVANCES_FUND,5012314129.71,INR,2025-03-21,CP-00554,POS-001888,
GL-001030,ADVANCES_FUND,28157079151.81,INR,2026-02-16,CP-00550,POS-001874,
GL-001031,ADVANCES_FUND,45793574606.67,INR,2025-11-11,CP-00557,POS-001898,
GL-001032,ADVANCES_FUND,4848440191.16,INR,2024-05-21,CP-00550,POS-001875,
GL-001033,ADVANCES_FUND,19123233687.49,INR,2025-12-15,CP-00550,POS-001873,
GL-001034,ADVANCES_FUND,107587567674.44,INR,2026-02-06,CP-00552,POS-001881,
GL-001035,ADVANCES_FUND,2984531627.63,INR,2026-04-28,CP-00549,POS-001868,
GL-001036,ADVANCES_FUND,1607009466.08,INR,2026-06-01,CP-00545,POS-001856,
GL-001037,ADVANCES_FUND,9277011310.94,INR,2025-03-12,CP-00555,POS-001892,
GL-001038,ADVANCES_FUND,19938178446.06,INR,2025-01-12,CP-00547,POS-001863,
GL-001039,ADVANCES_FUND,97243294040.0,INR,2024-08-16,CP-00545,POS-001857,
GL-001040,ADVANCES_FUND,1931479775.35,INR,2024-10-12,CP-00551,POS-001877,
GL-001041,ADVANCES_FUND,1719457619.77,INR,2024-11-20,CP-00545,POS-001855,
GL-001042,ADVANCES_FUND,3753918375.68,INR,2023-07-03,CP-00552,POS-001880,
GL-001043,ADVANCES_FUND,510837041.36,INR,2025-09-30,CP-00549,POS-001870,
GL-001044,ADVANCES_FUND,17477025608.55,INR,2024-05-12,CP-00546,POS-001860,
GL-001045,ADVANCES_FUND,1783162222.62,INR,2026-04-04,CP-00559,POS-001904,
GL-001046,ADVANCES_FUND,5524237651.77,INR,2023-12-18,CP-00562,POS-001916,
GL-001047,ADVANCES_FUND,2482064002.84,INR,2024-05-28,CP-00562,POS-001914,
GL-001048,ADVANCES_FUND,19550636091.28,INR,2024-10-30,CP-00567,POS-001931,
GL-001049,ADVANCES_FUND,27326825498.3,INR,2024-09-06,CP-00573,POS-001952,
GL-001050,ADVANCES_FUND,25567812923.27,INR,2026-06-22,CP-00572,POS-001948,
GL-001051,ADVANCES_FUND,3026024463.94,INR,2025-01-28,CP-00562,POS-001915,
GL-001052,ADVANCES_FUND,1242810598.74,INR,2025-12-06,CP-00572,POS-001947,
GL-001053,ADVANCES_FUND,1004613430.1,INR,2024-07-17,CP-00564,POS-001921,
GL-001054,ADVANCES_FUND,11576518533.99,INR,2023-09-15,CP-00571,POS-001944,
GL-001055,ADVANCES_FUND,108538887127.92,INR,2024-11-26,CP-00569,POS-001936,
GL-001056,ADVANCES_FUND,12118722246.54,INR,2024-09-07,CP-00571,POS-001942,
GL-001057,ADVANCES_FUND,159120709.38,INR,2024-06-30,CP-00565,POS-001924,
GL-001058,ADVANCES_FUND,75640455038.18,INR,2023-09-17,CP-00561,POS-001911,
GL-001059,ADVANCES_FUND,18806793648.28,INR,2026-05-20,CP-00567,POS-001929,
GL-001060,ADVANCES_FUND,1903500041.12,INR,2025-07-26,CP-00564,POS-001920,
GL-001061,ADVANCES_FUND,76387795916.68,INR,2025-09-10,CP-00566,POS-001927,
GL-001062,ADVANCES_FUND,15874728180.32,INR,2024-05-07,CP-00570,POS-001938,
GL-001063,ADVANCES_FUND,24892814096.24,INR,2025-02-25,CP-00560,POS-001908,
GL-001064,ADVANCES_FUND,9227570931.21,INR,2024-03-07,CP-00563,POS-001918,
GL-001065,ADVANCES_FUND,2145706943.52,INR,2025-01-29,CP-00572,POS-001949,
GL-001066,ADVANCES_FUND,129231674334.52,INR,2023-07-28,CP-00567,POS-001930,
GL-001067,ADVANCES_FUND,23255973460.65,INR,2024-03-13,CP-00568,POS-001934,
GL-001068,ADVANCES_FUND,16318557840.41,INR,2026-06-11,CP-00570,POS-001939,
GL-001069,ADVANCES_FUND,42222296550.98,INR,2023-07-14,CP-00571,POS-001943,
GL-001070,ADVANCES_FUND,2479270490.29,INR,2023-08-23,CP-00565,POS-001925,
GL-001071,ADVANCES_FUND,5473789249.51,INR,2026-05-14,CP-00574,POS-001954,
GL-001072,ADVANCES_FUND,91678429505.16,INR,2024-06-16,CP-00577,POS-001965,
GL-001073,ADVANCES_FUND,6693191118.52,INR,2024-11-28,CP-00584,POS-001988,
GL-001074,ADVANCES_FUND,8824386798.14,INR,2026-04-07,CP-00587,POS-001996,
GL-001075,ADVANCES_FUND,511958446.67,INR,2024-03-14,CP-00582,POS-001982,
GL-001076,ADVANCES_FUND,121543551967.34,INR,2025-11-03,CP-00585,POS-001992,
GL-001077,ADVANCES_FUND,16379177985.9,INR,2023-10-24,CP-00581,POS-001977,
GL-001078,ADVANCES_FUND,45276995305.0,INR,2024-02-14,CP-00578,POS-001970,
GL-001079,ADVANCES_FUND,7738858641.73,INR,2025-05-28,CP-00583,POS-001986,
GL-001080,ADVANCES_FUND,49898669799.25,INR,2025-03-11,CP-00586,POS-001994,
GL-001081,ADVANCES_FUND,5474827709.67,INR,2026-06-03,CP-00578,POS-001969,
GL-001082,ADVANCES_FUND,1885839400.51,INR,2025-01-01,CP-00575,POS-001958,
GL-001083,ADVANCES_FUND,4141982448.35,INR,2026-04-28,CP-00587,POS-001998,
GL-001084,ADVANCES_FUND,10268245730.2,INR,2023-07-15,CP-00576,POS-001961,
GL-001085,ADVANCES_FUND,1032430584.01,INR,2024-07-30,CP-00575,POS-001959,
GL-001086,ADVANCES_FUND,6044071656.51,INR,2025-10-16,CP-00584,POS-001989,
GL-001087,ADVANCES_FUND,12324029280.08,INR,2024-02-01,CP-00581,POS-001978,
GL-001088,ADVANCES_FUND,10606754781.93,INR,2026-06-09,CP-00576,POS-001963,
GL-001089,ADVANCES_FUND,40695106256.11,INR,2024-11-06,CP-00583,POS-001985,
GL-001090,ADVANCES_FUND,36577042668.96,INR,2026-03-01,CP-00578,POS-001968,
GL-001091,ADVANCES_FUND,676427781.21,INR,2026-05-02,CP-00582,POS-001983,
GL-001092,ADVANCES_FUND,2480050209.03,INR,2025-10-06,CP-00576,POS-001962,
GL-001093,ADVANCES_FUND,97750501549.64,INR,2025-08-12,CP-00588,POS-002001,
GL-001094,ADVANCES_FUND,4284712577.49,INR,2024-04-27,CP-00582,POS-001981,
GL-001095,ADVANCES_FUND,172130716268.46,INR,2023-10-29,CP-00589,POS-002004,
GL-001096,ADVANCES_FUND,11753660049.8,INR,2024-03-03,CP-00579,POS-001973,
GL-001097,ADVANCES_FUND,2771588577.88,INR,2024-04-11,CP-00587,POS-001997,
GL-001098,ADVANCES_FUND,28976609940.25,INR,2024-10-19,CP-00585,POS-001991,
GL-001099,ADVANCES_FUND,15224582962.2,INR,2025-05-20,CP-00580,POS-001975,
GL-001100,NPA_SUBSTANDARD,434936437.79,INR,2025-10-23,CP-00145,POS-000486,
GL-001101,NPA_PROVISION,-184392103.35,INR,2026-06-30,CP-00145,POS-000486,
GL-001102,NPA_SUBSTANDARD,1753618694.5,INR,2026-05-10,CP-00123,POS-000419,
GL-001103,NPA_PROVISION,-1753618694.5,INR,2026-06-30,CP-00123,POS-000419,
GL-001104,NPA_SUBSTANDARD,4194553751.74,INR,2023-09-29,CP-00065,POS-000217,
GL-001105,NPA_PROVISION,-1397719377.19,INR,2026-06-30,CP-00065,POS-000217,
GL-001106,NPA_SUBSTANDARD,6350892955.56,INR,2025-09-03,CP-00574,POS-001955,
GL-001107,NPA_PROVISION,-4596345294.38,INR,2026-06-30,CP-00574,POS-001955,
GL-001108,NPA_SUBSTANDARD,2074375928.86,INR,2024-11-26,CP-00028,POS-000090,
GL-001109,NPA_PROVISION,-1532803629.24,INR,2026-06-30,CP-00028,POS-000090,
GL-001110,NPA_SUBSTANDARD,40394242.09,INR,2025-01-26,CP-00058,POS-000191,
GL-001111,NPA_PROVISION,-13460267.35,INR,2026-06-30,CP-00058,POS-000191,
GL-001112,NPA_SUBSTANDARD,354401611.27,INR,2024-06-06,CP-00066,POS-000221,
GL-001113,NPA_PROVISION,-118094564.69,INR,2026-06-30,CP-00066,POS-000221,
GL-001114,NPA_SUBSTANDARD,24618264.48,INR,2023-10-24,CP-00070,POS-000235,
GL-001115,NPA_PROVISION,-8203357.81,INR,2026-06-30,CP-00070,POS-000235,
GL-001116,NPA_SUBSTANDARD,6952545167.83,INR,2025-07-11,CP-00546,POS-001859,
GL-001117,NPA_PROVISION,-4665681172.05,INR,2026-06-30,CP-00546,POS-001859,
GL-001118,NPA_SUBSTANDARD,209439136.38,INR,2024-02-16,CP-00375,POS-001257,
GL-001119,NPA_PROVISION,-130893113.6,INR,2026-06-30,CP-00375,POS-001257,
GL-001120,NPA_SUBSTANDARD,6732689435.12,INR,2025-08-16,CP-00065,POS-000216,
GL-001121,NPA_PROVISION,-2243483107.15,INR,2026-06-30,CP-00065,POS-000216,
GL-001122,NPA_SUBSTANDARD,5707213480.1,INR,2025-11-26,CP-00315,POS-001058,
GL-001123,NPA_PROVISION,-4247866082.77,INR,2026-06-30,CP-00315,POS-001058,
GL-001124,NPA_SUBSTANDARD,8064851748.51,INR,2026-03-06,CP-00602,POS-002051,
GL-001125,NPA_PROVISION,-4666293589.06,INR,2026-06-30,CP-00602,POS-002051,
GL-001126,NPA_SUBSTANDARD,4956500000.0,INR,2025-05-19,CP-00101,POS-000339,
GL-001127,NPA_PROVISION,-3487600000.0,INR,2026-06-30,CP-00101,POS-000339,
GL-001128,NPA_SUBSTANDARD,543813131.52,INR,2024-10-25,CP-00397,POS-001329,
GL-001129,NPA_PROVISION,-316174840.58,INR,2026-06-30,CP-00397,POS-001329,
GL-001130,NPA_SUBSTANDARD,66800000.0,INR,2024-02-27,CP-00281,POS-000940,
GL-001131,NPA_PROVISION,-27000000.0,INR,2026-06-30,CP-00281,POS-000940,
GL-001132,NPA_SUBSTANDARD,7739682713.06,INR,2023-12-15,CP-00523,POS-001770,
GL-001133,NPA_PROVISION,-4255887619.97,INR,2026-06-30,CP-00523,POS-001770,
GL-001134,NPA_SUBSTANDARD,2634754832.17,INR,2024-11-30,CP-00558,POS-001902,
GL-001135,NPA_PROVISION,-1768118827.95,INR,2026-06-30,CP-00558,POS-001902,
GL-001136,NPA_SUBSTANDARD,387100000.0,INR,2025-04-09,CP-00140,POS-000468,
GL-001137,NPA_PROVISION,-195900000.0,INR,2026-06-30,CP-00140,POS-000468,
GL-001138,NPA_SUBSTANDARD,362400000.0,INR,2025-12-21,CP-00334,POS-001120,
GL-001139,NPA_PROVISION,-362400000.0,INR,2026-06-30,CP-00334,POS-001120,
GL-001140,NPA_SUBSTANDARD,6471807044.44,INR,2023-10-04,CP-00562,POS-001916,
GL-001141,NPA_PROVISION,-4683854705.62,INR,2026-06-30,CP-00562,POS-001916,
GL-001142,NPA_SUBSTANDARD,1084259205.72,INR,2025-04-23,CP-00064,POS-000212,
GL-001143,NPA_PROVISION,-361299482.95,INR,2026-06-30,CP-00064,POS-000212,
GL-001144,NPA_SUBSTANDARD,564112131.09,INR,2024-03-15,CP-00506,POS-001709,
GL-001145,NPA_PROVISION,-359305531.71,INR,2026-06-30,CP-00506,POS-001709,
GL-001146,NPA_SUBSTANDARD,9713667279.9,INR,2024-08-14,CP-00498,POS-001681,
GL-001147,NPA_PROVISION,-9434436181.89,INR,2026-06-30,CP-00498,POS-001681,
GL-001148,NPA_SUBSTANDARD,706030040.59,INR,2023-09-15,CP-00149,POS-000500,
GL-001149,NPA_PROVISION,-299322735.23,INR,2026-06-30,CP-00149,POS-000500,
GL-001150,NPA_SUBSTANDARD,166300000.0,INR,2023-07-31,CP-00533,POS-001811,
GL-001151,NPA_PROVISION,-134800000.0,INR,2026-06-30,CP-00533,POS-001811,
GL-001152,NPA_SUBSTANDARD,2027423565.89,INR,2024-05-18,CP-00058,POS-000192,
GL-001153,NPA_PROVISION,-675582999.18,INR,2026-06-30,CP-00058,POS-000192,
GL-001154,NPA_SUBSTANDARD,35317762.6,INR,2024-07-06,CP-00068,POS-000227,
GL-001155,NPA_PROVISION,-11768670.53,INR,2026-06-30,CP-00068,POS-000227,
GL-001156,NPA_SUBSTANDARD,799121198.86,INR,2026-01-31,CP-00475,POS-001601,
GL-001157,NPA_PROVISION,-777830943.41,INR,2026-06-30,CP-00475,POS-001601,
GL-001158,NPA_SUBSTANDARD,2304200000.0,INR,2026-06-13,CP-00184,POS-000616,
GL-001159,NPA_PROVISION,-1546200000.0,INR,2026-06-30,CP-00184,POS-000616,
GL-001160,NPA_SUBSTANDARD,736133521.62,INR,2024-11-10,CP-00146,POS-000488,
GL-001161,NPA_PROVISION,-312085161.42,INR,2026-06-30,CP-00146,POS-000488,
GL-001162,NPA_SUBSTANDARD,4138550024.14,INR,2024-05-20,CP-00524,POS-001773,
GL-001163,NPA_PROVISION,-2275701015.84,INR,2026-06-30,CP-00524,POS-001773,
GL-001164,NPA_SUBSTANDARD,2680900000.0,INR,2024-04-04,CP-00219,POS-000737,
GL-001165,NPA_PROVISION,-1947200000.0,INR,2026-06-30,CP-00219,POS-000737,
GL-001166,NPA_SUBSTANDARD,911008211.58,INR,2025-09-29,CP-00061,POS-000201,
GL-001167,NPA_PROVISION,-303568366.38,INR,2026-06-30,CP-00061,POS-000201,
GL-001168,NPA_SUBSTANDARD,3753297650.45,INR,2024-12-26,CP-00363,POS-001217,
GL-001169,NPA_PROVISION,-2722020798.59,INR,2026-06-30,CP-00363,POS-001217,
GL-001170,NPA_SUBSTANDARD,914266128.13,INR,2023-11-29,CP-00520,POS-001757,
GL-001171,NPA_PROVISION,-502735582.36,INR,2026-06-30,CP-00520,POS-001757,
GL-001172,NPA_SUBSTANDARD,1781834810.63,INR,2026-03-18,CP-00069,POS-000231,
GL-001173,NPA_PROVISION,-593747318.35,INR,2026-06-30,CP-00069,POS-000231,
GL-001174,NPA_SUBSTANDARD,903842721.91,INR,2025-05-06,CP-00068,POS-000226,
GL-001175,NPA_PROVISION,-301180664.53,INR,2026-06-30,CP-00068,POS-000226,
GL-001176,NPA_SUBSTANDARD,36734161464.63,INR,2023-08-31,CP-00035,POS-000113,
GL-001177,NPA_PROVISION,-26353749613.7,INR,2026-06-30,CP-00035,POS-000113,
GL-001178,NPA_SUBSTANDARD,315486868.48,INR,2025-11-24,CP-00396,POS-001326,
GL-001179,NPA_PROVISION,-183425159.42,INR,2026-06-30,CP-00396,POS-001326,
GL-001180,NPA_SUBSTANDARD,1036200000.0,INR,2025-07-19,CP-00422,POS-001418,
GL-001181,NPA_PROVISION,-675700000.0,INR,2026-06-30,CP-00422,POS-001418,
GL-001182,NPA_SUBSTANDARD,1122625802.27,INR,2025-02-03,CP-00521,POS-001760,
GL-001183,NPA_PROVISION,-617308154.72,INR,2026-06-30,CP-00521,POS-001760,
GL-001184,NPA_SUBSTANDARD,2002840198.72,INR,2024-06-07,CP-00060,POS-000198,
GL-001185,NPA_PROVISION,-667391269.93,INR,2026-06-30,CP-00060,POS-000198,
GL-001186,NPA_SUBSTANDARD,7800000.0,INR,2025-09-24,CP-00273,POS-000916,
GL-001187,NPA_PROVISION,-2600000.0,INR,2026-06-30,CP-00273,POS-000916,
GL-001188,NPA_SUBSTANDARD,20113732837.37,INR,2024-02-14,CP-00190,POS-000633,
GL-001189,NPA_PROVISION,-10822740509.7,INR,2026-06-30,CP-00190,POS-000633,
GL-001190,NPA_DOUBTFUL_1,21486000368.08,INR,2025-10-15,CP-00190,POS-000633,
GL-001191,NPA_PROVISION,-11561126343.64,INR,2026-06-30,CP-00190,POS-000633,
GL-001192,NPA_DOUBTFUL_1,8369600000.0,INR,2025-05-23,CP-00242,POS-000811,
GL-001193,NPA_PROVISION,-7107100000.0,INR,2026-06-30,CP-00242,POS-000811,
GL-001194,NPA_DOUBTFUL_1,543639292.73,INR,2024-10-11,CP-00364,POS-001223,
GL-001195,NPA_PROVISION,-394265949.45,INR,2026-06-30,CP-00364,POS-001223,
GL-001196,NPA_DOUBTFUL_1,197501751.0,INR,2026-06-17,CP-00376,POS-001261,
GL-001197,NPA_PROVISION,-123432609.47,INR,2026-06-30,CP-00376,POS-001261,
GL-001198,NPA_DOUBTFUL_1,970463056.82,INR,2024-03-12,CP-00358,POS-001198,
GL-001199,NPA_PROVISION,-703813251.96,INR,2026-06-30,CP-00358,POS-001198,
GL-001200,NPA_DOUBTFUL_1,13469386519.9,INR,2024-06-28,CP-00306,POS-001024,
GL-001201,NPA_PROVISION,-10025233917.23,INR,2026-06-30,CP-00306,POS-001024,
GL-001202,NPA_DOUBTFUL_1,554535437.08,INR,2023-12-29,CP-00296,POS-000992,
GL-001203,NPA_PROVISION,-440685621.38,INR,2026-06-30,CP-00296,POS-000992,
GL-001204,NPA_DOUBTFUL_1,18893747991.03,INR,2025-09-02,CP-00501,POS-001692,
GL-001205,NPA_PROVISION,-12034182201.91,INR,2026-06-30,CP-00501,POS-001692,
GL-001206,NPA_DOUBTFUL_1,77658623.68,INR,2025-04-21,CP-00064,POS-000214,
GL-001207,NPA_PROVISION,-25877594.98,INR,2026-06-30,CP-00064,POS-000214,
GL-001208,NPA_DOUBTFUL_1,19231266959.68,INR,2023-10-21,CP-00007,POS-000020,
GL-001209,NPA_PROVISION,-12590090526.38,INR,2026-06-30,CP-00007,POS-000020,
GL-001210,NPA_DOUBTFUL_2,2531833040.32,INR,2026-04-18,CP-00007,POS-000020,
GL-001211,NPA_PROVISION,-1657509473.62,INR,2026-06-30,CP-00007,POS-000020,
GL-001212,NPA_DOUBTFUL_2,11982500000.0,INR,2025-01-09,CP-00577,POS-001965,
GL-001213,NPA_PROVISION,-7433100000.0,INR,2026-06-30,CP-00577,POS-001965,
GL-001214,NPA_DOUBTFUL_2,1889430258.25,INR,2025-01-17,CP-00062,POS-000205,
GL-001215,NPA_PROVISION,-629600534.43,INR,2026-06-30,CP-00062,POS-000205,
GL-001216,NPA_DOUBTFUL_2,3866112982.7,INR,2025-02-25,CP-00490,POS-001653,
GL-001217,NPA_PROVISION,-3754976895.57,INR,2026-06-30,CP-00490,POS-001653,
GL-001218,NPA_DOUBTFUL_2,8848300000.0,INR,2025-03-13,CP-00208,POS-000702,
GL-001219,NPA_PROVISION,-7273800000.0,INR,2026-06-30,CP-00208,POS-000702,
GL-001220,NPA_DOUBTFUL_2,381773797.8,INR,2024-04-03,CP-00522,POS-001764,
GL-001221,NPA_PROVISION,-209929326.55,INR,2026-06-30,CP-00522,POS-001764,
GL-001222,NPA_DOUBTFUL_2,613500000.0,INR,2025-11-27,CP-00347,POS-001157,
GL-001223,NPA_PROVISION,-498600000.0,INR,2026-06-30,CP-00347,POS-001157,
GL-001224,NPA_DOUBTFUL_2,423931762.65,INR,2023-10-29,CP-00505,POS-001705,
GL-001225,NPA_PROVISION,-270019060.03,INR,2026-06-30,CP-00505,POS-001705,
GL-001226,NPA_DOUBTFUL_2,2908824071.14,INR,2023-10-23,CP-00026,POS-000085,
GL-001227,NPA_PROVISION,-2149396370.76,INR,2026-06-30,CP-00026,POS-000085,
GL-001228,NPA_DOUBTFUL_2,988152066.74,INR,2025-12-16,CP-00509,POS-001723,
GL-001229,NPA_PROVISION,-629393491.43,INR,2026-06-30,CP-00509,POS-001723,
GL-001230,NPA_DOUBTFUL_2,4384990220.57,INR,2023-07-30,CP-00063,POS-000209,
GL-001231,NPA_PROVISION,-1461177079.33,INR,2026-06-30,CP-00063,POS-000209,
GL-001232,NPA_DOUBTFUL_2,80644546.7,INR,2025-09-17,CP-00061,POS-000202,
GL-001233,NPA_PROVISION,-26872571.5,INR,2026-06-30,CP-00061,POS-000202,
GL-001234,NPA_DOUBTFUL_2,216287994.42,INR,2026-05-05,CP-00476,POS-001606,
GL-001235,NPA_PROVISION,-210525631.14,INR,2026-06-30,CP-00476,POS-001606,
GL-001236,NPA_DOUBTFUL_2,851038535.37,INR,2025-04-21,CP-00038,POS-000126,
GL-001237,NPA_PROVISION,-610550386.3,INR,2026-06-30,CP-00038,POS-000126,
GL-001238,NPA_DOUBTFUL_2,135498537.89,INR,2024-02-10,CP-00064,POS-000213,
GL-001239,NPA_PROVISION,-45151151.52,INR,2026-06-30,CP-00064,POS-000213,
GL-001240,NPA_DOUBTFUL_2,14829348251.49,INR,2023-12-19,CP-00597,POS-002036,
GL-001241,NPA_PROVISION,-8580206410.94,INR,2026-06-30,CP-00597,POS-002036,
GL-001242,NPA_DOUBTFUL_2,118033933.96,INR,2024-07-23,CP-00059,POS-000194,
GL-001243,NPA_PROVISION,-39331553.83,INR,2026-06-30,CP-00059,POS-000194,
GL-001244,NPA_DOUBTFUL_3,791305413.81,INR,2024-01-24,CP-00059,POS-000194,
GL-001245,NPA_PROVISION,-263680709.71,INR,2026-06-30,CP-00059,POS-000194,
GL-001246,NPA_DOUBTFUL_3,365064562.92,INR,2025-09-17,CP-00292,POS-000976,
GL-001247,NPA_PROVISION,-290114378.62,INR,2026-06-30,CP-00292,POS-000976,
GL-001248,NPA_DOUBTFUL_3,2799113929.73,INR,2023-11-11,CP-00069,POS-000230,
GL-001249,NPA_PROVISION,-932727534.34,INR,2026-06-30,CP-00069,POS-000230,
GL-001250,NPA_DOUBTFUL_3,2340130973.09,INR,2024-08-04,CP-00062,POS-000206,
GL-001251,NPA_PROVISION,-779784120.04,INR,2026-06-30,CP-00062,POS-000206,
GL-001252,NPA_DOUBTFUL_3,4543059112.62,INR,2026-02-04,CP-00387,POS-001294,
GL-001253,NPA_PROVISION,-2839274276.93,INR,2026-06-30,CP-00387,POS-001294,
GL-001254,NPA_DOUBTFUL_3,4516519737.4,INR,2026-02-10,CP-00494,POS-001665,
GL-001255,NPA_PROVISION,-4386686922.55,INR,2026-06-30,CP-00494,POS-001665,
GL-001256,NPA_DOUBTFUL_3,147330752.34,INR,2025-09-11,CP-00060,POS-000197,
GL-001257,NPA_PROVISION,-49093910.72,INR,2026-06-30,CP-00060,POS-000197,
GL-001258,NPA_DOUBTFUL_3,7036600000.0,INR,2026-04-15,CP-00071,POS-000238,
GL-001259,NPA_PROVISION,-6138200000.0,INR,2026-06-30,CP-00071,POS-000238,
GL-001260,NPA_DOUBTFUL_3,1106090431.6,INR,2025-08-25,CP-00070,POS-000234,
GL-001261,NPA_PROVISION,-368574137.0,INR,2026-06-30,CP-00070,POS-000234,
GL-001262,NPA_DOUBTFUL_3,4559801534.6,INR,2023-07-09,CP-00525,POS-001778,
GL-001263,NPA_PROVISION,-2507338300.56,INR,2026-06-30,CP-00525,POS-001778,
GL-001264,NPA_DOUBTFUL_3,2650956048.49,INR,2025-10-11,CP-00506,POS-001710,
GL-001265,NPA_PROVISION,-1688499714.93,INR,2026-06-30,CP-00506,POS-001710,
GL-001266,NPA_DOUBTFUL_3,1173400000.0,INR,2024-08-03,CP-00327,POS-001097,
GL-001267,NPA_PROVISION,-941200000.0,INR,2026-06-30,CP-00327,POS-001097,
GL-001268,NPA_DOUBTFUL_3,1127166459.42,INR,2023-07-26,CP-00160,POS-000540,
GL-001269,NPA_PROVISION,-640488229.43,INR,2026-06-30,CP-00160,POS-000540,
GL-001270,NPA_DOUBTFUL_3,1559081305.5,INR,2025-09-26,CP-00121,POS-000410,
GL-001271,NPA_PROVISION,-1559081305.5,INR,2026-06-30,CP-00121,POS-000410,
GL-001272,NPA_DOUBTFUL_3,2044800000.0,INR,2024-05-29,CP-00411,POS-001382,
GL-001273,NPA_PROVISION,-2036700000.0,INR,2026-06-30,CP-00411,POS-001382,
GL-001274,NPA_DOUBTFUL_3,544600000.0,INR,2025-02-23,CP-00444,POS-001494,
GL-001275,NPA_PROVISION,-278100000.0,INR,2026-06-30,CP-00444,POS-001494,
GL-001276,NPA_DOUBTFUL_3,5113990806.72,INR,2025-08-22,CP-00481,POS-001624,
GL-001277,NPA_PROVISION,-4977743425.45,INR,2026-06-30,CP-00481,POS-001624,
GL-001278,NPA_DOUBTFUL_3,8383688931.76,INR,2023-08-25,CP-00197,POS-000662,
GL-001279,NPA_PROVISION,-4511071642.25,INR,2026-06-30,CP-00197,POS-000662,
GL-001280,NPA_LOSS,17340377862.79,INR,2024-07-11,CP-00197,POS-000662,
GL-001281,NPA_PROVISION,-9330461504.41,INR,2026-06-30,CP-00197,POS-000662,
GL-001282,NPA_LOSS,382500000.0,INR,2025-03-07,CP-00252,POS-000842,
GL-001283,NPA_PROVISION,-109200000.0,INR,2026-06-30,CP-00252,POS-000842,
GL-001284,NPA_LOSS,2136500000.0,INR,2024-01-23,CP-00451,POS-001519,
GL-001285,NPA_PROVISION,-1374400000.0,INR,2026-06-30,CP-00451,POS-001519,
GL-001286,NPA_LOSS,87133540.58,INR,2023-10-19,CP-00167,POS-000561,
GL-001287,NPA_PROVISION,-49511770.57,INR,2026-06-30,CP-00167,POS-000561,
GL-001288,NPA_LOSS,796000000.0,INR,2024-02-26,CP-00465,POS-001567,
GL-001289,NPA_PROVISION,-397900000.0,INR,2026-06-30,CP-00465,POS-001567,
GL-001290,NPA_LOSS,2403288596.63,INR,2023-11-22,CP-00066,POS-000220,
GL-001291,NPA_PROVISION,-800829656.57,INR,2026-06-30,CP-00066,POS-000220,
GL-001292,NPA_LOSS,11383700000.0,INR,2025-07-13,CP-00057,POS-000187,
GL-001293,NPA_PROVISION,-8526300000.0,INR,2026-06-30,CP-00057,POS-000187,
GL-001294,ADVANCES_NONFUND,109086701.72,INR,2025-06-19,CP-00001,POS-000004,
GL-001295,ADVANCES_NONFUND,78008190.51,INR,2025-10-19,CP-00002,POS-000007,
GL-001296,ADVANCES_NONFUND,155568424.46,INR,2024-05-29,CP-00003,POS-000011,
GL-001297,ADVANCES_NONFUND,40447434.32,INR,2024-02-02,CP-00003,POS-000012,
GL-001298,ADVANCES_NONFUND,603310190.25,INR,2024-07-07,CP-00004,POS-000014,
GL-001299,ADVANCES_NONFUND,253428062.68,INR,2024-09-12,CP-00005,POS-000016,
GL-001300,ADVANCES_NONFUND,930245593.33,INR,2024-03-08,CP-00006,POS-000019,
GL-001301,ADVANCES_NONFUND,26008248.26,INR,2025-12-14,CP-00007,POS-000021,
GL-001302,ADVANCES_NONFUND,119527785.48,INR,2025-05-26,CP-00007,POS-000022,
GL-001303,ADVANCES_NONFUND,1695636152.61,INR,2024-05-17,CP-00008,POS-000025,
GL-001304,ADVANCES_NONFUND,286388548.73,INR,2026-05-04,CP-00009,POS-000028,
GL-001305,ADVANCES_NONFUND,622533161.21,INR,2023-10-07,CP-00009,POS-000029,
GL-001306,ADVANCES_NONFUND,410133048.92,INR,2025-12-25,CP-00010,POS-000033,
GL-001307,ADVANCES_NONFUND,3108224.92,INR,2024-02-20,CP-00010,POS-000034,
GL-001308,ADVANCES_NONFUND,255918316.57,INR,2024-08-24,CP-00011,POS-000037,
GL-001309,ADVANCES_NONFUND,278216397.6,INR,2023-12-15,CP-00012,POS-000039,
GL-001310,ADVANCES_NONFUND,66601098.34,INR,2024-03-04,CP-00013,POS-000041,
GL-001311,ADVANCES_NONFUND,4344938.98,INR,2024-12-13,CP-00013,POS-000042,
GL-001312,ADVANCES_NONFUND,122392199.09,INR,2024-03-25,CP-00014,POS-000045,
GL-001313,ADVANCES_NONFUND,189805421.75,INR,2025-06-16,CP-00015,POS-000049,
GL-001314,ADVANCES_NONFUND,244691860.28,INR,2024-09-29,CP-00015,POS-000050,
GL-001315,ADVANCES_NONFUND,231071257.71,INR,2023-10-03,CP-00016,POS-000052,
GL-001316,ADVANCES_NONFUND,182353308.04,INR,2026-03-30,CP-00017,POS-000055,
GL-001317,ADVANCES_NONFUND,58194769.37,INR,2025-06-06,CP-00017,POS-000056,
GL-001318,ADVANCES_NONFUND,211565161.36,INR,2026-06-12,CP-00018,POS-000058,
GL-001319,ADVANCES_NONFUND,140043781.46,INR,2024-11-22,CP-00019,POS-000060,
GL-001320,ADVANCES_NONFUND,1723632002.11,INR,2024-02-25,CP-00020,POS-000064,
GL-001321,ADVANCES_NONFUND,1797577573.55,INR,2026-05-19,CP-00020,POS-000065,
GL-001322,ADVANCES_NONFUND,640754582.77,INR,2024-11-06,CP-00021,POS-000068,
GL-001323,ADVANCES_NONFUND,77902504.73,INR,2025-04-02,CP-00022,POS-000071,
GL-001324,ADVANCES_NONFUND,474403821.32,INR,2024-02-24,CP-00022,POS-000072,
GL-001325,ADVANCES_NONFUND,619343597.06,INR,2025-11-01,CP-00023,POS-000074,
GL-001326,ADVANCES_NONFUND,851617975.06,INR,2026-01-03,CP-00023,POS-000075,
GL-001327,ADVANCES_NONFUND,48037537.61,INR,2026-03-19,CP-00024,POS-000078,
GL-001328,ADVANCES_NONFUND,246083962.17,INR,2025-04-10,CP-00024,POS-000079,
GL-001329,ADVANCES_NONFUND,1966178398.03,INR,2025-01-13,CP-00025,POS-000081,
GL-001330,ADVANCES_NONFUND,2281612125.27,INR,2023-09-28,CP-00025,POS-000082,
GL-001331,ADVANCES_NONFUND,2276556498.95,INR,2025-02-05,CP-00026,POS-000086,
GL-001332,ADVANCES_NONFUND,13802109.08,INR,2025-12-25,CP-00027,POS-000088,
GL-001333,ADVANCES_NONFUND,461117799.38,INR,2024-05-26,CP-00027,POS-000089,
GL-001334,ADVANCES_NONFUND,310371191.3,INR,2026-04-24,CP-00028,POS-000091,
GL-001335,ADVANCES_NONFUND,610048272.27,INR,2025-06-17,CP-00029,POS-000094,
GL-001336,ADVANCES_NONFUND,153131771.39,INR,2024-07-15,CP-00029,POS-000095,
GL-001337,ADVANCES_NONFUND,40145150.18,INR,2025-09-25,CP-00030,POS-000098,
GL-001338,ADVANCES_NONFUND,59760175.62,INR,2024-09-17,CP-00031,POS-000102,
GL-001339,ADVANCES_NONFUND,12222512.84,INR,2025-02-19,CP-00032,POS-000104,
GL-001340,ADVANCES_NONFUND,23508316.75,INR,2023-08-23,CP-00032,POS-000105,
GL-001341,ADVANCES_NONFUND,47190355.13,INR,2025-08-20,CP-00033,POS-000107,
GL-001342,ADVANCES_NONFUND,3176662.82,INR,2023-10-12,CP-00034,POS-000110,
GL-001343,ADVANCES_NONFUND,2720572.71,INR,2024-08-14,CP-00034,POS-000111,
GL-001344,ADVANCES_NONFUND,88449572.98,INR,2024-04-01,CP-00035,POS-000115,
GL-001345,ADVANCES_NONFUND,75846342.77,INR,2025-12-28,CP-00035,POS-000116,
GL-001346,ADVANCES_NONFUND,301317960.17,INR,2026-06-10,CP-00036,POS-000118,
GL-001347,ADVANCES_NONFUND,71120449.07,INR,2024-04-21,CP-00036,POS-000119,
GL-001348,ADVANCES_NONFUND,44485837.59,INR,2025-01-20,CP-00037,POS-000123,
GL-001349,ADVANCES_NONFUND,742003160.89,INR,2025-07-27,CP-00038,POS-000127,
GL-001350,ADVANCES_NONFUND,14338804.74,INR,2023-10-23,CP-00039,POS-000129,
GL-001351,ADVANCES_NONFUND,461460757.41,INR,2025-07-08,CP-00040,POS-000133,
GL-001352,ADVANCES_NONFUND,2176591.77,INR,2025-03-13,CP-00040,POS-000134,
GL-001353,ADVANCES_NONFUND,20357226.5,INR,2024-04-29,CP-00041,POS-000138,
GL-001354,ADVANCES_NONFUND,7281842.9,INR,2023-08-12,CP-00041,POS-000139,
GL-001355,ADVANCES_NONFUND,43678838.73,INR,2023-10-20,CP-00042,POS-000141,
GL-001356,ADVANCES_NONFUND,8350592.6,INR,2024-07-16,CP-00042,POS-000142,
GL-001357,ADVANCES_NONFUND,351008275.83,INR,2026-03-02,CP-00043,POS-000144,
GL-001358,ADVANCES_NONFUND,2116170.5,INR,2026-03-03,CP-00044,POS-000146,
GL-001359,ADVANCES_NONFUND,312760.38,INR,2024-06-02,CP-00044,POS-000147,
GL-001360,ADVANCES_NONFUND,12336851.64,INR,2024-12-20,CP-00045,POS-000151,
GL-001361,ADVANCES_NONFUND,20049697.54,INR,2026-02-05,CP-00046,POS-000154,
GL-001362,ADVANCES_NONFUND,103529604.09,INR,2024-05-30,CP-00047,POS-000156,
GL-001363,ADVANCES_NONFUND,10912565.99,INR,2023-09-03,CP-00047,POS-000157,
GL-001364,ADVANCES_NONFUND,5179742.19,INR,2026-04-20,CP-00048,POS-000161,
GL-001365,ADVANCES_NONFUND,42590021.84,INR,2024-01-08,CP-00049,POS-000164,
GL-001366,ADVANCES_NONFUND,1236283.81,INR,2025-06-18,CP-00049,POS-000165,
GL-001367,ADVANCES_NONFUND,14022527.4,INR,2025-04-21,CP-00050,POS-000169,
GL-001368,ADVANCES_NONFUND,43586815.55,INR,2024-05-06,CP-00051,POS-000171,
GL-001369,ADVANCES_NONFUND,3263953.69,INR,2025-10-03,CP-00052,POS-000173,
GL-001370,ADVANCES_NONFUND,3015711.18,INR,2026-01-10,CP-00052,POS-000174,
GL-001371,ADVANCES_NONFUND,738008.16,INR,2023-08-10,CP-00053,POS-000177,
GL-001372,ADVANCES_NONFUND,5123498.72,INR,2025-06-14,CP-00053,POS-000178,
GL-001373,ADVANCES_NONFUND,4587901.03,INR,2025-12-27,CP-00054,POS-000180,
GL-001374,ADVANCES_NONFUND,20736254.28,INR,2024-06-05,CP-00055,POS-000182,
GL-001375,ADVANCES_NONFUND,11629666.33,INR,2025-11-05,CP-00056,POS-000184,
GL-001376,ADVANCES_NONFUND,5021092.63,INR,2024-03-03,CP-00057,POS-000188,
GL-001377,ADVANCES_NONFUND,11310873.05,INR,2026-04-14,CP-00057,POS-000189,
GL-001378,ADVANCES_NONFUND,7383138.94,INR,2024-12-10,CP-00058,POS-000193,
GL-001379,ADVANCES_NONFUND,1848226.45,INR,2025-04-15,CP-00059,POS-000195,
GL-001380,ADVANCES_NONFUND,1372375.73,INR,2023-08-18,CP-00059,POS-000196,
GL-001381,ADVANCES_NONFUND,111288134.29,INR,2024-12-07,CP-00060,POS-000200,
GL-001382,ADVANCES_NONFUND,4010924.6,INR,2023-09-21,CP-00061,POS-000203,
GL-001383,ADVANCES_NONFUND,13769289.88,INR,2025-10-01,CP-00061,POS-000204,
GL-001384,ADVANCES_NONFUND,14274237.6,INR,2025-01-28,CP-00062,POS-000207,
GL-001385,ADVANCES_NONFUND,21420072.54,INR,2024-01-21,CP-00062,POS-000208,
GL-001386,ADVANCES_NONFUND,45844283.49,INR,2026-01-06,CP-00063,POS-000210,
GL-001387,ADVANCES_NONFUND,943424.27,INR,2023-09-19,CP-00063,POS-000211,
GL-001388,ADVANCES_NONFUND,9940405.09,INR,2024-03-06,CP-00064,POS-000215,
GL-001389,ADVANCES_NONFUND,315036468.06,INR,2024-06-19,CP-00065,POS-000218,
GL-001390,ADVANCES_NONFUND,27805127.89,INR,2025-10-07,CP-00065,POS-000219,
GL-001391,ADVANCES_NONFUND,27446115.98,INR,2024-01-17,CP-00066,POS-000222,
GL-001392,ADVANCES_NONFUND,5690748.17,INR,2023-12-21,CP-00067,POS-000225,
GL-001393,ADVANCES_NONFUND,6988403.2,INR,2025-08-14,CP-00068,POS-000229,
GL-001394,ADVANCES_NONFUND,7643067.61,INR,2024-09-26,CP-00069,POS-000232,
GL-001395,ADVANCES_NONFUND,17141487.4,INR,2026-04-25,CP-00069,POS-000233,
GL-001396,ADVANCES_NONFUND,509594.32,INR,2025-04-25,CP-00070,POS-000236,
GL-001397,ADVANCES_NONFUND,7244474.47,INR,2026-01-17,CP-00070,POS-000237,
GL-001398,ADVANCES_NONFUND,910459884.39,INR,2024-10-29,CP-00071,POS-000239,
GL-001399,ADVANCES_NONFUND,695722945.94,INR,2024-11-07,CP-00071,POS-000240,
GL-001400,ADVANCES_NONFUND,345262746.73,INR,2024-11-24,CP-00072,POS-000244,
GL-001401,ADVANCES_NONFUND,3501564263.16,INR,2024-06-19,CP-00073,POS-000248,
GL-001402,ADVANCES_NONFUND,7404758573.29,INR,2023-09-22,CP-00073,POS-000249,
GL-001403,ADVANCES_NONFUND,2233431.49,INR,2025-11-27,CP-00074,POS-000252,
GL-001404,ADVANCES_NONFUND,116399147.43,INR,2025-11-08,CP-00074,POS-000253,
GL-001405,ADVANCES_NONFUND,151544360.23,INR,2025-11-07,CP-00075,POS-000255,
GL-001406,ADVANCES_NONFUND,1646529460.63,INR,2023-09-18,CP-00075,POS-000256,
GL-001407,ADVANCES_NONFUND,91135228.45,INR,2026-03-21,CP-00076,POS-000260,
GL-001408,ADVANCES_NONFUND,90754052.59,INR,2026-05-27,CP-00076,POS-000261,
GL-001409,ADVANCES_NONFUND,6556804746.29,INR,2026-01-06,CP-00077,POS-000263,
GL-001410,ADVANCES_NONFUND,170983973.99,INR,2024-03-10,CP-00078,POS-000265,
GL-001411,ADVANCES_NONFUND,2215080648.0,INR,2024-10-04,CP-00079,POS-000267,
GL-001412,ADVANCES_NONFUND,697004464.15,INR,2023-09-27,CP-00079,POS-000268,
GL-001413,ADVANCES_NONFUND,278632724.88,INR,2025-11-19,CP-00080,POS-000271,
GL-001414,ADVANCES_NONFUND,30762219271.35,INR,2025-04-25,CP-00081,POS-000275,
GL-001415,ADVANCES_NONFUND,240031717.2,INR,2024-10-30,CP-00082,POS-000277,
GL-001416,ADVANCES_NONFUND,572852538.7,INR,2026-04-11,CP-00082,POS-000278,
GL-001417,ADVANCES_NONFUND,1934142760.19,INR,2023-09-29,CP-00083,POS-000281,
GL-001418,ADVANCES_NONFUND,1517594911.02,INR,2024-01-31,CP-00084,POS-000284,
GL-001419,ADVANCES_NONFUND,297528495.18,INR,2026-01-24,CP-00085,POS-000287,
GL-001420,ADVANCES_NONFUND,660359654.7,INR,2023-12-21,CP-00085,POS-000288,
GL-001421,ADVANCES_NONFUND,3287699428.1,INR,2025-02-24,CP-00086,POS-000290,
GL-001422,ADVANCES_NONFUND,1205154703.54,INR,2025-06-27,CP-00086,POS-000291,
GL-001423,ADVANCES_NONFUND,1116288268.66,INR,2023-08-29,CP-00087,POS-000293,
GL-001424,ADVANCES_NONFUND,357012570.14,INR,2024-12-10,CP-00087,POS-000294,
GL-001425,ADVANCES_NONFUND,3626334649.84,INR,2025-10-25,CP-00088,POS-000298,
GL-001426,ADVANCES_NONFUND,958844090.96,INR,2024-01-26,CP-00088,POS-000299,
GL-001427,ADVANCES_NONFUND,9015676642.74,INR,2024-05-08,CP-00089,POS-000302,
GL-001428,ADVANCES_NONFUND,2460381674.53,INR,2025-12-02,CP-00089,POS-000303,
GL-001429,ADVANCES_NONFUND,3647245684.89,INR,2024-06-19,CP-00090,POS-000305,
GL-001430,ADVANCES_NONFUND,524255030.2,INR,2024-08-11,CP-00091,POS-000308,
GL-001431,ADVANCES_NONFUND,5199647980.05,INR,2025-09-02,CP-00091,POS-000309,
GL-001432,ADVANCES_NONFUND,14796743028.4,INR,2025-03-16,CP-00092,POS-000312,
GL-001433,ADVANCES_NONFUND,9592424763.13,INR,2023-12-24,CP-00092,POS-000313,
GL-001434,ADVANCES_NONFUND,874788285.58,INR,2025-12-22,CP-00093,POS-000316,
GL-001435,ADVANCES_NONFUND,52319826.04,INR,2024-05-01,CP-00093,POS-000317,
GL-001436,ADVANCES_NONFUND,9956024928.42,INR,2024-01-02,CP-00094,POS-000319,
GL-001437,ADVANCES_NONFUND,24835893824.8,INR,2023-09-09,CP-00094,POS-000320,
GL-001438,ADVANCES_NONFUND,963299320.3,INR,2025-07-10,CP-00095,POS-000323,
GL-001439,ADVANCES_NONFUND,14156050171.82,INR,2025-09-12,CP-00096,POS-000325,
GL-001440,ADVANCES_NONFUND,888495400.33,INR,2023-09-11,CP-00097,POS-000327,
GL-001441,ADVANCES_NONFUND,464316573.34,INR,2025-02-09,CP-00097,POS-000328,
GL-001442,ADVANCES_NONFUND,4319191603.32,INR,2024-10-16,CP-00098,POS-000331,
GL-001443,ADVANCES_NONFUND,1541202640.58,INR,2024-12-16,CP-00099,POS-000335,
GL-001444,ADVANCES_NONFUND,6353300656.4,INR,2024-12-14,CP-00099,POS-000336,
GL-001445,ADVANCES_NONFUND,49727908253.9,INR,2024-08-16,CP-00100,POS-000338,
GL-001446,ADVANCES_NONFUND,3744703182.01,INR,2025-03-24,CP-00101,POS-000340,
GL-001447,ADVANCES_NONFUND,623442163.1,INR,2025-04-27,CP-00102,POS-000342,
GL-001448,ADVANCES_NONFUND,1618904997.82,INR,2025-04-18,CP-00102,POS-000343,
GL-001449,ADVANCES_NONFUND,305432712.66,INR,2024-07-12,CP-00103,POS-000346,
GL-001450,ADVANCES_NONFUND,552268290.88,INR,2024-01-17,CP-00103,POS-000347,
GL-001451,ADVANCES_NONFUND,354116898.35,INR,2024-10-31,CP-00104,POS-000349,
GL-001452,ADVANCES_NONFUND,276481816.66,INR,2024-06-19,CP-00104,POS-000350,
GL-001453,ADVANCES_NONFUND,417179631.92,INR,2025-04-04,CP-00105,POS-000353,
GL-001454,ADVANCES_NONFUND,236893360.11,INR,2024-03-05,CP-00105,POS-000354,
GL-001455,ADVANCES_NONFUND,1409424818.87,INR,2025-04-25,CP-00106,POS-000357,
GL-001456,ADVANCES_NONFUND,1779335163.29,INR,2025-03-26,CP-00106,POS-000358,
GL-001457,ADVANCES_NONFUND,2779293076.6,INR,2026-05-01,CP-00107,POS-000362,
GL-001458,ADVANCES_NONFUND,279544060.68,INR,2025-09-17,CP-00107,POS-000363,
GL-001459,ADVANCES_NONFUND,4304404879.68,INR,2024-04-13,CP-00108,POS-000367,
GL-001460,ADVANCES_NONFUND,5321033753.8,INR,2026-03-27,CP-00108,POS-000368,
GL-001461,ADVANCES_NONFUND,4610781895.83,INR,2025-10-28,CP-00109,POS-000370,
GL-001462,ADVANCES_NONFUND,29704710813.52,INR,2024-03-02,CP-00109,POS-000371,
GL-001463,ADVANCES_NONFUND,3941568564.92,INR,2023-11-17,CP-00110,POS-000373,
GL-001464,ADVANCES_NONFUND,7662286304.74,INR,2025-04-02,CP-00110,POS-000374,
GL-001465,ADVANCES_NONFUND,5333548947.81,INR,2025-04-11,CP-00111,POS-000377,
GL-001466,ADVANCES_NONFUND,5176722813.97,INR,2024-12-20,CP-00111,POS-000378,
GL-001467,ADVANCES_NONFUND,4665287421.79,INR,2024-03-09,CP-00112,POS-000382,
GL-001468,ADVANCES_NONFUND,8986922413.64,INR,2025-02-02,CP-00113,POS-000385,
GL-001469,ADVANCES_NONFUND,7095554835.34,INR,2025-12-23,CP-00114,POS-000387,
GL-001470,ADVANCES_NONFUND,674538802.95,INR,2025-03-15,CP-00115,POS-000391,
GL-001471,ADVANCES_NONFUND,137518379.06,INR,2025-09-25,CP-00115,POS-000392,
GL-001472,ADVANCES_NONFUND,7584414072.12,INR,2024-06-12,CP-00116,POS-000394,
GL-001473,ADVANCES_NONFUND,1216068144.19,INR,2026-01-25,CP-00116,POS-000395,
GL-001474,ADVANCES_NONFUND,19961366609.72,INR,2024-09-02,CP-00117,POS-000398,
GL-001475,ADVANCES_NONFUND,9973108377.96,INR,2026-02-08,CP-00118,POS-000400,
GL-001476,ADVANCES_NONFUND,1722800786.23,INR,2023-08-01,CP-00118,POS-000401,
GL-001477,ADVANCES_NONFUND,18677076645.69,INR,2024-07-30,CP-00119,POS-000405,
GL-001478,ADVANCES_NONFUND,22006971733.45,INR,2026-01-29,CP-00120,POS-000408,
GL-001479,ADVANCES_NONFUND,1038257749.12,INR,2023-08-16,CP-00121,POS-000411,
GL-001480,ADVANCES_NONFUND,8163578232.94,INR,2024-10-10,CP-00121,POS-000412,
GL-001481,ADVANCES_NONFUND,32305508098.99,INR,2024-09-04,CP-00122,POS-000416,
GL-001482,ADVANCES_NONFUND,3285431192.21,INR,2026-04-22,CP-00122,POS-000417,
GL-001483,ADVANCES_NONFUND,45996981977.78,INR,2025-12-07,CP-00123,POS-000420,
GL-001484,ADVANCES_NONFUND,61004401659.9,INR,2024-01-28,CP-00124,POS-000423,
GL-001485,ADVANCES_NONFUND,8547285222.01,INR,2025-02-03,CP-00124,POS-000424,
GL-001486,ADVANCES_NONFUND,7992596283.64,INR,2024-08-25,CP-00125,POS-000426,
GL-001487,ADVANCES_NONFUND,36627548202.78,INR,2023-07-16,CP-00126,POS-000429,
GL-001488,ADVANCES_NONFUND,715640181.06,INR,2025-03-18,CP-00127,POS-000432,
GL-001489,ADVANCES_NONFUND,56630602550.78,INR,2025-05-09,CP-00127,POS-000433,
GL-001490,ADVANCES_NONFUND,3052408449.56,INR,2024-02-03,CP-00128,POS-000435,
GL-001491,ADVANCES_NONFUND,19014553829.87,INR,2026-04-19,CP-00129,POS-000439,
GL-001492,ADVANCES_NONFUND,22093738080.27,INR,2025-02-17,CP-00130,POS-000441,
GL-001493,ADVANCES_NONFUND,11292353.9,INR,2023-12-07,CP-00131,POS-000443,
GL-001494,ADVANCES_NONFUND,588353998.29,INR,2025-10-24,CP-00131,POS-000444,
GL-001495,ADVANCES_NONFUND,11199101506.56,INR,2025-08-02,CP-00132,POS-000448,
GL-001496,ADVANCES_NONFUND,158862757.17,INR,2025-01-29,CP-00133,POS-000451,
GL-001497,ADVANCES_NONFUND,1043771890.38,INR,2026-04-10,CP-00134,POS-000453,
GL-001498,ADVANCES_NONFUND,55301526.54,INR,2026-04-14,CP-00134,POS-000454,
GL-001499,ADVANCES_NONFUND,806226816.4,INR,2025-09-28,CP-00135,POS-000456,
GL-001500,ADVANCES_NONFUND,1030689535.86,INR,2023-10-21,CP-00136,POS-000458,
GL-001501,ADVANCES_NONFUND,3083402451.43,INR,2025-10-31,CP-00137,POS-000461,
GL-001502,ADVANCES_NONFUND,285251881.67,INR,2024-04-21,CP-00138,POS-000463,
GL-001503,ADVANCES_NONFUND,262598190.62,INR,2025-03-21,CP-00138,POS-000464,
GL-001504,ADVANCES_NONFUND,19316817837.87,INR,2024-03-20,CP-00139,POS-000467,
GL-001505,ADVANCES_NONFUND,931376103.82,INR,2025-07-04,CP-00140,POS-000471,
GL-001506,ADVANCES_NONFUND,2117410681.06,INR,2023-11-16,CP-00141,POS-000474,
GL-001507,ADVANCES_NONFUND,1070204388.18,INR,2025-05-20,CP-00142,POS-000477,
GL-001508,ADVANCES_NONFUND,51072526.35,INR,2024-02-15,CP-00143,POS-000479,
GL-001509,ADVANCES_NONFUND,192493503.96,INR,2024-01-02,CP-00143,POS-000480,
GL-001510,ADVANCES_NONFUND,229888827.28,INR,2025-03-15,CP-00144,POS-000483,
GL-001511,ADVANCES_NONFUND,74407328.12,INR,2024-06-30,CP-00144,POS-000484,
GL-001512,ADVANCES_NONFUND,2273145688.53,INR,2026-02-21,CP-00145,POS-000487,
GL-001513,ADVANCES_NONFUND,7072338476.84,INR,2025-01-03,CP-00146,POS-000489,
GL-001514,ADVANCES_NONFUND,230596424.48,INR,2025-05-18,CP-00146,POS-000490,
GL-001515,ADVANCES_NONFUND,1718890594.12,INR,2023-08-20,CP-00147,POS-000493,
GL-001516,ADVANCES_NONFUND,2029508034.41,INR,2023-09-12,CP-00147,POS-000494,
GL-001517,ADVANCES_NONFUND,172391450.11,INR,2024-02-24,CP-00148,POS-000498,
GL-001518,ADVANCES_NONFUND,619394152.63,INR,2023-08-26,CP-00148,POS-000499,
GL-001519,ADVANCES_NONFUND,8208229773.34,INR,2023-07-28,CP-00149,POS-000503,
GL-001520,ADVANCES_NONFUND,34961018362.55,INR,2024-03-12,CP-00150,POS-000506,
GL-001521,ADVANCES_NONFUND,591470823.05,INR,2024-09-18,CP-00151,POS-000508,
GL-001522,ADVANCES_NONFUND,904565937.61,INR,2025-11-19,CP-00151,POS-000509,
GL-001523,ADVANCES_NONFUND,2129438761.68,INR,2024-01-20,CP-00152,POS-000513,
GL-001524,ADVANCES_NONFUND,302208047.4,INR,2025-11-30,CP-00152,POS-000514,
GL-001525,ADVANCES_NONFUND,2061074638.86,INR,2025-12-10,CP-00153,POS-000517,
GL-001526,ADVANCES_NONFUND,117912376.62,INR,2023-11-10,CP-00153,POS-000518,
GL-001527,ADVANCES_NONFUND,964379726.03,INR,2026-02-25,CP-00154,POS-000522,
GL-001528,ADVANCES_NONFUND,309382406.84,INR,2026-01-26,CP-00154,POS-000523,
GL-001529,ADVANCES_NONFUND,1550055439.94,INR,2024-12-18,CP-00155,POS-000526,
GL-001530,ADVANCES_NONFUND,711419650.11,INR,2024-09-29,CP-00156,POS-000528,
GL-001531,ADVANCES_NONFUND,597717049.12,INR,2026-05-12,CP-00156,POS-000529,
GL-001532,ADVANCES_NONFUND,11295935121.53,INR,2025-05-12,CP-00157,POS-000532,
GL-001533,ADVANCES_NONFUND,5078997229.78,INR,2025-10-27,CP-00158,POS-000535,
GL-001534,ADVANCES_NONFUND,1296500000.96,INR,2025-08-04,CP-00158,POS-000536,
GL-001535,ADVANCES_NONFUND,2684914477.4,INR,2025-12-14,CP-00159,POS-000538,
GL-001536,ADVANCES_NONFUND,1114420574.39,INR,2024-06-19,CP-00159,POS-000539,
GL-001537,ADVANCES_NONFUND,60054273168.35,INR,2025-01-29,CP-00160,POS-000541,
GL-001538,ADVANCES_NONFUND,12105873328.38,INR,2023-08-15,CP-00161,POS-000543,
GL-001539,ADVANCES_NONFUND,962731411.79,INR,2026-06-21,CP-00162,POS-000546,
GL-001540,ADVANCES_NONFUND,2361031990.35,INR,2024-03-01,CP-00162,POS-000547,
GL-001541,ADVANCES_NONFUND,14571274736.04,INR,2023-10-08,CP-00163,POS-000550,
GL-001542,ADVANCES_NONFUND,4390898903.02,INR,2025-01-14,CP-00164,POS-000553,
GL-001543,ADVANCES_NONFUND,968341165.29,INR,2024-05-26,CP-00164,POS-000554,
GL-001544,ADVANCES_NONFUND,315197038.39,INR,2025-03-05,CP-00165,POS-000556,
GL-001545,ADVANCES_NONFUND,1119563155.96,INR,2024-09-17,CP-00165,POS-000557,
GL-001546,ADVANCES_NONFUND,2321751038.97,INR,2023-10-11,CP-00166,POS-000559,
GL-001547,ADVANCES_NONFUND,1244860601.46,INR,2024-11-27,CP-00166,POS-000560,
GL-001548,ADVANCES_NONFUND,35867271896.19,INR,2024-10-05,CP-00167,POS-000563,
GL-001549,ADVANCES_NONFUND,1446673633.47,INR,2023-07-16,CP-00168,POS-000565,
GL-001550,ADVANCES_NONFUND,12008022934.74,INR,2025-01-03,CP-00169,POS-000569,
GL-001551,ADVANCES_NONFUND,18243794814.04,INR,2025-12-23,CP-00170,POS-000571,
GL-001552,ADVANCES_NONFUND,798857774.59,INR,2024-06-13,CP-00171,POS-000573,
GL-001553,ADVANCES_NONFUND,6843215004.9,INR,2024-06-02,CP-00171,POS-000574,
GL-001554,ADVANCES_NONFUND,667836935.65,INR,2025-10-14,CP-00172,POS-000576,
GL-001555,ADVANCES_NONFUND,6797515182.14,INR,2024-04-24,CP-00172,POS-000577,
GL-001556,ADVANCES_NONFUND,7053940707.37,INR,2026-04-22,CP-00173,POS-000581,
GL-001557,ADVANCES_NONFUND,625085419.4,INR,2025-07-15,CP-00174,POS-000584,
GL-001558,ADVANCES_NONFUND,11166000665.89,INR,2023-12-07,CP-00175,POS-000586,
GL-001559,ADVANCES_NONFUND,2110003768.31,INR,2024-08-23,CP-00176,POS-000588,
GL-001560,ADVANCES_NONFUND,141191114.14,INR,2024-09-04,CP-00177,POS-000592,
GL-001561,ADVANCES_NONFUND,306701283.58,INR,2024-08-20,CP-00178,POS-000596,
GL-001562,ADVANCES_NONFUND,116775974.85,INR,2026-01-01,CP-00178,POS-000597,
GL-001563,ADVANCES_NONFUND,1942676198.52,INR,2023-08-13,CP-00179,POS-000601,
GL-001564,ADVANCES_NONFUND,308041784.85,INR,2025-08-08,CP-00180,POS-000604,
GL-001565,ADVANCES_NONFUND,182409548.94,INR,2024-02-20,CP-00181,POS-000608,
GL-001566,ADVANCES_NONFUND,49892171.53,INR,2023-07-13,CP-00181,POS-000609,
GL-001567,ADVANCES_NONFUND,283006926.84,INR,2025-10-10,CP-00182,POS-000612,
GL-001568,ADVANCES_NONFUND,2606571337.53,INR,2024-08-05,CP-00182,POS-000613,
GL-001569,ADVANCES_NONFUND,94809247.05,INR,2026-05-15,CP-00183,POS-000615,
GL-001570,ADVANCES_NONFUND,55389714.64,INR,2024-08-03,CP-00184,POS-000617,
GL-001571,ADVANCES_NONFUND,74202336.73,INR,2025-03-05,CP-00184,POS-000618,
GL-001572,ADVANCES_NONFUND,4775849682.03,INR,2026-04-12,CP-00185,POS-000621,
GL-001573,ADVANCES_NONFUND,16259685.52,INR,2024-06-25,CP-00186,POS-000624,
GL-001574,ADVANCES_NONFUND,21985393.02,INR,2023-08-04,CP-00187,POS-000626,
GL-001575,ADVANCES_NONFUND,8395957.3,INR,2026-04-01,CP-00188,POS-000628,
GL-001576,ADVANCES_NONFUND,2296945.22,INR,2023-10-27,CP-00188,POS-000629,
GL-001577,ADVANCES_NONFUND,21159799.58,INR,2023-12-20,CP-00189,POS-000631,
GL-001578,ADVANCES_NONFUND,8323517.87,INR,2024-11-08,CP-00190,POS-000634,
GL-001579,ADVANCES_NONFUND,2069480.56,INR,2023-10-17,CP-00190,POS-000635,
GL-001580,ADVANCES_NONFUND,414258.01,INR,2025-07-27,CP-00191,POS-000639,
GL-001581,ADVANCES_NONFUND,2529006.22,INR,2024-05-03,CP-00191,POS-000640,
GL-001582,ADVANCES_NONFUND,28237883.81,INR,2024-05-27,CP-00192,POS-000643,
GL-001583,ADVANCES_NONFUND,65827305.11,INR,2024-10-03,CP-00192,POS-000644,
GL-001584,ADVANCES_NONFUND,6083315.01,INR,2023-12-31,CP-00193,POS-000647,
GL-001585,ADVANCES_NONFUND,7932839.58,INR,2023-11-14,CP-00194,POS-000651,
GL-001586,ADVANCES_NONFUND,3443981.11,INR,2024-02-21,CP-00194,POS-000652,
GL-001587,ADVANCES_NONFUND,89956821.77,INR,2024-09-24,CP-00195,POS-000656,
GL-001588,ADVANCES_NONFUND,2920052.69,INR,2023-07-27,CP-00196,POS-000659,
GL-001589,ADVANCES_NONFUND,34544494.85,INR,2024-10-30,CP-00196,POS-000660,
GL-001590,ADVANCES_NONFUND,5673353.18,INR,2024-08-02,CP-00197,POS-000663,
GL-001591,ADVANCES_NONFUND,22210923.94,INR,2025-12-06,CP-00197,POS-000664,
GL-001592,ADVANCES_NONFUND,109940572.28,INR,2025-07-14,CP-00198,POS-000666,
GL-001593,ADVANCES_NONFUND,2836181.56,INR,2023-10-14,CP-00199,POS-000669,
GL-001594,ADVANCES_NONFUND,3037678.34,INR,2025-01-01,CP-00199,POS-000670,
GL-001595,ADVANCES_NONFUND,14152006.63,INR,2024-12-18,CP-00200,POS-000673,
GL-001596,ADVANCES_NONFUND,6172501.07,INR,2024-01-19,CP-00200,POS-000674,
GL-001597,ADVANCES_NONFUND,19003514.81,INR,2025-07-08,CP-00201,POS-000677,
GL-001598,ADVANCES_NONFUND,309792530.92,INR,2025-09-13,CP-00202,POS-000681,
GL-001599,ADVANCES_NONFUND,51416584.32,INR,2026-06-21,CP-00203,POS-000685,
GL-001600,ADVANCES_NONFUND,423948424.3,INR,2025-10-20,CP-00203,POS-000686,
GL-001601,ADVANCES_NONFUND,1082956223.68,INR,2024-12-17,CP-00204,POS-000689,
GL-001602,ADVANCES_NONFUND,1103627563.31,INR,2024-04-28,CP-00204,POS-000690,
GL-001603,ADVANCES_NONFUND,184841952.59,INR,2025-07-05,CP-00205,POS-000694,
GL-001604,ADVANCES_NONFUND,155376543.26,INR,2025-03-01,CP-00205,POS-000695,
GL-001605,ADVANCES_NONFUND,731407721.67,INR,2025-10-31,CP-00206,POS-000697,
GL-001606,ADVANCES_NONFUND,178277204.95,INR,2024-01-18,CP-00206,POS-000698,
GL-001607,ADVANCES_NONFUND,2296278220.32,INR,2024-12-03,CP-00207,POS-000700,
GL-001608,ADVANCES_NONFUND,497877991.38,INR,2026-01-24,CP-00208,POS-000703,
GL-001609,ADVANCES_NONFUND,360897673.4,INR,2024-09-01,CP-00208,POS-000704,
GL-001610,ADVANCES_NONFUND,15285767789.64,INR,2025-06-28,CP-00209,POS-000707,
GL-001611,ADVANCES_NONFUND,137717352.52,INR,2023-11-26,CP-00210,POS-000709,
GL-001612,ADVANCES_NONFUND,2164339217.97,INR,2025-09-10,CP-00210,POS-000710,
GL-001613,ADVANCES_NONFUND,1845375965.99,INR,2023-11-27,CP-00211,POS-000713,
GL-001614,ADVANCES_NONFUND,1582027499.62,INR,2024-05-27,CP-00212,POS-000717,
GL-001615,ADVANCES_NONFUND,587760636.2,INR,2026-02-02,CP-00212,POS-000718,
GL-001616,ADVANCES_NONFUND,4320361075.25,INR,2024-03-21,CP-00213,POS-000720,
GL-001617,ADVANCES_NONFUND,934302505.65,INR,2024-05-02,CP-00214,POS-000722,
GL-001618,ADVANCES_NONFUND,74770492.53,INR,2025-02-16,CP-00214,POS-000723,
GL-001619,ADVANCES_NONFUND,822232620.69,INR,2026-01-06,CP-00215,POS-000725,
GL-001620,ADVANCES_NONFUND,4223988925.95,INR,2025-01-23,CP-00215,POS-000726,
GL-001621,ADVANCES_NONFUND,1557555309.53,INR,2024-09-02,CP-00216,POS-000729,
GL-001622,ADVANCES_NONFUND,12608827870.08,INR,2026-02-06,CP-00216,POS-000730,
GL-001623,ADVANCES_NONFUND,9236366635.2,INR,2025-06-22,CP-00217,POS-000733,
GL-001624,ADVANCES_NONFUND,412828267.8,INR,2024-05-23,CP-00218,POS-000735,
GL-001625,ADVANCES_NONFUND,62097261.41,INR,2024-11-02,CP-00218,POS-000736,
GL-001626,ADVANCES_NONFUND,951113737.86,INR,2023-07-10,CP-00219,POS-000739,
GL-001627,ADVANCES_NONFUND,888325304.75,INR,2025-11-05,CP-00220,POS-000741,
GL-001628,ADVANCES_NONFUND,288746096.47,INR,2024-03-01,CP-00221,POS-000743,
GL-001629,ADVANCES_NONFUND,282672914.35,INR,2025-03-22,CP-00222,POS-000745,
GL-001630,ADVANCES_NONFUND,3854682317.52,INR,2025-10-29,CP-00223,POS-000749,
GL-001631,ADVANCES_NONFUND,62392714.63,INR,2023-08-24,CP-00223,POS-000750,
GL-001632,ADVANCES_NONFUND,111773248.9,INR,2024-08-17,CP-00224,POS-000753,
GL-001633,ADVANCES_NONFUND,622193789.84,INR,2024-11-21,CP-00225,POS-000755,
GL-001634,ADVANCES_NONFUND,93880478.01,INR,2025-08-12,CP-00225,POS-000756,
GL-001635,ADVANCES_NONFUND,2278971311.45,INR,2023-11-08,CP-00226,POS-000758,
GL-001636,ADVANCES_NONFUND,4891357993.49,INR,2026-05-28,CP-00226,POS-000759,
GL-001637,ADVANCES_NONFUND,363384907.09,INR,2026-02-24,CP-00227,POS-000763,
GL-001638,ADVANCES_NONFUND,456814913.41,INR,2025-12-16,CP-00228,POS-000766,
GL-001639,ADVANCES_NONFUND,1808470351.46,INR,2024-07-15,CP-00228,POS-000767,
GL-001640,ADVANCES_NONFUND,307736349.68,INR,2026-03-10,CP-00229,POS-000771,
GL-001641,ADVANCES_NONFUND,46425013.22,INR,2024-02-09,CP-00229,POS-000772,
GL-001642,ADVANCES_NONFUND,7574368966.71,INR,2025-11-28,CP-00230,POS-000774,
GL-001643,ADVANCES_NONFUND,166064061.92,INR,2024-06-20,CP-00231,POS-000778,
GL-001644,ADVANCES_NONFUND,11917643289.68,INR,2024-02-10,CP-00232,POS-000782,
GL-001645,ADVANCES_NONFUND,1791375669.45,INR,2023-11-11,CP-00233,POS-000785,
GL-001646,ADVANCES_NONFUND,9621423985.56,INR,2025-08-14,CP-00234,POS-000789,
GL-001647,ADVANCES_NONFUND,3150922667.15,INR,2026-04-10,CP-00234,POS-000790,
GL-001648,ADVANCES_NONFUND,10877455796.46,INR,2024-03-24,CP-00235,POS-000793,
GL-001649,ADVANCES_NONFUND,16663517107.2,INR,2025-02-24,CP-00235,POS-000794,
GL-001650,ADVANCES_NONFUND,651255056.54,INR,2023-08-26,CP-00236,POS-000796,
GL-001651,ADVANCES_NONFUND,4882015156.8,INR,2025-12-06,CP-00236,POS-000797,
GL-001652,ADVANCES_NONFUND,29758317653.45,INR,2024-10-10,CP-00237,POS-000799,
GL-001653,ADVANCES_NONFUND,35425771668.69,INR,2026-02-20,CP-00237,POS-000800,
GL-001654,ADVANCES_NONFUND,18791439285.66,INR,2025-01-15,CP-00238,POS-000803,
GL-001655,ADVANCES_NONFUND,23756004862.05,INR,2026-06-29,CP-00239,POS-000805,
GL-001656,ADVANCES_NONFUND,17210585999.68,INR,2024-03-31,CP-00240,POS-000807,
GL-001657,ADVANCES_NONFUND,40508769559.63,INR,2024-09-06,CP-00241,POS-000810,
GL-001658,ADVANCES_NONFUND,10487530517.79,INR,2026-03-16,CP-00242,POS-000812,
GL-001659,ADVANCES_NONFUND,13709803599.23,INR,2024-12-31,CP-00243,POS-000814,
GL-001660,ADVANCES_NONFUND,4688037417.67,INR,2025-03-19,CP-00244,POS-000816,
GL-001661,ADVANCES_NONFUND,68430463.71,INR,2024-06-23,CP-00245,POS-000819,
GL-001662,ADVANCES_NONFUND,12441768292.05,INR,2024-12-31,CP-00245,POS-000820,
GL-001663,ADVANCES_NONFUND,2739314470.19,INR,2025-02-13,CP-00246,POS-000822,
GL-001664,ADVANCES_NONFUND,1909117481.36,INR,2024-01-02,CP-00246,POS-000823,
GL-001665,ADVANCES_NONFUND,502445669.9,INR,2024-12-09,CP-00247,POS-000826,
GL-001666,ADVANCES_NONFUND,1838176316.82,INR,2024-01-21,CP-00247,POS-000827,
GL-001667,ADVANCES_NONFUND,584964296.67,INR,2023-11-04,CP-00248,POS-000830,
GL-001668,ADVANCES_NONFUND,3279299014.52,INR,2023-12-15,CP-00248,POS-000831,
GL-001669,ADVANCES_NONFUND,12969033477.31,INR,2023-08-19,CP-00249,POS-000834,
GL-001670,ADVANCES_NONFUND,2200397086.21,INR,2024-05-27,CP-00249,POS-000835,
GL-001671,ADVANCES_NONFUND,10549552.37,INR,2024-10-23,CP-00250,POS-000837,
GL-001672,ADVANCES_NONFUND,748568889.1,INR,2024-11-27,CP-00250,POS-000838,
GL-001673,ADVANCES_NONFUND,7918208097.85,INR,2025-11-19,CP-00251,POS-000840,
GL-001674,ADVANCES_NONFUND,126149732.75,INR,2024-01-06,CP-00252,POS-000843,
GL-001675,ADVANCES_NONFUND,20081199.98,INR,2024-06-01,CP-00252,POS-000844,
GL-001676,ADVANCES_NONFUND,13991066131.64,INR,2023-11-17,CP-00253,POS-000847,
GL-001677,ADVANCES_NONFUND,2139224445.48,INR,2024-05-23,CP-00253,POS-000848,
GL-001678,ADVANCES_NONFUND,299196374.82,INR,2025-01-20,CP-00254,POS-000851,
GL-001679,ADVANCES_NONFUND,323052600.62,INR,2025-08-11,CP-00255,POS-000853,
GL-001680,ADVANCES_NONFUND,313790855.28,INR,2023-07-17,CP-00256,POS-000856,
GL-001681,ADVANCES_NONFUND,932131330.09,INR,2024-04-18,CP-00256,POS-000857,
GL-001682,ADVANCES_NONFUND,282968910.56,INR,2023-11-16,CP-00257,POS-000859,
GL-001683,ADVANCES_NONFUND,124498093.37,INR,2024-09-28,CP-00257,POS-000860,
GL-001684,ADVANCES_NONFUND,112884746.08,INR,2024-12-19,CP-00258,POS-000864,
GL-001685,ADVANCES_NONFUND,28859256.52,INR,2026-05-24,CP-00258,POS-000865,
GL-001686,ADVANCES_NONFUND,121753922.05,INR,2026-04-16,CP-00259,POS-000867,
GL-001687,ADVANCES_NONFUND,1422648.96,INR,2024-05-18,CP-00260,POS-000871,
GL-001688,ADVANCES_NONFUND,1351680.46,INR,2025-10-28,CP-00261,POS-000874,
GL-001689,ADVANCES_NONFUND,679480.06,INR,2026-04-02,CP-00262,POS-000878,
GL-001690,ADVANCES_NONFUND,2413645.09,INR,2024-03-02,CP-00263,POS-000880,
GL-001691,ADVANCES_NONFUND,1675367.34,INR,2024-08-20,CP-00263,POS-000881,
GL-001692,ADVANCES_NONFUND,699804.0,INR,2026-03-01,CP-00264,POS-000884,
GL-001693,ADVANCES_NONFUND,1082469.46,INR,2024-12-30,CP-00264,POS-000885,
GL-001694,ADVANCES_NONFUND,11804688.1,INR,2025-02-01,CP-00265,POS-000888,
GL-001695,ADVANCES_NONFUND,45762.32,INR,2026-06-26,CP-00266,POS-000890,
GL-001696,ADVANCES_NONFUND,1340258.93,INR,2024-09-06,CP-00266,POS-000891,
GL-001697,ADVANCES_NONFUND,136395.9,INR,2025-04-22,CP-00267,POS-000895,
GL-001698,ADVANCES_NONFUND,2346546.26,INR,2023-11-12,CP-00267,POS-000896,
GL-001699,ADVANCES_NONFUND,1216076.83,INR,2026-02-24,CP-00268,POS-000898,
GL-001700,ADVANCES_NONFUND,537667.04,INR,2023-12-16,CP-00268,POS-000899,
GL-001701,ADVANCES_NONFUND,3866961.97,INR,2026-06-23,CP-00269,POS-000902,
GL-001702,ADVANCES_NONFUND,51700.52,INR,2024-03-16,CP-00270,POS-000904,
GL-001703,ADVANCES_NONFUND,886886.9,INR,2024-02-25,CP-00270,POS-000905,
GL-001704,ADVANCES_NONFUND,8230740.8,INR,2025-04-10,CP-00271,POS-000909,
GL-001705,ADVANCES_NONFUND,31574390.88,INR,2025-08-27,CP-00272,POS-000913,
GL-001706,ADVANCES_NONFUND,347558.27,INR,2026-01-26,CP-00273,POS-000917,
GL-001707,ADVANCES_NONFUND,189269.91,INR,2025-06-23,CP-00274,POS-000919,
GL-001708,ADVANCES_NONFUND,997232106.41,INR,2024-06-27,CP-00275,POS-000921,
GL-001709,ADVANCES_NONFUND,3549608541.33,INR,2024-04-28,CP-00276,POS-000925,
GL-001710,ADVANCES_NONFUND,2161317365.01,INR,2025-12-14,CP-00277,POS-000928,
GL-001711,ADVANCES_NONFUND,1365599207.95,INR,2026-06-18,CP-00278,POS-000932,
GL-001712,ADVANCES_NONFUND,1885733969.83,INR,2024-10-24,CP-00279,POS-000935,
GL-001713,ADVANCES_NONFUND,5335377907.17,INR,2024-10-03,CP-00280,POS-000938,
GL-001714,ADVANCES_NONFUND,5536084981.17,INR,2023-07-23,CP-00280,POS-000939,
GL-001715,ADVANCES_NONFUND,2869070671.18,INR,2024-03-19,CP-00281,POS-000942,
GL-001716,ADVANCES_NONFUND,1709308083.33,INR,2024-11-05,CP-00281,POS-000943,
GL-001717,ADVANCES_NONFUND,2198238562.52,INR,2024-09-20,CP-00282,POS-000945,
GL-001718,ADVANCES_NONFUND,1415438743.41,INR,2024-07-24,CP-00283,POS-000947,
GL-001719,ADVANCES_NONFUND,109072880.44,INR,2025-02-21,CP-00283,POS-000948,
GL-001720,ADVANCES_NONFUND,767342739.69,INR,2024-06-19,CP-00284,POS-000952,
GL-001721,ADVANCES_NONFUND,15989966498.84,INR,2025-11-28,CP-00284,POS-000953,
GL-001722,ADVANCES_NONFUND,3937650879.94,INR,2024-01-03,CP-00285,POS-000957,
GL-001723,ADVANCES_NONFUND,9083671631.4,INR,2023-11-30,CP-00286,POS-000959,
GL-001724,ADVANCES_NONFUND,3514732164.98,INR,2025-03-11,CP-00287,POS-000961,
GL-001725,ADVANCES_NONFUND,1528418257.32,INR,2025-02-15,CP-00288,POS-000963,
GL-001726,ADVANCES_NONFUND,377834808.07,INR,2025-01-02,CP-00288,POS-000964,
GL-001727,ADVANCES_NONFUND,262020814.17,INR,2024-01-17,CP-00289,POS-000968,
GL-001728,ADVANCES_NONFUND,952067439.41,INR,2025-12-20,CP-00290,POS-000970,
GL-001729,ADVANCES_NONFUND,18397375.99,INR,2025-06-22,CP-00290,POS-000971,
GL-001730,ADVANCES_NONFUND,20461963.98,INR,2024-08-26,CP-00291,POS-000973,
GL-001731,ADVANCES_NONFUND,71102666.16,INR,2024-06-01,CP-00291,POS-000974,
GL-001732,ADVANCES_NONFUND,122289503.31,INR,2025-08-11,CP-00292,POS-000977,
GL-001733,ADVANCES_NONFUND,168246661.2,INR,2026-02-22,CP-00293,POS-000981,
GL-001734,ADVANCES_NONFUND,157165683.63,INR,2024-12-22,CP-00294,POS-000985,
GL-001735,ADVANCES_NONFUND,31955727.95,INR,2024-07-31,CP-00294,POS-000986,
GL-001736,ADVANCES_NONFUND,239023176.15,INR,2024-03-13,CP-00295,POS-000989,
GL-001737,ADVANCES_NONFUND,104404822.26,INR,2026-06-27,CP-00295,POS-000990,
GL-001738,ADVANCES_NONFUND,277126391.35,INR,2026-06-11,CP-00296,POS-000994,
GL-001739,ADVANCES_NONFUND,17051763.62,INR,2025-05-03,CP-00296,POS-000995,
GL-001740,ADVANCES_NONFUND,112686315.42,INR,2024-10-21,CP-00297,POS-000998,
GL-001741,ADVANCES_NONFUND,1057892284.36,INR,2026-06-27,CP-00298,POS-001000,
GL-001742,ADVANCES_NONFUND,14076666.09,INR,2025-12-23,CP-00299,POS-001004,
GL-001743,ADVANCES_NONFUND,103775268.14,INR,2025-03-29,CP-00299,POS-001005,
GL-001744,ADVANCES_NONFUND,15787027.27,INR,2025-08-29,CP-00300,POS-001008,
GL-001745,ADVANCES_NONFUND,41016055.68,INR,2024-05-13,CP-00300,POS-001009,
GL-001746,ADVANCES_NONFUND,197994052.57,INR,2026-05-23,CP-00301,POS-001011,
GL-001747,ADVANCES_NONFUND,25158341.29,INR,2023-11-01,CP-00301,POS-001012,
GL-001748,ADVANCES_NONFUND,2270742098.05,INR,2025-12-27,CP-00302,POS-001015,
GL-001749,ADVANCES_NONFUND,5095447542.34,INR,2025-03-05,CP-00303,POS-001017,
GL-001750,ADVANCES_NONFUND,217473789.55,INR,2023-07-16,CP-00304,POS-001019,
GL-001751,ADVANCES_NONFUND,119414197.94,INR,2024-07-05,CP-00304,POS-001020,
GL-001752,ADVANCES_NONFUND,694293489.8,INR,2023-07-03,CP-00305,POS-001022,
GL-001753,ADVANCES_NONFUND,10195346534.94,INR,2026-06-09,CP-00305,POS-001023,
GL-001754,ADVANCES_NONFUND,71573111.43,INR,2024-05-03,CP-00306,POS-001027,
GL-001755,ADVANCES_NONFUND,293599233.05,INR,2026-04-09,CP-00306,POS-001028,
GL-001756,ADVANCES_NONFUND,321337249.58,INR,2024-08-30,CP-00307,POS-001031,
GL-001757,ADVANCES_NONFUND,10621850.07,INR,2025-07-09,CP-00307,POS-001032,
GL-001758,ADVANCES_NONFUND,306933110.76,INR,2024-03-02,CP-00308,POS-001036,
GL-001759,ADVANCES_NONFUND,382036530.39,INR,2026-02-14,CP-00308,POS-001037,
GL-001760,ADVANCES_NONFUND,1689209667.16,INR,2023-10-23,CP-00309,POS-001039,
GL-001761,ADVANCES_NONFUND,55051757.44,INR,2025-01-20,CP-00309,POS-001040,
GL-001762,ADVANCES_NONFUND,448103815.08,INR,2024-12-09,CP-00310,POS-001042,
GL-001763,ADVANCES_NONFUND,1634868449.48,INR,2024-10-13,CP-00311,POS-001045,
GL-001764,ADVANCES_NONFUND,9916632473.69,INR,2026-05-23,CP-00311,POS-001046,
GL-001765,ADVANCES_NONFUND,493287601.63,INR,2025-07-26,CP-00312,POS-001048,
GL-001766,ADVANCES_NONFUND,89228207.52,INR,2024-05-15,CP-00312,POS-001049,
GL-001767,ADVANCES_NONFUND,1937268221.3,INR,2023-08-13,CP-00313,POS-001053,
GL-001768,ADVANCES_NONFUND,6132182777.43,INR,2023-07-18,CP-00313,POS-001054,
GL-001769,ADVANCES_NONFUND,10824696157.28,INR,2024-11-21,CP-00314,POS-001057,
GL-001770,ADVANCES_NONFUND,1276728689.78,INR,2025-09-21,CP-00315,POS-001061,
GL-001771,ADVANCES_NONFUND,6890878033.8,INR,2025-01-24,CP-00316,POS-001065,
GL-001772,ADVANCES_NONFUND,1911045410.52,INR,2025-02-08,CP-00316,POS-001066,
GL-001773,ADVANCES_NONFUND,53830204.72,INR,2025-04-22,CP-00317,POS-001068,
GL-001774,ADVANCES_NONFUND,76651875.8,INR,2025-05-31,CP-00318,POS-001071,
GL-001775,ADVANCES_NONFUND,322105297.66,INR,2023-11-23,CP-00318,POS-001072,
GL-001776,ADVANCES_NONFUND,56200576.11,INR,2025-04-29,CP-00319,POS-001076,
GL-001777,ADVANCES_NONFUND,9416778.45,INR,2026-05-29,CP-00319,POS-001077,
GL-001778,ADVANCES_NONFUND,5305965912.74,INR,2024-05-02,CP-00320,POS-001080,
GL-001779,ADVANCES_NONFUND,89603572.83,INR,2024-07-02,CP-00321,POS-001082,
GL-001780,ADVANCES_NONFUND,6595103.79,INR,2025-05-12,CP-00321,POS-001083,
GL-001781,ADVANCES_NONFUND,59443031.8,INR,2024-08-10,CP-00322,POS-001085,
GL-001782,ADVANCES_NONFUND,2238568509.79,INR,2023-09-04,CP-00323,POS-001087,
GL-001783,ADVANCES_NONFUND,76962891.58,INR,2023-09-22,CP-00324,POS-001090,
GL-001784,ADVANCES_NONFUND,235470593.65,INR,2024-02-17,CP-00324,POS-001091,
GL-001785,ADVANCES_NONFUND,332109583.91,INR,2024-09-30,CP-00325,POS-001093,
GL-001786,ADVANCES_NONFUND,69735013.94,INR,2026-05-31,CP-00325,POS-001094,
GL-001787,ADVANCES_NONFUND,317348582.02,INR,2024-12-17,CP-00326,POS-001096,
GL-001788,ADVANCES_NONFUND,2364172610.47,INR,2024-01-16,CP-00327,POS-001098,
GL-001789,ADVANCES_NONFUND,595102230.12,INR,2023-12-18,CP-00327,POS-001099,
GL-001790,ADVANCES_NONFUND,505067072.49,INR,2024-03-06,CP-00328,POS-001101,
GL-001791,ADVANCES_NONFUND,274561310.93,INR,2023-07-16,CP-00329,POS-001103,
GL-001792,ADVANCES_NONFUND,77658128.7,INR,2024-12-12,CP-00329,POS-001104,
GL-001793,ADVANCES_NONFUND,3993454.15,INR,2026-03-02,CP-00330,POS-001106,
GL-001794,ADVANCES_NONFUND,73337664.36,INR,2025-01-02,CP-00330,POS-001107,
GL-001795,ADVANCES_NONFUND,2638354.55,INR,2025-07-17,CP-00331,POS-001109,
GL-001796,ADVANCES_NONFUND,2065304.22,INR,2023-12-29,CP-00331,POS-001110,
GL-001797,ADVANCES_NONFUND,25803832.96,INR,2024-03-02,CP-00332,POS-001113,
GL-001798,ADVANCES_NONFUND,12667532.55,INR,2025-03-22,CP-00333,POS-001117,
GL-001799,ADVANCES_NONFUND,6574419.74,INR,2025-05-01,CP-00333,POS-001118,
GL-001800,ADVANCES_NONFUND,308914.4,INR,2026-01-07,CP-00334,POS-001121,
GL-001801,ADVANCES_NONFUND,3948998.16,INR,2026-05-14,CP-00334,POS-001122,
GL-001802,ADVANCES_NONFUND,50603573.02,INR,2025-07-23,CP-00335,POS-001124,
GL-001803,ADVANCES_NONFUND,13973985.36,INR,2025-10-10,CP-00336,POS-001126,
GL-001804,ADVANCES_NONFUND,84859.61,INR,2025-09-13,CP-00336,POS-001127,
GL-001805,ADVANCES_NONFUND,116459835.5,INR,2023-07-03,CP-00337,POS-001129,
GL-001806,ADVANCES_NONFUND,31274022.53,INR,2024-06-15,CP-00338,POS-001131,
GL-001807,ADVANCES_NONFUND,67218313.05,INR,2024-11-04,CP-00339,POS-001133,
GL-001808,ADVANCES_NONFUND,70551258.32,INR,2025-12-17,CP-00340,POS-001136,
GL-001809,ADVANCES_NONFUND,61458168.43,INR,2023-12-22,CP-00340,POS-001137,
GL-001810,ADVANCES_NONFUND,8245865.92,INR,2024-07-24,CP-00341,POS-001141,
GL-001811,ADVANCES_NONFUND,19454212.91,INR,2024-12-14,CP-00342,POS-001144,
GL-001812,ADVANCES_NONFUND,836149.71,INR,2025-02-05,CP-00342,POS-001145,
GL-001813,ADVANCES_NONFUND,3086747.12,INR,2024-11-02,CP-00343,POS-001147,
GL-001814,ADVANCES_NONFUND,2222594.96,INR,2023-12-24,CP-00344,POS-001149,
GL-001815,ADVANCES_NONFUND,2323056.98,INR,2024-05-03,CP-00344,POS-001150,
GL-001816,ADVANCES_NONFUND,1433033512.93,INR,2025-01-15,CP-00345,POS-001152,
GL-001817,ADVANCES_NONFUND,406886733.23,INR,2024-06-29,CP-00346,POS-001155,
GL-001818,ADVANCES_NONFUND,2937592688.8,INR,2023-09-16,CP-00346,POS-001156,
GL-001819,ADVANCES_NONFUND,4115949407.11,INR,2025-07-08,CP-00347,POS-001158,
GL-001820,ADVANCES_NONFUND,776221382.28,INR,2023-10-18,CP-00347,POS-001159,
GL-001821,ADVANCES_NONFUND,743811786.23,INR,2024-09-04,CP-00348,POS-001161,
GL-001822,ADVANCES_NONFUND,112591915.4,INR,2025-12-10,CP-00349,POS-001165,
GL-001823,ADVANCES_NONFUND,1433108358.22,INR,2023-08-07,CP-00349,POS-001166,
GL-001824,ADVANCES_NONFUND,92868939.77,INR,2024-06-09,CP-00350,POS-001169,
GL-001825,ADVANCES_NONFUND,1374392069.51,INR,2025-05-04,CP-00350,POS-001170,
GL-001826,ADVANCES_NONFUND,352843464.96,INR,2025-11-07,CP-00351,POS-001173,
GL-001827,ADVANCES_NONFUND,1312500173.99,INR,2023-10-02,CP-00351,POS-001174,
GL-001828,ADVANCES_NONFUND,240661417.23,INR,2024-01-11,CP-00352,POS-001178,
GL-001829,ADVANCES_NONFUND,2777829662.93,INR,2026-05-13,CP-00352,POS-001179,
GL-001830,ADVANCES_NONFUND,501190371.58,INR,2024-08-03,CP-00353,POS-001182,
GL-001831,ADVANCES_NONFUND,1306489176.98,INR,2026-02-25,CP-00353,POS-001183,
GL-001832,ADVANCES_NONFUND,1355792772.25,INR,2025-08-12,CP-00354,POS-001186,
GL-001833,ADVANCES_NONFUND,9304901047.31,INR,2024-10-17,CP-00354,POS-001187,
GL-001834,ADVANCES_NONFUND,3347476724.15,INR,2025-10-01,CP-00355,POS-001189,
GL-001835,ADVANCES_NONFUND,23218504.32,INR,2024-12-16,CP-00356,POS-001191,
GL-001836,ADVANCES_NONFUND,2319355586.81,INR,2025-03-17,CP-00356,POS-001192,
GL-001837,ADVANCES_NONFUND,1177812262.83,INR,2024-10-02,CP-00357,POS-001196,
GL-001838,ADVANCES_NONFUND,19772041.17,INR,2024-02-05,CP-00357,POS-001197,
GL-001839,ADVANCES_NONFUND,14897714440.53,INR,2026-01-12,CP-00358,POS-001201,
GL-001840,ADVANCES_NONFUND,2479172398.55,INR,2024-02-10,CP-00358,POS-001202,
GL-001841,ADVANCES_NONFUND,2448286365.25,INR,2025-10-30,CP-00359,POS-001206,
GL-001842,ADVANCES_NONFUND,3088038492.74,INR,2026-05-25,CP-00360,POS-001210,
GL-001843,ADVANCES_NONFUND,314675695852.19,INR,2025-02-27,CP-00361,POS-001212,
GL-001844,ADVANCES_NONFUND,180127111.34,INR,2025-08-03,CP-00362,POS-001215,
GL-001845,ADVANCES_NONFUND,1786115010.42,INR,2025-12-10,CP-00362,POS-001216,
GL-001846,ADVANCES_NONFUND,784304471.15,INR,2025-03-24,CP-00363,POS-001220,
GL-001847,ADVANCES_NONFUND,557528600.74,INR,2023-11-22,CP-00363,POS-001221,
GL-001848,ADVANCES_NONFUND,343206550.31,INR,2024-09-27,CP-00364,POS-001224,
GL-001849,ADVANCES_NONFUND,876803762.41,INR,2024-04-25,CP-00364,POS-001225,
GL-001850,ADVANCES_NONFUND,12812729309.61,INR,2026-01-18,CP-00365,POS-001228,
GL-001851,ADVANCES_NONFUND,4680825149.04,INR,2026-04-08,CP-00366,POS-001230,
GL-001852,ADVANCES_NONFUND,4242688572.3,INR,2025-06-28,CP-00367,POS-001232,
GL-001853,ADVANCES_NONFUND,8316732031.76,INR,2024-03-05,CP-00368,POS-001236,
GL-001854,ADVANCES_NONFUND,529270287.94,INR,2023-11-04,CP-00368,POS-001237,
GL-001855,ADVANCES_NONFUND,489230512.95,INR,2026-03-11,CP-00369,POS-001239,
GL-001856,ADVANCES_NONFUND,971123873.48,INR,2025-01-25,CP-00369,POS-001240,
GL-001857,ADVANCES_NONFUND,1754411176.61,INR,2025-04-22,CP-00370,POS-001242,
GL-001858,ADVANCES_NONFUND,45985232426.34,INR,2024-04-07,CP-00371,POS-001244,
GL-001859,ADVANCES_NONFUND,4802923278.83,INR,2025-11-17,CP-00371,POS-001245,
GL-001860,ADVANCES_NONFUND,37300540325.5,INR,2025-01-16,CP-00372,POS-001248,
GL-001861,ADVANCES_NONFUND,2944271814.13,INR,2023-12-13,CP-00373,POS-001252,
GL-001862,ADVANCES_NONFUND,3459354104.21,INR,2025-02-06,CP-00374,POS-001255,
GL-001863,ADVANCES_NONFUND,642213588.85,INR,2024-02-26,CP-00374,POS-001256,
GL-001864,ADVANCES_NONFUND,1214168131.9,INR,2024-08-18,CP-00375,POS-001258,
GL-001865,ADVANCES_NONFUND,2654747398.56,INR,2024-09-14,CP-00376,POS-001262,
GL-001866,ADVANCES_NONFUND,2002967745.73,INR,2025-09-19,CP-00377,POS-001264,
GL-001867,ADVANCES_NONFUND,8184941019.55,INR,2023-07-10,CP-00377,POS-001265,
GL-001868,ADVANCES_NONFUND,415802085.71,INR,2025-09-30,CP-00378,POS-001268,
GL-001869,ADVANCES_NONFUND,200900322.23,INR,2023-09-15,CP-00378,POS-001269,
GL-001870,ADVANCES_NONFUND,15309252763.75,INR,2023-07-13,CP-00379,POS-001271,
GL-001871,ADVANCES_NONFUND,52096830903.15,INR,2024-12-18,CP-00380,POS-001273,
GL-001872,ADVANCES_NONFUND,536897155.29,INR,2023-11-22,CP-00381,POS-001276,
GL-001873,ADVANCES_NONFUND,597176469.0,INR,2024-05-08,CP-00381,POS-001277,
GL-001874,ADVANCES_NONFUND,4550582478.17,INR,2024-04-14,CP-00382,POS-001281,
GL-001875,ADVANCES_NONFUND,1914462079.9,INR,2026-04-16,CP-00383,POS-001284,
GL-001876,ADVANCES_NONFUND,5263169819.87,INR,2026-01-31,CP-00384,POS-001287,
GL-001877,ADVANCES_NONFUND,16746460845.04,INR,2026-04-15,CP-00385,POS-001289,
GL-001878,ADVANCES_NONFUND,9456468305.58,INR,2026-05-28,CP-00386,POS-001293,
GL-001879,ADVANCES_NONFUND,4067132969.37,INR,2023-12-28,CP-00387,POS-001296,
GL-001880,ADVANCES_NONFUND,1845512873.47,INR,2025-12-20,CP-00388,POS-001298,
GL-001881,ADVANCES_NONFUND,6245924234.13,INR,2026-06-24,CP-00389,POS-001302,
GL-001882,ADVANCES_NONFUND,1043657473.66,INR,2023-09-08,CP-00390,POS-001305,
GL-001883,ADVANCES_NONFUND,32117716900.2,INR,2025-08-29,CP-00391,POS-001309,
GL-001884,ADVANCES_NONFUND,8175750590.86,INR,2024-01-19,CP-00392,POS-001312,
GL-001885,ADVANCES_NONFUND,4793107491.66,INR,2023-08-14,CP-00393,POS-001315,
GL-001886,ADVANCES_NONFUND,3422791159.26,INR,2024-12-05,CP-00393,POS-001316,
GL-001887,ADVANCES_NONFUND,6600416922.08,INR,2023-09-20,CP-00394,POS-001320,
GL-001888,ADVANCES_NONFUND,1611123169.84,INR,2023-08-05,CP-00395,POS-001323,
GL-001889,ADVANCES_NONFUND,334718501.32,INR,2026-01-24,CP-00396,POS-001327,
GL-001890,ADVANCES_NONFUND,2343027077.97,INR,2026-01-21,CP-00396,POS-001328,
GL-001891,ADVANCES_NONFUND,1953396504.34,INR,2025-05-21,CP-00397,POS-001330,
GL-001892,ADVANCES_NONFUND,1267592059.31,INR,2024-10-26,CP-00397,POS-001331,
GL-001893,ADVANCES_NONFUND,3030858756.61,INR,2024-02-21,CP-00398,POS-001334,
GL-001894,ADVANCES_NONFUND,473067451.81,INR,2025-12-12,CP-00398,POS-001335,
GL-001895,ADVANCES_NONFUND,3872272325.59,INR,2025-12-01,CP-00399,POS-001339,
GL-001896,ADVANCES_NONFUND,3750573346.39,INR,2025-07-30,CP-00399,POS-001340,
GL-001897,ADVANCES_NONFUND,1078193003.65,INR,2025-09-06,CP-00400,POS-001342,
GL-001898,ADVANCES_NONFUND,544970255.1,INR,2023-09-05,CP-00400,POS-001343,
GL-001899,ADVANCES_NONFUND,1232216240.78,INR,2025-04-23,CP-00401,POS-001345,
GL-001900,ADVANCES_NONFUND,1432213662.01,INR,2023-11-23,CP-00401,POS-001346,
GL-001901,ADVANCES_NONFUND,86183082.17,INR,2026-04-30,CP-00402,POS-001348,
GL-001902,ADVANCES_NONFUND,26862932.71,INR,2026-03-11,CP-00402,POS-001349,
GL-001903,ADVANCES_NONFUND,151566828.17,INR,2024-02-02,CP-00403,POS-001353,
GL-001904,ADVANCES_NONFUND,69309693.22,INR,2025-09-30,CP-00403,POS-001354,
GL-001905,ADVANCES_NONFUND,12704894.19,INR,2026-04-01,CP-00404,POS-001357,
GL-001906,ADVANCES_NONFUND,27789492.43,INR,2024-09-18,CP-00404,POS-001358,
GL-001907,ADVANCES_NONFUND,483246338.75,INR,2026-01-20,CP-00405,POS-001362,
GL-001908,ADVANCES_NONFUND,347881441.58,INR,2026-04-24,CP-00406,POS-001366,
GL-001909,ADVANCES_NONFUND,306667500.23,INR,2025-04-12,CP-00407,POS-001369,
GL-001910,ADVANCES_NONFUND,3427047.44,INR,2024-11-05,CP-00408,POS-001371,
GL-001911,ADVANCES_NONFUND,232426382.64,INR,2024-11-30,CP-00408,POS-001372,
GL-001912,ADVANCES_NONFUND,130746118.06,INR,2024-09-28,CP-00409,POS-001375,
GL-001913,ADVANCES_NONFUND,31016042.6,INR,2026-06-05,CP-00409,POS-001376,
GL-001914,ADVANCES_NONFUND,90378827.87,INR,2025-08-16,CP-00410,POS-001380,
GL-001915,ADVANCES_NONFUND,168721267.47,INR,2025-06-19,CP-00411,POS-001383,
GL-001916,ADVANCES_NONFUND,394782423.29,INR,2025-08-14,CP-00412,POS-001387,
GL-001917,ADVANCES_NONFUND,64386872.88,INR,2024-10-26,CP-00413,POS-001389,
GL-001918,ADVANCES_NONFUND,11952486.99,INR,2025-10-23,CP-00413,POS-001390,
GL-001919,ADVANCES_NONFUND,7746496.42,INR,2024-08-07,CP-00414,POS-001392,
GL-001920,ADVANCES_NONFUND,19015346.97,INR,2023-09-10,CP-00414,POS-001393,
GL-001921,ADVANCES_NONFUND,664463703.14,INR,2024-07-07,CP-00415,POS-001397,
GL-001922,ADVANCES_NONFUND,409267057.17,INR,2025-05-01,CP-00415,POS-001398,
GL-001923,ADVANCES_NONFUND,701324832.38,INR,2025-03-11,CP-00416,POS-001402,
GL-001924,ADVANCES_NONFUND,59532891.21,INR,2024-09-28,CP-00417,POS-001404,
GL-001925,ADVANCES_NONFUND,394315736.4,INR,2024-04-29,CP-00418,POS-001407,
GL-001926,ADVANCES_NONFUND,159456014.06,INR,2025-08-04,CP-00419,POS-001410,
GL-001927,ADVANCES_NONFUND,7872245362.8,INR,2026-05-19,CP-00420,POS-001414,
GL-001928,ADVANCES_NONFUND,57701921475.71,INR,2024-05-22,CP-00420,POS-001415,
GL-001929,ADVANCES_NONFUND,2854766077.84,INR,2024-07-06,CP-00421,POS-001417,
GL-001930,ADVANCES_NONFUND,220012032.13,INR,2026-03-11,CP-00422,POS-001419,
GL-001931,ADVANCES_NONFUND,62380204.74,INR,2024-08-13,CP-00422,POS-001420,
GL-001932,ADVANCES_NONFUND,242283370.27,INR,2026-04-13,CP-00423,POS-001422,
GL-001933,ADVANCES_NONFUND,2315355591.55,INR,2024-07-26,CP-00423,POS-001423,
GL-001934,ADVANCES_NONFUND,1455566407.35,INR,2024-04-07,CP-00424,POS-001427,
GL-001935,ADVANCES_NONFUND,3343602433.94,INR,2026-06-14,CP-00424,POS-001428,
GL-001936,ADVANCES_NONFUND,1524776011.52,INR,2024-04-26,CP-00425,POS-001432,
GL-001937,ADVANCES_NONFUND,116607171.72,INR,2026-02-19,CP-00425,POS-001433,
GL-001938,ADVANCES_NONFUND,91937924.46,INR,2025-09-13,CP-00426,POS-001437,
GL-001939,ADVANCES_NONFUND,826482634.07,INR,2024-05-20,CP-00427,POS-001440,
GL-001940,ADVANCES_NONFUND,712047771.39,INR,2025-06-07,CP-00428,POS-001443,
GL-001941,ADVANCES_NONFUND,745810010.41,INR,2023-07-27,CP-00429,POS-001445,
GL-001942,ADVANCES_NONFUND,138254176.68,INR,2023-08-17,CP-00430,POS-001448,
GL-001943,ADVANCES_NONFUND,136133325.4,INR,2023-07-16,CP-00431,POS-001452,
GL-001944,ADVANCES_NONFUND,1279246267.57,INR,2026-03-08,CP-00431,POS-001453,
GL-001945,ADVANCES_NONFUND,303119861.9,INR,2025-12-19,CP-00432,POS-001456,
GL-001946,ADVANCES_NONFUND,395396791.61,INR,2025-12-12,CP-00433,POS-001458,
GL-001947,ADVANCES_NONFUND,179964669.01,INR,2024-09-28,CP-00433,POS-001459,
GL-001948,ADVANCES_NONFUND,427949958.53,INR,2025-03-17,CP-00434,POS-001462,
GL-001949,ADVANCES_NONFUND,1408996207.98,INR,2024-04-05,CP-00434,POS-001463,
GL-001950,ADVANCES_NONFUND,87789488.22,INR,2025-08-26,CP-00435,POS-001466,
GL-001951,ADVANCES_NONFUND,39099809.78,INR,2025-11-24,CP-00436,POS-001470,
GL-001952,ADVANCES_NONFUND,486426116.26,INR,2024-07-20,CP-00436,POS-001471,
GL-001953,ADVANCES_NONFUND,2634593884.59,INR,2024-08-24,CP-00437,POS-001474,
GL-001954,ADVANCES_NONFUND,539558313.97,INR,2024-06-04,CP-00438,POS-001477,
GL-001955,ADVANCES_NONFUND,336855132.15,INR,2025-07-24,CP-00439,POS-001481,
GL-001956,ADVANCES_NONFUND,2600211488.21,INR,2024-12-01,CP-00439,POS-001482,
GL-001957,ADVANCES_NONFUND,189567788.16,INR,2023-09-18,CP-00440,POS-001486,
GL-001958,ADVANCES_NONFUND,1410810668.3,INR,2024-08-30,CP-00441,POS-001488,
GL-001959,ADVANCES_NONFUND,437377747.82,INR,2023-09-13,CP-00441,POS-001489,
GL-001960,ADVANCES_NONFUND,5809414302.84,INR,2025-03-13,CP-00442,POS-001491,
GL-001961,ADVANCES_NONFUND,168517797.18,INR,2026-05-12,CP-00443,POS-001493,
GL-001962,ADVANCES_NONFUND,281455448.22,INR,2024-03-20,CP-00444,POS-001496,
GL-001963,ADVANCES_NONFUND,2173894525.27,INR,2025-02-11,CP-00444,POS-001497,
GL-001964,ADVANCES_NONFUND,2846362685.51,INR,2026-05-15,CP-00445,POS-001501,
GL-001965,ADVANCES_NONFUND,257502663.46,INR,2026-01-30,CP-00446,POS-001503,
GL-001966,ADVANCES_NONFUND,8082666.11,INR,2025-07-23,CP-00447,POS-001507,
GL-001967,ADVANCES_NONFUND,245034305.67,INR,2025-12-03,CP-00447,POS-001508,
GL-001968,ADVANCES_NONFUND,492633706.25,INR,2024-06-11,CP-00448,POS-001510,
GL-001969,ADVANCES_NONFUND,507773556.09,INR,2024-08-30,CP-00448,POS-001511,
GL-001970,ADVANCES_NONFUND,2339325364.01,INR,2025-07-05,CP-00449,POS-001513,
GL-001971,ADVANCES_NONFUND,643395975.59,INR,2026-03-30,CP-00450,POS-001517,
GL-001972,ADVANCES_NONFUND,15051219.68,INR,2026-04-06,CP-00450,POS-001518,
GL-001973,ADVANCES_NONFUND,214636621.77,INR,2023-08-30,CP-00451,POS-001521,
GL-001974,ADVANCES_NONFUND,106751226.07,INR,2025-06-18,CP-00452,POS-001523,
GL-001975,ADVANCES_NONFUND,278372582.4,INR,2026-03-05,CP-00453,POS-001525,
GL-001976,ADVANCES_NONFUND,132707081.06,INR,2024-05-12,CP-00453,POS-001526,
GL-001977,ADVANCES_NONFUND,37389513.55,INR,2023-11-21,CP-00454,POS-001530,
GL-001978,ADVANCES_NONFUND,50055738.66,INR,2026-02-17,CP-00454,POS-001531,
GL-001979,ADVANCES_NONFUND,2220185699.2,INR,2023-08-31,CP-00455,POS-001534,
GL-001980,ADVANCES_NONFUND,250801467.59,INR,2024-04-28,CP-00456,POS-001537,
GL-001981,ADVANCES_NONFUND,13038866.42,INR,2025-09-28,CP-00456,POS-001538,
GL-001982,ADVANCES_NONFUND,1205099060.9,INR,2024-03-03,CP-00457,POS-001542,
GL-001983,ADVANCES_NONFUND,2022567718.65,INR,2025-03-28,CP-00458,POS-001544,
GL-001984,ADVANCES_NONFUND,7797674471.34,INR,2024-08-04,CP-00459,POS-001546,
GL-001985,ADVANCES_NONFUND,292780366.48,INR,2026-02-12,CP-00460,POS-001550,
GL-001986,ADVANCES_NONFUND,258471253.27,INR,2025-10-06,CP-00461,POS-001554,
GL-001987,ADVANCES_NONFUND,596123399.65,INR,2024-03-06,CP-00461,POS-001555,
GL-001988,ADVANCES_NONFUND,631277054.84,INR,2024-01-31,CP-00462,POS-001558,
GL-001989,ADVANCES_NONFUND,65873813.21,INR,2026-06-19,CP-00462,POS-001559,
GL-001990,ADVANCES_NONFUND,382155756.53,INR,2025-11-08,CP-00463,POS-001561,
GL-001991,ADVANCES_NONFUND,286069347.05,INR,2024-09-03,CP-00464,POS-001565,
GL-001992,ADVANCES_NONFUND,540077936.78,INR,2023-10-13,CP-00464,POS-001566,
GL-001993,ADVANCES_NONFUND,1173122192.52,INR,2024-06-22,CP-00465,POS-001568,
GL-001994,ADVANCES_NONFUND,11801377.38,INR,2024-05-18,CP-00466,POS-001570,
GL-001995,ADVANCES_NONFUND,1195195521.94,INR,2025-05-01,CP-00466,POS-001571,
GL-001996,ADVANCES_NONFUND,210822284.54,INR,2026-05-02,CP-00467,POS-001573,
GL-001997,ADVANCES_NONFUND,34983689.5,INR,2024-03-14,CP-00467,POS-001574,
GL-001998,ADVANCES_NONFUND,2027351600.7,INR,2024-02-06,CP-00468,POS-001578,
GL-001999,ADVANCES_NONFUND,307737263.95,INR,2025-03-02,CP-00468,POS-001579,
GL-002000,ADVANCES_NONFUND,188901069.46,INR,2024-12-23,CP-00469,POS-001583,
GL-002001,ADVANCES_NONFUND,407333017.29,INR,2025-10-16,CP-00469,POS-001584,
GL-002002,ADVANCES_NONFUND,1636480864.93,INR,2025-02-20,CP-00470,POS-001588,
GL-002003,ADVANCES_NONFUND,295739834.17,INR,2025-10-09,CP-00471,POS-001590,
GL-002004,ADVANCES_NONFUND,59401250.91,INR,2025-03-27,CP-00472,POS-001593,
GL-002005,ADVANCES_NONFUND,74849173.87,INR,2026-02-04,CP-00473,POS-001596,
GL-002006,ADVANCES_NONFUND,254197954.25,INR,2024-09-04,CP-00473,POS-001597,
GL-002007,ADVANCES_NONFUND,137065069.88,INR,2025-10-02,CP-00474,POS-001599,
GL-002008,ADVANCES_NONFUND,194248082.36,INR,2024-04-28,CP-00474,POS-001600,
GL-002009,ADVANCES_NONFUND,70264622.65,INR,2024-12-11,CP-00475,POS-001604,
GL-002010,ADVANCES_NONFUND,104162367.9,INR,2023-10-23,CP-00475,POS-001605,
GL-002011,ADVANCES_NONFUND,69813051.67,INR,2025-10-31,CP-00476,POS-001608,
GL-002012,ADVANCES_NONFUND,10206189.01,INR,2025-09-05,CP-00476,POS-001609,
GL-002013,ADVANCES_NONFUND,32264828.82,INR,2025-10-07,CP-00477,POS-001612,
GL-002014,ADVANCES_NONFUND,124823623.88,INR,2024-08-09,CP-00478,POS-001615,
GL-002015,ADVANCES_NONFUND,285967438.59,INR,2026-03-05,CP-00479,POS-001618,
GL-002016,ADVANCES_NONFUND,17315069345.82,INR,2024-06-09,CP-00480,POS-001621,
GL-002017,ADVANCES_NONFUND,122452518613.54,INR,2024-01-16,CP-00480,POS-001622,
GL-002018,ADVANCES_NONFUND,4614301.33,INR,2024-06-22,CP-00481,POS-001625,
GL-002019,ADVANCES_NONFUND,77049462.2,INR,2026-02-03,CP-00481,POS-001626,
GL-002020,ADVANCES_NONFUND,35348248.99,INR,2025-01-07,CP-00482,POS-001629,
GL-002021,ADVANCES_NONFUND,1592801.06,INR,2024-11-23,CP-00482,POS-001630,
GL-002022,ADVANCES_NONFUND,27620996.51,INR,2025-04-28,CP-00483,POS-001633,
GL-002023,ADVANCES_NONFUND,844332538.83,INR,2025-02-05,CP-00484,POS-001636,
GL-002024,ADVANCES_NONFUND,154850203.76,INR,2024-03-18,CP-00485,POS-001638,
GL-002025,ADVANCES_NONFUND,854303448.43,INR,2023-12-30,CP-00486,POS-001640,
GL-002026,ADVANCES_NONFUND,713495465.75,INR,2025-08-06,CP-00487,POS-001644,
GL-002027,ADVANCES_NONFUND,1177932183.45,INR,2025-07-04,CP-00488,POS-001647,
GL-002028,ADVANCES_NONFUND,41829793.7,INR,2025-11-15,CP-00488,POS-001648,
GL-002029,ADVANCES_NONFUND,1559266110.9,INR,2025-04-17,CP-00489,POS-001651,
GL-002030,ADVANCES_NONFUND,643795325.48,INR,2024-11-10,CP-00489,POS-001652,
GL-002031,ADVANCES_NONFUND,559689930.33,INR,2024-05-10,CP-00490,POS-001655,
GL-002032,ADVANCES_NONFUND,1112725900.19,INR,2025-09-10,CP-00491,POS-001659,
GL-002033,ADVANCES_NONFUND,1763140990.73,INR,2025-11-06,CP-00492,POS-001661,
GL-002034,ADVANCES_NONFUND,9309339105.68,INR,2026-05-25,CP-00493,POS-001664,
GL-002035,ADVANCES_NONFUND,1964389161.47,INR,2026-03-20,CP-00494,POS-001668,
GL-002036,ADVANCES_NONFUND,253731095.83,INR,2026-05-05,CP-00494,POS-001669,
GL-002037,ADVANCES_NONFUND,16593002910.26,INR,2025-11-15,CP-00495,POS-001671,
GL-002038,ADVANCES_NONFUND,17101227601.19,INR,2024-05-30,CP-00496,POS-001673,
GL-002039,ADVANCES_NONFUND,2626331628.92,INR,2024-03-05,CP-00496,POS-001674,
GL-002040,ADVANCES_NONFUND,159474256.64,INR,2023-07-31,CP-00497,POS-001677,
GL-002041,ADVANCES_NONFUND,474220077.55,INR,2024-11-11,CP-00497,POS-001678,
GL-002042,ADVANCES_NONFUND,220556827.3,INR,2025-02-18,CP-00498,POS-001682,
GL-002043,ADVANCES_NONFUND,140153979.41,INR,2023-10-20,CP-00498,POS-001683,
GL-002044,ADVANCES_NONFUND,15405860422.19,INR,2026-01-20,CP-00499,POS-001687,
GL-002045,ADVANCES_NONFUND,3696572989.23,INR,2024-08-09,CP-00499,POS-001688,
GL-002046,ADVANCES_NONFUND,12611060795.35,INR,2024-01-17,CP-00500,POS-001690,
GL-002047,ADVANCES_NONFUND,3344881884.25,INR,2024-12-27,CP-00501,POS-001693,
GL-002048,ADVANCES_NONFUND,1983291295.8,INR,2025-09-17,CP-00501,POS-001694,
GL-002049,ADVANCES_NONFUND,17022997107.16,INR,2024-08-20,CP-00502,POS-001696,
GL-002050,ADVANCES_NONFUND,4481416028.58,INR,2023-07-06,CP-00503,POS-001698,
GL-002051,ADVANCES_NONFUND,2983386533.55,INR,2025-10-15,CP-00504,POS-001702,
GL-002052,ADVANCES_NONFUND,585226585.47,INR,2024-10-22,CP-00505,POS-001706,
GL-002053,ADVANCES_NONFUND,760133710.88,INR,2026-05-06,CP-00505,POS-001707,
GL-002054,ADVANCES_NONFUND,39289689.0,INR,2025-10-19,CP-00506,POS-001711,
GL-002055,ADVANCES_NONFUND,646265513.41,INR,2024-03-13,CP-00506,POS-001712,
GL-002056,ADVANCES_NONFUND,1847390289.88,INR,2025-01-03,CP-00507,POS-001714,
GL-002057,ADVANCES_NONFUND,422488161.93,INR,2025-11-24,CP-00507,POS-001715,
GL-002058,ADVANCES_NONFUND,39902444.31,INR,2025-06-28,CP-00508,POS-001719,
GL-002059,ADVANCES_NONFUND,177371184.76,INR,2026-02-18,CP-00508,POS-001720,
GL-002060,ADVANCES_NONFUND,24733040906.95,INR,2024-02-28,CP-00509,POS-001724,
GL-002061,ADVANCES_NONFUND,2820038420.87,INR,2023-09-02,CP-00509,POS-001725,
GL-002062,ADVANCES_NONFUND,3002567625.4,INR,2026-03-07,CP-00510,POS-001728,
GL-002063,ADVANCES_NONFUND,7054854874.46,INR,2025-10-13,CP-00511,POS-001731,
GL-002064,ADVANCES_NONFUND,132961618.78,INR,2023-12-05,CP-00512,POS-001733,
GL-002065,ADVANCES_NONFUND,192476871.8,INR,2023-11-11,CP-00513,POS-001736,
GL-002066,ADVANCES_NONFUND,85233496.8,INR,2024-03-12,CP-00513,POS-001737,
GL-002067,ADVANCES_NONFUND,3696398209.96,INR,2024-05-09,CP-00514,POS-001739,
GL-002068,ADVANCES_NONFUND,154787545.99,INR,2023-11-30,CP-00515,POS-001741,
GL-002069,ADVANCES_NONFUND,140782539.66,INR,2025-05-18,CP-00516,POS-001743,
GL-002070,ADVANCES_NONFUND,2003008.35,INR,2023-10-24,CP-00517,POS-001747,
GL-002071,ADVANCES_NONFUND,55500842.23,INR,2023-11-03,CP-00517,POS-001748,
GL-002072,ADVANCES_NONFUND,139105465.93,INR,2025-10-22,CP-00518,POS-001750,
GL-002073,ADVANCES_NONFUND,1834413697.9,INR,2026-04-12,CP-00518,POS-001751,
GL-002074,ADVANCES_NONFUND,5056389544.95,INR,2024-12-07,CP-00519,POS-001755,
GL-002075,ADVANCES_NONFUND,671030980.72,INR,2024-03-22,CP-00520,POS-001759,
GL-002076,ADVANCES_NONFUND,18826911.82,INR,2023-12-13,CP-00521,POS-001762,
GL-002077,ADVANCES_NONFUND,27984183.77,INR,2026-01-26,CP-00521,POS-001763,
GL-002078,ADVANCES_NONFUND,8800643.03,INR,2025-05-13,CP-00522,POS-001766,
GL-002079,ADVANCES_NONFUND,27028957.15,INR,2024-03-12,CP-00522,POS-001767,
GL-002080,ADVANCES_NONFUND,1583354.57,INR,2026-04-25,CP-00523,POS-001771,
GL-002081,ADVANCES_NONFUND,70185288.26,INR,2024-04-30,CP-00523,POS-001772,
GL-002082,ADVANCES_NONFUND,748046731.27,INR,2025-08-15,CP-00524,POS-001776,
GL-002083,ADVANCES_NONFUND,1064746466.58,INR,2026-06-06,CP-00524,POS-001777,
GL-002084,ADVANCES_NONFUND,3475503065.41,INR,2025-10-09,CP-00525,POS-001780,
GL-002085,ADVANCES_NONFUND,2001244720.05,INR,2024-04-09,CP-00525,POS-001781,
GL-002086,ADVANCES_NONFUND,90742041.32,INR,2023-11-21,CP-00526,POS-001783,
GL-002087,ADVANCES_NONFUND,80841344.17,INR,2026-04-02,CP-00527,POS-001786,
GL-002088,ADVANCES_NONFUND,19041689.83,INR,2025-02-08,CP-00527,POS-001787,
GL-002089,ADVANCES_NONFUND,118417073.84,INR,2025-11-22,CP-00528,POS-001791,
GL-002090,ADVANCES_NONFUND,275281967.5,INR,2024-06-12,CP-00529,POS-001795,
GL-002091,ADVANCES_NONFUND,1283328281.18,INR,2024-02-27,CP-00529,POS-001796,
GL-002092,ADVANCES_NONFUND,558671200.5,INR,2023-08-12,CP-00530,POS-001800,
GL-002093,ADVANCES_NONFUND,223761592.26,INR,2025-06-07,CP-00531,POS-001803,
GL-002094,ADVANCES_NONFUND,9540054.8,INR,2025-08-07,CP-00531,POS-001804,
GL-002095,ADVANCES_NONFUND,100155355.38,INR,2025-07-26,CP-00532,POS-001808,
GL-002096,ADVANCES_NONFUND,26598324.46,INR,2024-03-19,CP-00533,POS-001812,
GL-002097,ADVANCES_NONFUND,98162616.91,INR,2025-02-28,CP-00533,POS-001813,
GL-002098,ADVANCES_NONFUND,658655124.35,INR,2026-06-06,CP-00534,POS-001816,
GL-002099,ADVANCES_NONFUND,87721254.91,INR,2023-08-28,CP-00534,POS-001817,
GL-002100,ADVANCES_NONFUND,533982846.87,INR,2026-03-08,CP-00535,POS-001819,
GL-002101,ADVANCES_NONFUND,2113786970.86,INR,2023-09-18,CP-00536,POS-001822,
GL-002102,ADVANCES_NONFUND,1606392607.93,INR,2026-01-04,CP-00536,POS-001823,
GL-002103,ADVANCES_NONFUND,282987676.14,INR,2024-11-18,CP-00537,POS-001827,
GL-002104,ADVANCES_NONFUND,98571070.16,INR,2025-07-23,CP-00537,POS-001828,
GL-002105,ADVANCES_NONFUND,77779589.18,INR,2024-06-08,CP-00538,POS-001830,
GL-002106,ADVANCES_NONFUND,77769777.95,INR,2025-04-15,CP-00538,POS-001831,
GL-002107,ADVANCES_NONFUND,4331464867.93,INR,2025-05-24,CP-00539,POS-001834,
GL-002108,ADVANCES_NONFUND,4692682015.82,INR,2025-01-24,CP-00539,POS-001835,
GL-002109,ADVANCES_NONFUND,1789614634.67,INR,2023-08-02,CP-00540,POS-001838,
GL-002110,ADVANCES_NONFUND,760421523.21,INR,2025-10-05,CP-00540,POS-001839,
GL-002111,ADVANCES_NONFUND,898578471.48,INR,2025-11-02,CP-00541,POS-001841,
GL-002112,ADVANCES_NONFUND,300128218.57,INR,2026-04-19,CP-00541,POS-001842,
GL-002113,ADVANCES_NONFUND,164990693.88,INR,2024-04-13,CP-00542,POS-001846,
GL-002114,ADVANCES_NONFUND,1868400717.08,INR,2024-06-19,CP-00542,POS-001847,
GL-002115,ADVANCES_NONFUND,255630407.14,INR,2024-09-02,CP-00543,POS-001851,
GL-002116,ADVANCES_NONFUND,34338037.74,INR,2026-06-05,CP-00544,POS-001853,
GL-002117,ADVANCES_NONFUND,112285550.33,INR,2024-02-16,CP-00544,POS-001854,
GL-002118,ADVANCES_NONFUND,2132635708.15,INR,2024-01-26,CP-00545,POS-001858,
GL-002119,ADVANCES_NONFUND,2998501623.88,INR,2023-08-31,CP-00546,POS-001862,
GL-002120,ADVANCES_NONFUND,1092020222.28,INR,2023-09-17,CP-00547,POS-001864,
GL-002121,ADVANCES_NONFUND,481764558.61,INR,2025-09-15,CP-00548,POS-001866,
GL-002122,ADVANCES_NONFUND,31881500.55,INR,2024-05-14,CP-00548,POS-001867,
GL-002123,ADVANCES_NONFUND,543672222.35,INR,2025-04-16,CP-00549,POS-001871,
GL-002124,ADVANCES_NONFUND,480431244.13,INR,2024-09-16,CP-00549,POS-001872,
GL-002125,ADVANCES_NONFUND,332825648.87,INR,2025-07-01,CP-00550,POS-001876,
GL-002126,ADVANCES_NONFUND,23677764884.65,INR,2024-07-11,CP-00551,POS-001878,
GL-002127,ADVANCES_NONFUND,6513634215.96,INR,2023-08-22,CP-00551,POS-001879,
GL-002128,ADVANCES_NONFUND,685438541.93,INR,2024-07-16,CP-00552,POS-001883,
GL-002129,ADVANCES_NONFUND,270290432.9,INR,2023-09-26,CP-00552,POS-001884,
GL-002130,ADVANCES_NONFUND,425455879.97,INR,2023-09-14,CP-00553,POS-001886,
GL-002131,ADVANCES_NONFUND,139296451.12,INR,2026-02-20,CP-00553,POS-001887,
GL-002132,ADVANCES_NONFUND,467815390.78,INR,2023-08-10,CP-00554,POS-001890,
GL-002133,ADVANCES_NONFUND,296250485.22,INR,2024-01-16,CP-00554,POS-001891,
GL-002134,ADVANCES_NONFUND,812435804.85,INR,2025-03-20,CP-00555,POS-001893,
GL-002135,ADVANCES_NONFUND,1246052464.86,INR,2024-09-11,CP-00556,POS-001897,
GL-002136,ADVANCES_NONFUND,1253666173.1,INR,2024-08-24,CP-00557,POS-001900,
GL-002137,ADVANCES_NONFUND,609409581.53,INR,2024-02-20,CP-00558,POS-001903,
GL-002138,ADVANCES_NONFUND,241549455.75,INR,2024-02-02,CP-00559,POS-001906,
GL-002139,ADVANCES_NONFUND,1034907508.56,INR,2026-03-10,CP-00559,POS-001907,
GL-002140,ADVANCES_NONFUND,2762340676.06,INR,2026-06-29,CP-00560,POS-001909,
GL-002141,ADVANCES_NONFUND,7477966459.66,INR,2025-10-04,CP-00560,POS-001910,
GL-002142,ADVANCES_NONFUND,269573052.21,INR,2024-11-30,CP-00561,POS-001912,
GL-002143,ADVANCES_NONFUND,2746851362.15,INR,2023-12-14,CP-00561,POS-001913,
GL-002144,ADVANCES_NONFUND,987627966.35,INR,2024-07-16,CP-00562,POS-001917,
GL-002145,ADVANCES_NONFUND,7966775015.12,INR,2026-02-02,CP-00563,POS-001919,
GL-002146,ADVANCES_NONFUND,1279660869.81,INR,2024-05-06,CP-00564,POS-001922,
GL-002147,ADVANCES_NONFUND,28694904.1,INR,2025-02-03,CP-00564,POS-001923,
GL-002148,ADVANCES_NONFUND,5666743469.44,INR,2025-05-23,CP-00565,POS-001926,
GL-002149,ADVANCES_NONFUND,719177695.92,INR,2024-03-08,CP-00566,POS-001928,
GL-002150,ADVANCES_NONFUND,711630944.49,INR,2025-08-11,CP-00567,POS-001932,
GL-002151,ADVANCES_NONFUND,9707506435.33,INR,2024-08-22,CP-00567,POS-001933,
GL-002152,ADVANCES_NONFUND,3738879894.99,INR,2025-12-13,CP-00568,POS-001935,
GL-002153,ADVANCES_NONFUND,1580526694.8,INR,2025-05-09,CP-00569,POS-001937,
GL-002154,ADVANCES_NONFUND,314063117.87,INR,2024-10-28,CP-00570,POS-001940,
GL-002155,ADVANCES_NONFUND,4995178507.75,INR,2024-08-17,CP-00570,POS-001941,
GL-002156,ADVANCES_NONFUND,1690185171.31,INR,2023-09-28,CP-00571,POS-001945,
GL-002157,ADVANCES_NONFUND,3290460201.2,INR,2025-08-17,CP-00571,POS-001946,
GL-002158,ADVANCES_NONFUND,11105652446.85,INR,2023-10-23,CP-00572,POS-001950,
GL-002159,ADVANCES_NONFUND,8012474002.26,INR,2024-01-18,CP-00572,POS-001951,
GL-002160,ADVANCES_NONFUND,49068744665.73,INR,2025-06-01,CP-00573,POS-001953,
GL-002161,ADVANCES_NONFUND,11178035194.01,INR,2026-01-28,CP-00574,POS-001956,
GL-002162,ADVANCES_NONFUND,6658951252.59,INR,2025-09-21,CP-00574,POS-001957,
GL-002163,ADVANCES_NONFUND,1521882664.46,INR,2024-07-10,CP-00575,POS-001960,
GL-002164,ADVANCES_NONFUND,596512763.62,INR,2024-02-18,CP-00576,POS-001964,
GL-002165,ADVANCES_NONFUND,12797273299.87,INR,2024-08-29,CP-00577,POS-001966,
GL-002166,ADVANCES_NONFUND,4132874864.16,INR,2024-04-28,CP-00577,POS-001967,
GL-002167,ADVANCES_NONFUND,498156204.44,INR,2026-03-11,CP-00578,POS-001971,
GL-002168,ADVANCES_NONFUND,5491931824.83,INR,2024-12-24,CP-00578,POS-001972,
GL-002169,ADVANCES_NONFUND,8540935628.02,INR,2023-11-17,CP-00579,POS-001974,
GL-002170,ADVANCES_NONFUND,2387980786.69,INR,2025-05-01,CP-00580,POS-001976,
GL-002171,ADVANCES_NONFUND,147376652.45,INR,2023-10-20,CP-00581,POS-001979,
GL-002172,ADVANCES_NONFUND,2034401062.87,INR,2026-02-15,CP-00581,POS-001980,
GL-002173,ADVANCES_NONFUND,2605718763.86,INR,2023-07-25,CP-00582,POS-001984,
GL-002174,ADVANCES_NONFUND,366894254.26,INR,2024-02-22,CP-00583,POS-001987,
GL-002175,ADVANCES_NONFUND,1896296282.94,INR,2024-08-14,CP-00584,POS-001990,
GL-002176,ADVANCES_NONFUND,383055639.59,INR,2024-08-23,CP-00585,POS-001993,
GL-002177,ADVANCES_NONFUND,556349784.21,INR,2023-09-09,CP-00586,POS-001995,
GL-002178,ADVANCES_NONFUND,684192089.2,INR,2025-05-14,CP-00587,POS-001999,
GL-002179,ADVANCES_NONFUND,41828772.09,INR,2026-01-01,CP-00587,POS-002000,
GL-002180,ADVANCES_NONFUND,698817870.38,INR,2023-09-28,CP-00588,POS-002002,
GL-002181,ADVANCES_NONFUND,2758547985.7,INR,2026-03-10,CP-00588,POS-002003,
GL-002182,ADVANCES_NONFUND,1374272806.37,INR,2024-07-08,CP-00589,POS-002005,
GL-002183,ADVANCES_NONFUND,17054011907.81,INR,2025-09-12,CP-00590,POS-002009,
GL-002184,ADVANCES_NONFUND,24216099398.36,INR,2023-09-17,CP-00590,POS-002010,
GL-002185,ADVANCES_NONFUND,3339168821.52,INR,2023-07-30,CP-00591,POS-002014,
GL-002186,ADVANCES_NONFUND,2773809827.63,INR,2025-01-27,CP-00592,POS-002018,
GL-002187,ADVANCES_NONFUND,133083215.49,INR,2024-11-24,CP-00592,POS-002019,
GL-002188,ADVANCES_NONFUND,3049103224.1,INR,2025-02-18,CP-00593,POS-002023,
GL-002189,ADVANCES_NONFUND,284308832.01,INR,2025-03-22,CP-00594,POS-002026,
GL-002190,ADVANCES_NONFUND,619973052.98,INR,2023-09-08,CP-00594,POS-002027,
GL-002191,ADVANCES_NONFUND,2388673575.67,INR,2025-08-20,CP-00595,POS-002031,
GL-002192,ADVANCES_NONFUND,245542560.42,INR,2023-08-15,CP-00596,POS-002033,
GL-002193,ADVANCES_NONFUND,598447508.27,INR,2024-07-18,CP-00596,POS-002034,
GL-002194,ADVANCES_NONFUND,433615618.2,INR,2023-08-13,CP-00597,POS-002037,
GL-002195,ADVANCES_NONFUND,3983459285.81,INR,2024-08-29,CP-00597,POS-002038,
GL-002196,ADVANCES_NONFUND,9761882350.92,INR,2024-01-16,CP-00598,POS-002040,
GL-002197,ADVANCES_NONFUND,901770379.13,INR,2025-01-10,CP-00599,POS-002044,
GL-002198,ADVANCES_NONFUND,20532765932.66,INR,2025-02-09,CP-00600,POS-002048,
GL-002199,ADVANCES_NONFUND,13532967556.62,INR,2025-09-22,CP-00601,POS-002050,
GL-002200,ADVANCES_NONFUND,17747936.49,INR,2025-11-12,CP-00602,POS-002052,
GL-002201,ADVANCES_NONFUND,183340432.4,INR,2026-05-20,CP-00602,POS-002053,
GL-002202,ADVANCES_NONFUND,1565193095.94,INR,2025-05-07,CP-00603,POS-002056,
GL-002203,ADVANCES_NONFUND,188678867.59,INR,2023-07-15,CP-00604,POS-002060,
GL-002204,ADVANCES_NONFUND,612042831.84,INR,2023-09-07,CP-00604,POS-002061,
GL-002205,ADVANCES_NONFUND,169267480.02,INR,2024-06-05,CP-00605,POS-002063,
GL-002206,ADVANCES_NONFUND,499046308.12,INR,2025-05-28,CP-00605,POS-002064,
