POSITION_ID,INSTRUMENT_TYPE,NOTIONAL,CURRENCY,EXPOSURE_CLASS,COUNTERPARTY_ID,AS_OF_DATE
POS-000001,Term Loan,22241168071.53,INR,BELOW_100,CP-00001,2026-06-30
POS-000002,Term Loan,62922473406.94,INR,BELOW_100,CP-00001,2026-06-30
POS-000003,Term Loan,13054044595.38,INR,AT_100,CP-00001,2026-06-30
POS-000004,Bank Guarantee,109086701.72,INR,AT_100,CP-00001,2026-06-30
POS-000005,Investment - Debenture/Bond,82109231410.76,INR,ABOVE_100,CP-00002,2026-06-30
POS-000006,Term Loan,10724366108.11,INR,BELOW_100,CP-00002,2026-06-30
POS-000007,Derivative - Interest Rate Swap,78008190.51,INR,ABOVE_100,CP-00002,2026-06-30
POS-000008,Cash Credit,38342018644.65,INR,AT_100,CP-00003,2026-06-30
POS-000009,Cash Credit,52477316165.94,INR,BELOW_100,CP-00003,2026-06-30
POS-000010,Investment - Debenture/Bond,5833959060.0,INR,AT_100,CP-00003,2026-06-30
POS-000011,Derivative - FX Forward,155568424.46,INR,BELOW_100,CP-00003,2026-06-30
POS-000012,Bank Guarantee,40447434.32,INR,BELOW_100,CP-00003,2026-06-30
POS-000013,Investment - Debenture/Bond,6236430667.91,INR,AT_100,CP-00004,2026-06-30
POS-000014,Bank Guarantee,603310190.25,INR,AT_100,CP-00004,2026-06-30
POS-000015,Term Loan,2672904924.27,INR,AT_100,CP-00005,2026-06-30
POS-000016,Derivative - Interest Rate Swap,253428062.68,INR,BELOW_100,CP-00005,2026-06-30
POS-000017,Investment - Debenture/Bond,35238301125.55,INR,AT_100,CP-00006,2026-06-30
POS-000018,Investment - Debenture/Bond,5932802838.97,INR,BELOW_100,CP-00006,2026-06-30
POS-000019,Derivative - FX Forward,930245593.33,INR,AT_100,CP-00006,2026-06-30
POS-000020,Term Loan,39363722906.56,INR,BELOW_100,CP-00007,2026-06-30
POS-000021,Letter of Credit,26008248.26,INR,BELOW_100,CP-00007,2026-06-30
POS-000022,Letter of Credit,119527785.48,INR,BELOW_100,CP-00007,2026-06-30
POS-000023,Term Loan,1106232987.38,INR,BELOW_100,CP-00008,2026-06-30
POS-000024,Term Loan,171942632283.22,INR,BELOW_100,CP-00008,2026-06-30
POS-000025,Bank Guarantee,1695636152.61,INR,BELOW_100,CP-00008,2026-06-30
POS-000026,Term Loan,2300116793.42,INR,ABOVE_100,CP-00009,2026-06-30
POS-000027,Term Loan,249736430.87,INR,BELOW_100,CP-00009,2026-06-30
POS-000028,Letter of Credit,286388548.73,INR,BELOW_100,CP-00009,2026-06-30
POS-000029,Derivative - FX Forward,622533161.21,INR,BELOW_100,CP-00009,2026-06-30
POS-000030,Term Loan,20811508258.53,INR,AT_100,CP-00010,2026-06-30
POS-000031,Term Loan,1639124469.57,INR,ABOVE_100,CP-00010,2026-06-30
POS-000032,Term Loan,3446229591.81,INR,BELOW_100,CP-00010,2026-06-30
POS-000033,Bank Guarantee,410133048.92,INR,BELOW_100,CP-00010,2026-06-30
POS-000034,Bank Guarantee,3108224.92,INR,BELOW_100,CP-00010,2026-06-30
POS-000035,Term Loan,985925252.42,INR,BELOW_100,CP-00011,2026-06-30
POS-000036,Term Loan,1412149987.16,INR,AT_100,CP-00011,2026-06-30
POS-000037,Letter of Credit,255918316.57,INR,BELOW_100,CP-00011,2026-06-30
POS-000038,Term Loan,27307393193.42,INR,ABOVE_100,CP-00012,2026-06-30
POS-000039,Bank Guarantee,278216397.6,INR,BELOW_100,CP-00012,2026-06-30
POS-000040,Investment - Debenture/Bond,54318545336.01,INR,AT_100,CP-00013,2026-06-30
POS-000041,Derivative - Interest Rate Swap,66601098.34,INR,AT_100,CP-00013,2026-06-30
POS-000042,Bank Guarantee,4344938.98,INR,BELOW_100,CP-00013,2026-06-30
POS-000043,Term Loan,946363036.93,INR,BELOW_100,CP-00014,2026-06-30
POS-000044,Investment - Debenture/Bond,7470783882.54,INR,AT_100,CP-00014,2026-06-30
POS-000045,Bank Guarantee,122392199.09,INR,ABOVE_100,CP-00014,2026-06-30
POS-000046,Term Loan,1379259762.93,INR,BELOW_100,CP-00015,2026-06-30
POS-000047,Cash Credit,30402417904.59,INR,BELOW_100,CP-00015,2026-06-30
POS-000048,Term Loan,564340902.63,INR,ABOVE_100,CP-00015,2026-06-30
POS-000049,Bank Guarantee,189805421.75,INR,BELOW_100,CP-00015,2026-06-30
POS-000050,Letter of Credit,244691860.28,INR,AT_100,CP-00015,2026-06-30
POS-000051,Cash Credit,866309129.39,INR,AT_100,CP-00016,2026-06-30
POS-000052,Letter of Credit,231071257.71,INR,AT_100,CP-00016,2026-06-30
POS-000053,Investment - Debenture/Bond,240070318.69,INR,AT_100,CP-00017,2026-06-30
POS-000054,Cash Credit,9952691000.15,INR,BELOW_100,CP-00017,2026-06-30
POS-000055,Derivative - Interest Rate Swap,182353308.04,INR,ABOVE_100,CP-00017,2026-06-30
POS-000056,Bank Guarantee,58194769.37,INR,BELOW_100,CP-00017,2026-06-30
POS-000057,Term Loan,6093254599.56,INR,BELOW_100,CP-00018,2026-06-30
POS-000058,Derivative - FX Forward,211565161.36,INR,ABOVE_100,CP-00018,2026-06-30
POS-000059,Investment - Debenture/Bond,19286036426.32,INR,BELOW_100,CP-00019,2026-06-30
POS-000060,Bank Guarantee,140043781.46,INR,ABOVE_100,CP-00019,2026-06-30
POS-000061,Term Loan,21877871792.28,INR,ABOVE_100,CP-00020,2026-06-30
POS-000062,Term Loan,3225287275.29,INR,ABOVE_100,CP-00020,2026-06-30
POS-000063,Investment - Debenture/Bond,6433401785.04,INR,BELOW_100,CP-00020,2026-06-30
POS-000064,Bank Guarantee,1723632002.11,INR,AT_100,CP-00020,2026-06-30
POS-000065,Bank Guarantee,1797577573.55,INR,BELOW_100,CP-00020,2026-06-30
POS-000066,Term Loan,1600364731.02,INR,AT_100,CP-00021,2026-06-30
POS-000067,Investment - Debenture/Bond,1621243414.8,INR,ABOVE_100,CP-00021,2026-06-30
POS-000068,Derivative - FX Forward,640754582.77,INR,AT_100,CP-00021,2026-06-30
POS-000069,Term Loan,373428552.27,INR,AT_100,CP-00022,2026-06-30
POS-000070,Term Loan,532302974.18,INR,BELOW_100,CP-00022,2026-06-30
POS-000071,Bank Guarantee,77902504.73,INR,ABOVE_100,CP-00022,2026-06-30
POS-000072,Letter of Credit,474403821.32,INR,ABOVE_100,CP-00022,2026-06-30
POS-000073,Term Loan,9763624710.63,INR,AT_100,CP-00023,2026-06-30
POS-000074,Bank Guarantee,619343597.06,INR,BELOW_100,CP-00023,2026-06-30
POS-000075,Derivative - Interest Rate Swap,851617975.06,INR,ABOVE_100,CP-00023,2026-06-30
POS-000076,Cash Credit,34851120449.45,INR,ABOVE_100,CP-00024,2026-06-30
POS-000077,Term Loan,14224779738.34,INR,AT_100,CP-00024,2026-06-30
POS-000078,Bank Guarantee,48037537.61,INR,ABOVE_100,CP-00024,2026-06-30
POS-000079,Derivative - FX Forward,246083962.17,INR,AT_100,CP-00024,2026-06-30
POS-000080,Term Loan,8424308252.7,INR,AT_100,CP-00025,2026-06-30
POS-000081,Bank Guarantee,1966178398.03,INR,AT_100,CP-00025,2026-06-30
POS-000082,Bank Guarantee,2281612125.27,INR,AT_100,CP-00025,2026-06-30
POS-000083,Term Loan,20457690090.47,INR,BELOW_100,CP-00026,2026-06-30
POS-000084,Investment - Debenture/Bond,11140382896.53,INR,ABOVE_100,CP-00026,2026-06-30
POS-000085,Cash Credit,2908824071.14,INR,BELOW_100,CP-00026,2026-06-30
POS-000086,Bank Guarantee,2276556498.95,INR,ABOVE_100,CP-00026,2026-06-30
POS-000087,Cash Credit,7594756891.13,INR,AT_100,CP-00027,2026-06-30
POS-000088,Bank Guarantee,13802109.08,INR,ABOVE_100,CP-00027,2026-06-30
POS-000089,Derivative - Interest Rate Swap,461117799.38,INR,BELOW_100,CP-00027,2026-06-30
POS-000090,Cash Credit,15700015203.98,INR,ABOVE_100,CP-00028,2026-06-30
POS-000091,Letter of Credit,310371191.3,INR,ABOVE_100,CP-00028,2026-06-30
POS-000092,Term Loan,262123724.73,INR,ABOVE_100,CP-00029,2026-06-30
POS-000093,Cash Credit,2575511971.91,INR,AT_100,CP-00029,2026-06-30
POS-000094,Bank Guarantee,610048272.27,INR,AT_100,CP-00029,2026-06-30
POS-000095,Bank Guarantee,153131771.39,INR,BELOW_100,CP-00029,2026-06-30
POS-000096,Term Loan,541221169.47,INR,BELOW_100,CP-00030,2026-06-30
POS-000097,Term Loan,18021543919.62,INR,BELOW_100,CP-00030,2026-06-30
POS-000098,Letter of Credit,40145150.18,INR,BELOW_100,CP-00030,2026-06-30
POS-000099,Investment - Debenture/Bond,1645810598.52,INR,AT_100,CP-00031,2026-06-30
POS-000100,Investment - Debenture/Bond,1199258505.91,INR,AT_100,CP-00031,2026-06-30
POS-000101,Term Loan,504112670.29,INR,BELOW_100,CP-00031,2026-06-30
POS-000102,Bank Guarantee,59760175.62,INR,AT_100,CP-00031,2026-06-30
POS-000103,Cash Credit,22396522425.3,INR,ABOVE_100,CP-00032,2026-06-30
POS-000104,Letter of Credit,12222512.84,INR,ABOVE_100,CP-00032,2026-06-30
POS-000105,Derivative - Interest Rate Swap,23508316.75,INR,ABOVE_100,CP-00032,2026-06-30
POS-000106,Investment - Debenture/Bond,21644408829.17,INR,ABOVE_100,CP-00033,2026-06-30
POS-000107,Bank Guarantee,47190355.13,INR,BELOW_100,CP-00033,2026-06-30
POS-000108,Term Loan,703213728.17,INR,BELOW_100,CP-00034,2026-06-30
POS-000109,Investment - Debenture/Bond,508861735.05,INR,ABOVE_100,CP-00034,2026-06-30
POS-000110,Bank Guarantee,3176662.82,INR,BELOW_100,CP-00034,2026-06-30
POS-000111,Letter of Credit,2720572.71,INR,ABOVE_100,CP-00034,2026-06-30
POS-000112,Cash Credit,245539051462.76,INR,BELOW_100,CP-00035,2026-06-30
POS-000113,Term Loan,90484043298.42,INR,AT_100,CP-00035,2026-06-30
POS-000114,Cash Credit,51088713485.32,INR,BELOW_100,CP-00035,2026-06-30
POS-000115,Bank Guarantee,88449572.98,INR,BELOW_100,CP-00035,2026-06-30
POS-000116,Letter of Credit,75846342.77,INR,BELOW_100,CP-00035,2026-06-30
POS-000117,Term Loan,6555219764.91,INR,BELOW_100,CP-00036,2026-06-30
POS-000118,Derivative - Interest Rate Swap,301317960.17,INR,BELOW_100,CP-00036,2026-06-30
POS-000119,Bank Guarantee,71120449.07,INR,AT_100,CP-00036,2026-06-30
POS-000120,Cash Credit,6975817401.79,INR,BELOW_100,CP-00037,2026-06-30
POS-000121,Term Loan,9781620397.57,INR,ABOVE_100,CP-00037,2026-06-30
POS-000122,Term Loan,130734718.11,INR,BELOW_100,CP-00037,2026-06-30
POS-000123,Letter of Credit,44485837.59,INR,AT_100,CP-00037,2026-06-30
POS-000124,Term Loan,660723203.84,INR,BELOW_100,CP-00038,2026-06-30
POS-000125,Cash Credit,894281530.57,INR,BELOW_100,CP-00038,2026-06-30
POS-000126,Term Loan,851038535.37,INR,BELOW_100,CP-00038,2026-06-30
POS-000127,Bank Guarantee,742003160.89,INR,ABOVE_100,CP-00038,2026-06-30
POS-000128,Term Loan,10380879908.11,INR,ABOVE_100,CP-00039,2026-06-30
POS-000129,Bank Guarantee,14338804.74,INR,AT_100,CP-00039,2026-06-30
POS-000130,Term Loan,455046029.94,INR,ABOVE_100,CP-00040,2026-06-30
POS-000131,Term Loan,2243830141.39,INR,AT_100,CP-00040,2026-06-30
POS-000132,Cash Credit,66825386.57,INR,AT_100,CP-00040,2026-06-30
POS-000133,Derivative - FX Forward,461460757.41,INR,BELOW_100,CP-00040,2026-06-30
POS-000134,Bank Guarantee,2176591.77,INR,AT_100,CP-00040,2026-06-30
POS-000135,Term Loan,17651668920.9,INR,AT_100,CP-00041,2026-06-30
POS-000136,Term Loan,1419944206.43,INR,ABOVE_100,CP-00041,2026-06-30
POS-000137,Term Loan,1999801442.14,INR,BELOW_100,CP-00041,2026-06-30
POS-000138,Letter of Credit,20357226.5,INR,AT_100,CP-00041,2026-06-30
POS-000139,Letter of Credit,7281842.9,INR,BELOW_100,CP-00041,2026-06-30
POS-000140,Cash Credit,4374896039.09,INR,BELOW_100,CP-00042,2026-06-30
POS-000141,Derivative - Interest Rate Swap,43678838.73,INR,AT_100,CP-00042,2026-06-30
POS-000142,Derivative - Interest Rate Swap,8350592.6,INR,ABOVE_100,CP-00042,2026-06-30
POS-000143,Term Loan,7768510545.27,INR,BELOW_100,CP-00043,2026-06-30
POS-000144,Bank Guarantee,351008275.83,INR,BELOW_100,CP-00043,2026-06-30
POS-000145,Term Loan,6027498667.05,INR,AT_100,CP-00044,2026-06-30
POS-000146,Derivative - FX Forward,2116170.5,INR,BELOW_100,CP-00044,2026-06-30
POS-000147,Bank Guarantee,312760.38,INR,BELOW_100,CP-00044,2026-06-30
POS-000148,Cash Credit,52783439.19,INR,ABOVE_100,CP-00045,2026-06-30
POS-000149,Cash Credit,235864966.44,INR,AT_100,CP-00045,2026-06-30
POS-000150,Term Loan,1231257233.01,INR,BELOW_100,CP-00045,2026-06-30
POS-000151,Letter of Credit,12336851.64,INR,BELOW_100,CP-00045,2026-06-30
POS-000152,Term Loan,668620966.97,INR,BELOW_100,CP-00046,2026-06-30
POS-000153,Term Loan,2262672792.68,INR,ABOVE_100,CP-00046,2026-06-30
POS-000154,Bank Guarantee,20049697.54,INR,BELOW_100,CP-00046,2026-06-30
POS-000155,Investment - Debenture/Bond,107731244433.1,INR,AT_100,CP-00047,2026-06-30
POS-000156,Letter of Credit,103529604.09,INR,ABOVE_100,CP-00047,2026-06-30
POS-000157,Bank Guarantee,10912565.99,INR,ABOVE_100,CP-00047,2026-06-30
POS-000158,Term Loan,414580446.24,INR,ABOVE_100,CP-00048,2026-06-30
POS-000159,Term Loan,2908268852.92,INR,BELOW_100,CP-00048,2026-06-30
POS-000160,Term Loan,871650266.79,INR,BELOW_100,CP-00048,2026-06-30
POS-000161,Bank Guarantee,5179742.19,INR,BELOW_100,CP-00048,2026-06-30
POS-000162,Term Loan,2585164520.1,INR,BELOW_100,CP-00049,2026-06-30
POS-000163,Term Loan,199216067.3,INR,BELOW_100,CP-00049,2026-06-30
POS-000164,Derivative - Interest Rate Swap,42590021.84,INR,AT_100,CP-00049,2026-06-30
POS-000165,Letter of Credit,1236283.81,INR,AT_100,CP-00049,2026-06-30
POS-000166,Term Loan,1864719013.1,INR,AT_100,CP-00050,2026-06-30
POS-000167,Term Loan,1005100113.98,INR,BELOW_100,CP-00050,2026-06-30
POS-000168,Term Loan,1751087375.87,INR,BELOW_100,CP-00050,2026-06-30
POS-000169,Bank Guarantee,14022527.4,INR,AT_100,CP-00050,2026-06-30
POS-000170,Cash Credit,35343770962.55,INR,BELOW_100,CP-00051,2026-06-30
POS-000171,Letter of Credit,43586815.55,INR,BELOW_100,CP-00051,2026-06-30
POS-000172,Cash Credit,13076600698.25,INR,AT_100,CP-00052,2026-06-30
POS-000173,Derivative - FX Forward,3263953.69,INR,AT_100,CP-00052,2026-06-30
POS-000174,Letter of Credit,3015711.18,INR,BELOW_100,CP-00052,2026-06-30
POS-000175,Term Loan,2153573541.59,INR,AT_100,CP-00053,2026-06-30
POS-000176,Investment - Debenture/Bond,81943411.85,INR,BELOW_100,CP-00053,2026-06-30
POS-000177,Bank Guarantee,738008.16,INR,ABOVE_100,CP-00053,2026-06-30
POS-000178,Derivative - Interest Rate Swap,5123498.72,INR,AT_100,CP-00053,2026-06-30
POS-000179,Cash Credit,649213058.41,INR,BELOW_100,CP-00054,2026-06-30
POS-000180,Derivative - FX Forward,4587901.03,INR,BELOW_100,CP-00054,2026-06-30
POS-000181,Term Loan,4557183226.09,INR,BELOW_100,CP-00055,2026-06-30
POS-000182,Letter of Credit,20736254.28,INR,AT_100,CP-00055,2026-06-30
POS-000183,Cash Credit,1822678125.08,INR,AT_100,CP-00056,2026-06-30
POS-000184,Letter of Credit,11629666.33,INR,ABOVE_100,CP-00056,2026-06-30
POS-000185,Term Loan,2721377624.03,INR,BELOW_100,CP-00057,2026-06-30
POS-000186,Term Loan,10260702422.35,INR,BELOW_100,CP-00057,2026-06-30
POS-000187,Term Loan,22365027775.06,INR,AT_100,CP-00057,2026-06-30
POS-000188,Bank Guarantee,5021092.63,INR,BELOW_100,CP-00057,2026-06-30
POS-000189,Derivative - FX Forward,11310873.05,INR,BELOW_100,CP-00057,2026-06-30
POS-000190,Cash Credit,37144652.48,INR,BELOW_100,CP-00058,2026-06-30
POS-000191,Cash Credit,40394242.09,INR,BELOW_100,CP-00058,2026-06-30
POS-000192,Term Loan,2027423565.89,INR,BELOW_100,CP-00058,2026-06-30
POS-000193,Letter of Credit,7383138.94,INR,BELOW_100,CP-00058,2026-06-30
POS-000194,Cash Credit,909339347.77,INR,AT_100,CP-00059,2026-06-30
POS-000195,Bank Guarantee,1848226.45,INR,AT_100,CP-00059,2026-06-30
POS-000196,Letter of Credit,1372375.73,INR,BELOW_100,CP-00059,2026-06-30
POS-000197,Term Loan,147330752.34,INR,BELOW_100,CP-00060,2026-06-30
POS-000198,Term Loan,2002840198.72,INR,ABOVE_100,CP-00060,2026-06-30
POS-000199,Investment - Debenture/Bond,1100596046.51,INR,BELOW_100,CP-00060,2026-06-30
POS-000200,Letter of Credit,111288134.29,INR,BELOW_100,CP-00060,2026-06-30
POS-000201,Investment - Debenture/Bond,911008211.58,INR,ABOVE_100,CP-00061,2026-06-30
POS-000202,Term Loan,80644546.7,INR,ABOVE_100,CP-00061,2026-06-30
POS-000203,Letter of Credit,4010924.6,INR,BELOW_100,CP-00061,2026-06-30
POS-000204,Derivative - Interest Rate Swap,13769289.88,INR,BELOW_100,CP-00061,2026-06-30
POS-000205,Investment - Debenture/Bond,1889430258.25,INR,AT_100,CP-00062,2026-06-30
POS-000206,Term Loan,2340130973.09,INR,ABOVE_100,CP-00062,2026-06-30
POS-000207,Letter of Credit,14274237.6,INR,ABOVE_100,CP-00062,2026-06-30
POS-000208,Bank Guarantee,21420072.54,INR,AT_100,CP-00062,2026-06-30
POS-000209,Investment - Debenture/Bond,4384990220.57,INR,ABOVE_100,CP-00063,2026-06-30
POS-000210,Letter of Credit,45844283.49,INR,AT_100,CP-00063,2026-06-30
POS-000211,Bank Guarantee,943424.27,INR,BELOW_100,CP-00063,2026-06-30
POS-000212,Term Loan,1084259205.72,INR,BELOW_100,CP-00064,2026-06-30
POS-000213,Cash Credit,135498537.89,INR,ABOVE_100,CP-00064,2026-06-30
POS-000214,Cash Credit,77658623.68,INR,ABOVE_100,CP-00064,2026-06-30
POS-000215,Letter of Credit,9940405.09,INR,BELOW_100,CP-00064,2026-06-30
POS-000216,Term Loan,6732689435.12,INR,ABOVE_100,CP-00065,2026-06-30
POS-000217,Investment - Debenture/Bond,62734596970.68,INR,ABOVE_100,CP-00065,2026-06-30
POS-000218,Letter of Credit,315036468.06,INR,BELOW_100,CP-00065,2026-06-30
POS-000219,Bank Guarantee,27805127.89,INR,BELOW_100,CP-00065,2026-06-30
POS-000220,Term Loan,2403288596.63,INR,BELOW_100,CP-00066,2026-06-30
POS-000221,Term Loan,354401611.27,INR,ABOVE_100,CP-00066,2026-06-30
POS-000222,Letter of Credit,27446115.98,INR,ABOVE_100,CP-00066,2026-06-30
POS-000223,Cash Credit,237233179.69,INR,BELOW_100,CP-00067,2026-06-30
POS-000224,Cash Credit,12590732541.79,INR,BELOW_100,CP-00067,2026-06-30
POS-000225,Derivative - FX Forward,5690748.17,INR,ABOVE_100,CP-00067,2026-06-30
POS-000226,Term Loan,903842721.91,INR,BELOW_100,CP-00068,2026-06-30
POS-000227,Cash Credit,35317762.6,INR,ABOVE_100,CP-00068,2026-06-30
POS-000228,Term Loan,1010950360.58,INR,ABOVE_100,CP-00068,2026-06-30
POS-000229,Bank Guarantee,6988403.2,INR,BELOW_100,CP-00068,2026-06-30
POS-000230,Term Loan,2799113929.73,INR,BELOW_100,CP-00069,2026-06-30
POS-000231,Cash Credit,1781834810.63,INR,AT_100,CP-00069,2026-06-30
POS-000232,Derivative - Interest Rate Swap,7643067.61,INR,BELOW_100,CP-00069,2026-06-30
POS-000233,Letter of Credit,17141487.4,INR,AT_100,CP-00069,2026-06-30
POS-000234,Cash Credit,1106090431.6,INR,AT_100,CP-00070,2026-06-30
POS-000235,Cash Credit,24618264.48,INR,ABOVE_100,CP-00070,2026-06-30
POS-000236,Bank Guarantee,509594.32,INR,AT_100,CP-00070,2026-06-30
POS-000237,Derivative - FX Forward,7244474.47,INR,BELOW_100,CP-00070,2026-06-30
POS-000238,Cash Credit,16856808159.66,INR,AT_100,CP-00071,2026-06-30
POS-000239,Letter of Credit,910459884.39,INR,BELOW_100,CP-00071,2026-06-30
POS-000240,Letter of Credit,695722945.94,INR,AT_100,CP-00071,2026-06-30
POS-000241,Cash Credit,6101087001.48,INR,ABOVE_100,CP-00072,2026-06-30
POS-000242,Cash Credit,6876964772.51,INR,AT_100,CP-00072,2026-06-30
POS-000243,Term Loan,4716329052.87,INR,ABOVE_100,CP-00072,2026-06-30
POS-000244,Derivative - Interest Rate Swap,345262746.73,INR,ABOVE_100,CP-00072,2026-06-30
POS-000245,Cash Credit,2264606229.55,INR,BELOW_100,CP-00073,2026-06-30
POS-000246,Term Loan,1013794625.18,INR,BELOW_100,CP-00073,2026-06-30
POS-000247,Investment - Debenture/Bond,8275076468.69,INR,AT_100,CP-00073,2026-06-30
POS-000248,Derivative - FX Forward,3501564263.16,INR,BELOW_100,CP-00073,2026-06-30
POS-000249,Letter of Credit,7404758573.29,INR,BELOW_100,CP-00073,2026-06-30
POS-000250,Cash Credit,34575986667.65,INR,BELOW_100,CP-00074,2026-06-30
POS-000251,Cash Credit,5484279801.77,INR,AT_100,CP-00074,2026-06-30
POS-000252,Letter of Credit,2233431.49,INR,BELOW_100,CP-00074,2026-06-30
POS-000253,Derivative - FX Forward,116399147.43,INR,BELOW_100,CP-00074,2026-06-30
POS-000254,Term Loan,11792127377.15,INR,AT_100,CP-00075,2026-06-30
POS-000255,Derivative - FX Forward,151544360.23,INR,BELOW_100,CP-00075,2026-06-30
POS-000256,Letter of Credit,1646529460.63,INR,AT_100,CP-00075,2026-06-30
POS-000257,Investment - Debenture/Bond,1172398300.87,INR,AT_100,CP-00076,2026-06-30
POS-000258,Cash Credit,27424656851.99,INR,AT_100,CP-00076,2026-06-30
POS-000259,Term Loan,2240027577.08,INR,ABOVE_100,CP-00076,2026-06-30
POS-000260,Derivative - FX Forward,91135228.45,INR,ABOVE_100,CP-00076,2026-06-30
POS-000261,Letter of Credit,90754052.59,INR,BELOW_100,CP-00076,2026-06-30
POS-000262,Cash Credit,19016847209.96,INR,BELOW_100,CP-00077,2026-06-30
POS-000263,Letter of Credit,6556804746.29,INR,BELOW_100,CP-00077,2026-06-30
POS-000264,Term Loan,17705472428.42,INR,ABOVE_100,CP-00078,2026-06-30
POS-000265,Derivative - FX Forward,170983973.99,INR,BELOW_100,CP-00078,2026-06-30
POS-000266,Cash Credit,190749896519.59,INR,ABOVE_100,CP-00079,2026-06-30
POS-000267,Derivative - FX Forward,2215080648.0,INR,AT_100,CP-00079,2026-06-30
POS-000268,Bank Guarantee,697004464.15,INR,ABOVE_100,CP-00079,2026-06-30
POS-000269,Term Loan,82532243373.48,INR,BELOW_100,CP-00080,2026-06-30
POS-000270,Cash Credit,22905832918.33,INR,BELOW_100,CP-00080,2026-06-30
POS-000271,Derivative - FX Forward,278632724.88,INR,ABOVE_100,CP-00080,2026-06-30
POS-000272,Term Loan,10313373151.8,INR,ABOVE_100,CP-00081,2026-06-30
POS-000273,Term Loan,10579900816.73,INR,BELOW_100,CP-00081,2026-06-30
POS-000274,Term Loan,9769995843.79,INR,BELOW_100,CP-00081,2026-06-30
POS-000275,Bank Guarantee,30762219271.35,INR,BELOW_100,CP-00081,2026-06-30
POS-000276,Cash Credit,41316995394.29,INR,BELOW_100,CP-00082,2026-06-30
POS-000277,Letter of Credit,240031717.2,INR,BELOW_100,CP-00082,2026-06-30
POS-000278,Bank Guarantee,572852538.7,INR,BELOW_100,CP-00082,2026-06-30
POS-000279,Term Loan,4274132915.59,INR,ABOVE_100,CP-00083,2026-06-30
POS-000280,Term Loan,745035314.95,INR,AT_100,CP-00083,2026-06-30
POS-000281,Derivative - FX Forward,1934142760.19,INR,AT_100,CP-00083,2026-06-30
POS-000282,Term Loan,12523081049.07,INR,AT_100,CP-00084,2026-06-30
POS-000283,Investment - Debenture/Bond,935247794.48,INR,BELOW_100,CP-00084,2026-06-30
POS-000284,Bank Guarantee,1517594911.02,INR,ABOVE_100,CP-00084,2026-06-30
POS-000285,Term Loan,6351925415.38,INR,BELOW_100,CP-00085,2026-06-30
POS-000286,Term Loan,40458776967.7,INR,ABOVE_100,CP-00085,2026-06-30
POS-000287,Bank Guarantee,297528495.18,INR,BELOW_100,CP-00085,2026-06-30
POS-000288,Bank Guarantee,660359654.7,INR,ABOVE_100,CP-00085,2026-06-30
POS-000289,Term Loan,12639807487.52,INR,BELOW_100,CP-00086,2026-06-30
POS-000290,Bank Guarantee,3287699428.1,INR,BELOW_100,CP-00086,2026-06-30
POS-000291,Bank Guarantee,1205154703.54,INR,ABOVE_100,CP-00086,2026-06-30
POS-000292,Term Loan,23519151035.98,INR,BELOW_100,CP-00087,2026-06-30
POS-000293,Bank Guarantee,1116288268.66,INR,BELOW_100,CP-00087,2026-06-30
POS-000294,Letter of Credit,357012570.14,INR,BELOW_100,CP-00087,2026-06-30
POS-000295,Cash Credit,6689307447.6,INR,ABOVE_100,CP-00088,2026-06-30
POS-000296,Term Loan,5821661153.58,INR,ABOVE_100,CP-00088,2026-06-30
POS-000297,Term Loan,2105054451.34,INR,BELOW_100,CP-00088,2026-06-30
POS-000298,Derivative - FX Forward,3626334649.84,INR,BELOW_100,CP-00088,2026-06-30
POS-000299,Bank Guarantee,958844090.96,INR,AT_100,CP-00088,2026-06-30
POS-000300,Term Loan,4722333365.04,INR,AT_100,CP-00089,2026-06-30
POS-000301,Investment - Debenture/Bond,1360331695.91,INR,BELOW_100,CP-00089,2026-06-30
POS-000302,Letter of Credit,9015676642.74,INR,BELOW_100,CP-00089,2026-06-30
POS-000303,Derivative - FX Forward,2460381674.53,INR,BELOW_100,CP-00089,2026-06-30
POS-000304,Term Loan,6032301150.12,INR,BELOW_100,CP-00090,2026-06-30
POS-000305,Derivative - FX Forward,3647245684.89,INR,BELOW_100,CP-00090,2026-06-30
POS-000306,Term Loan,13176129661.5,INR,BELOW_100,CP-00091,2026-06-30
POS-000307,Term Loan,9985560421.28,INR,AT_100,CP-00091,2026-06-30
POS-000308,Derivative - FX Forward,524255030.2,INR,ABOVE_100,CP-00091,2026-06-30
POS-000309,Derivative - Interest Rate Swap,5199647980.05,INR,ABOVE_100,CP-00091,2026-06-30
POS-000310,Cash Credit,173292735960.41,INR,AT_100,CP-00092,2026-06-30
POS-000311,Investment - Debenture/Bond,21293973310.59,INR,AT_100,CP-00092,2026-06-30
POS-000312,Derivative - FX Forward,14796743028.4,INR,ABOVE_100,CP-00092,2026-06-30
POS-000313,Derivative - FX Forward,9592424763.13,INR,BELOW_100,CP-00092,2026-06-30
POS-000314,Investment - Debenture/Bond,2951345367.52,INR,AT_100,CP-00093,2026-06-30
POS-000315,Investment - Debenture/Bond,940814024.79,INR,AT_100,CP-00093,2026-06-30
POS-000316,Derivative - FX Forward,874788285.58,INR,BELOW_100,CP-00093,2026-06-30
POS-000317,Derivative - FX Forward,52319826.04,INR,BELOW_100,CP-00093,2026-06-30
POS-000318,Term Loan,26314447421.92,INR,ABOVE_100,CP-00094,2026-06-30
POS-000319,Bank Guarantee,9956024928.42,INR,BELOW_100,CP-00094,2026-06-30
POS-000320,Derivative - FX Forward,24835893824.8,INR,BELOW_100,CP-00094,2026-06-30
POS-000321,Term Loan,22568909443.84,INR,BELOW_100,CP-00095,2026-06-30
POS-000322,Cash Credit,77779507606.79,INR,BELOW_100,CP-00095,2026-06-30
POS-000323,Bank Guarantee,963299320.3,INR,ABOVE_100,CP-00095,2026-06-30
POS-000324,Term Loan,1222721706.41,INR,ABOVE_100,CP-00096,2026-06-30
POS-000325,Bank Guarantee,14156050171.82,INR,BELOW_100,CP-00096,2026-06-30
POS-000326,Term Loan,10270830903.13,INR,ABOVE_100,CP-00097,2026-06-30
POS-000327,Letter of Credit,888495400.33,INR,ABOVE_100,CP-00097,2026-06-30
POS-000328,Derivative - Interest Rate Swap,464316573.34,INR,AT_100,CP-00097,2026-06-30
POS-000329,Term Loan,26725496027.94,INR,BELOW_100,CP-00098,2026-06-30
POS-000330,Cash Credit,4741308632.13,INR,ABOVE_100,CP-00098,2026-06-30
POS-000331,Bank Guarantee,4319191603.32,INR,ABOVE_100,CP-00098,2026-06-30
POS-000332,Investment - Debenture/Bond,55444269715.2,INR,BELOW_100,CP-00099,2026-06-30
POS-000333,Investment - Debenture/Bond,9423243545.36,INR,AT_100,CP-00099,2026-06-30
POS-000334,Term Loan,10386587201.29,INR,BELOW_100,CP-00099,2026-06-30
POS-000335,Letter of Credit,1541202640.58,INR,AT_100,CP-00099,2026-06-30
POS-000336,Letter of Credit,6353300656.4,INR,ABOVE_100,CP-00099,2026-06-30
POS-000337,Term Loan,116826371262.8,INR,BELOW_100,CP-00100,2026-06-30
POS-000338,Bank Guarantee,49727908253.9,INR,BELOW_100,CP-00100,2026-06-30
POS-000339,Term Loan,10382043199.18,INR,BELOW_100,CP-00101,2026-06-30
POS-000340,Letter of Credit,3744703182.01,INR,AT_100,CP-00101,2026-06-30
POS-000341,Investment - Debenture/Bond,24223080785.97,INR,ABOVE_100,CP-00102,2026-06-30
POS-000342,Bank Guarantee,623442163.1,INR,BELOW_100,CP-00102,2026-06-30
POS-000343,Letter of Credit,1618904997.82,INR,BELOW_100,CP-00102,2026-06-30
POS-000344,Cash Credit,26819889479.35,INR,AT_100,CP-00103,2026-06-30
POS-000345,Cash Credit,8761300140.48,INR,AT_100,CP-00103,2026-06-30
POS-000346,Bank Guarantee,305432712.66,INR,ABOVE_100,CP-00103,2026-06-30
POS-000347,Bank Guarantee,552268290.88,INR,AT_100,CP-00103,2026-06-30
POS-000348,Term Loan,12999745196.15,INR,AT_100,CP-00104,2026-06-30
POS-000349,Letter of Credit,354116898.35,INR,BELOW_100,CP-00104,2026-06-30
POS-000350,Letter of Credit,276481816.66,INR,ABOVE_100,CP-00104,2026-06-30
POS-000351,Cash Credit,56653371720.66,INR,AT_100,CP-00105,2026-06-30
POS-000352,Cash Credit,75643510807.57,INR,ABOVE_100,CP-00105,2026-06-30
POS-000353,Bank Guarantee,417179631.92,INR,BELOW_100,CP-00105,2026-06-30
POS-000354,Bank Guarantee,236893360.11,INR,BELOW_100,CP-00105,2026-06-30
POS-000355,Cash Credit,15817038347.76,INR,ABOVE_100,CP-00106,2026-06-30
POS-000356,Term Loan,12788334053.38,INR,BELOW_100,CP-00106,2026-06-30
POS-000357,Bank Guarantee,1409424818.87,INR,BELOW_100,CP-00106,2026-06-30
POS-000358,Letter of Credit,1779335163.29,INR,ABOVE_100,CP-00106,2026-06-30
POS-000359,Cash Credit,1039549359.47,INR,BELOW_100,CP-00107,2026-06-30
POS-000360,Term Loan,1409005584.94,INR,BELOW_100,CP-00107,2026-06-30
POS-000361,Term Loan,258172220.71,INR,BELOW_100,CP-00107,2026-06-30
POS-000362,Derivative - Interest Rate Swap,2779293076.6,INR,BELOW_100,CP-00107,2026-06-30
POS-000363,Bank Guarantee,279544060.68,INR,AT_100,CP-00107,2026-06-30
POS-000364,Investment - Debenture/Bond,13832343640.13,INR,ABOVE_100,CP-00108,2026-06-30
POS-000365,Term Loan,3717618111.16,INR,ABOVE_100,CP-00108,2026-06-30
POS-000366,Investment - Debenture/Bond,100632361757.76,INR,BELOW_100,CP-00108,2026-06-30
POS-000367,Letter of Credit,4304404879.68,INR,AT_100,CP-00108,2026-06-30
POS-000368,Derivative - Interest Rate Swap,5321033753.8,INR,BELOW_100,CP-00108,2026-06-30
POS-000369,Term Loan,5510317859.91,INR,BELOW_100,CP-00109,2026-06-30
POS-000370,Derivative - FX Forward,4610781895.83,INR,BELOW_100,CP-00109,2026-06-30
POS-000371,Letter of Credit,29704710813.52,INR,AT_100,CP-00109,2026-06-30
POS-000372,Cash Credit,133508372981.29,INR,ABOVE_100,CP-00110,2026-06-30
POS-000373,Letter of Credit,3941568564.92,INR,BELOW_100,CP-00110,2026-06-30
POS-000374,Derivative - FX Forward,7662286304.74,INR,BELOW_100,CP-00110,2026-06-30
POS-000375,Term Loan,3266870832.88,INR,BELOW_100,CP-00111,2026-06-30
POS-000376,Cash Credit,1027736443.36,INR,BELOW_100,CP-00111,2026-06-30
POS-000377,Bank Guarantee,5333548947.81,INR,AT_100,CP-00111,2026-06-30
POS-000378,Letter of Credit,5176722813.97,INR,ABOVE_100,CP-00111,2026-06-30
POS-000379,Cash Credit,892502159.96,INR,AT_100,CP-00112,2026-06-30
POS-000380,Term Loan,4294433795.81,INR,BELOW_100,CP-00112,2026-06-30
POS-000381,Term Loan,2026073089.26,INR,BELOW_100,CP-00112,2026-06-30
POS-000382,Letter of Credit,4665287421.79,INR,BELOW_100,CP-00112,2026-06-30
POS-000383,Term Loan,8678904253.34,INR,BELOW_100,CP-00113,2026-06-30
POS-000384,Cash Credit,9697870785.1,INR,ABOVE_100,CP-00113,2026-06-30
POS-000385,Bank Guarantee,8986922413.64,INR,ABOVE_100,CP-00113,2026-06-30
POS-000386,Term Loan,1540450011.65,INR,BELOW_100,CP-00114,2026-06-30
POS-000387,Derivative - Interest Rate Swap,7095554835.34,INR,AT_100,CP-00114,2026-06-30
POS-000388,Investment - Debenture/Bond,3169509043.03,INR,BELOW_100,CP-00115,2026-06-30
POS-000389,Term Loan,38373076624.31,INR,BELOW_100,CP-00115,2026-06-30
POS-000390,Term Loan,32745717715.41,INR,AT_100,CP-00115,2026-06-30
POS-000391,Letter of Credit,674538802.95,INR,BELOW_100,CP-00115,2026-06-30
POS-000392,Bank Guarantee,137518379.06,INR,BELOW_100,CP-00115,2026-06-30
POS-000393,Investment - Debenture/Bond,27499168315.92,INR,BELOW_100,CP-00116,2026-06-30
POS-000394,Bank Guarantee,7584414072.12,INR,BELOW_100,CP-00116,2026-06-30
POS-000395,Bank Guarantee,1216068144.19,INR,AT_100,CP-00116,2026-06-30
POS-000396,Term Loan,3589299565.39,INR,BELOW_100,CP-00117,2026-06-30
POS-000397,Cash Credit,80716575.96,INR,BELOW_100,CP-00117,2026-06-30
POS-000398,Bank Guarantee,19961366609.72,INR,BELOW_100,CP-00117,2026-06-30
POS-000399,Investment - Debenture/Bond,7372436673.29,INR,ABOVE_100,CP-00118,2026-06-30
POS-000400,Bank Guarantee,9973108377.96,INR,BELOW_100,CP-00118,2026-06-30
POS-000401,Bank Guarantee,1722800786.23,INR,BELOW_100,CP-00118,2026-06-30
POS-000402,Cash Credit,11793363086.49,INR,BELOW_100,CP-00119,2026-06-30
POS-000403,Term Loan,7577219582.47,INR,AT_100,CP-00119,2026-06-30
POS-000404,Investment - Debenture/Bond,3750571054.37,INR,BELOW_100,CP-00119,2026-06-30
POS-000405,Bank Guarantee,18677076645.69,INR,BELOW_100,CP-00119,2026-06-30
POS-000406,Term Loan,2447352281.51,INR,BELOW_100,CP-00120,2026-06-30
POS-000407,Investment - Debenture/Bond,480446642.51,INR,AT_100,CP-00120,2026-06-30
POS-000408,Bank Guarantee,22006971733.45,INR,BELOW_100,CP-00120,2026-06-30
POS-000409,Term Loan,1094354679.75,INR,BELOW_100,CP-00121,2026-06-30
POS-000410,Term Loan,19261724426.5,INR,ABOVE_100,CP-00121,2026-06-30
POS-000411,Letter of Credit,1038257749.12,INR,ABOVE_100,CP-00121,2026-06-30
POS-000412,Letter of Credit,8163578232.94,INR,AT_100,CP-00121,2026-06-30
POS-000413,Term Loan,1517627512.32,INR,ABOVE_100,CP-00122,2026-06-30
POS-000414,Term Loan,2415877082.44,INR,BELOW_100,CP-00122,2026-06-30
POS-000415,Term Loan,5194297574.97,INR,ABOVE_100,CP-00122,2026-06-30
POS-000416,Derivative - Interest Rate Swap,32305508098.99,INR,BELOW_100,CP-00122,2026-06-30
POS-000417,Letter of Credit,3285431192.21,INR,BELOW_100,CP-00122,2026-06-30
POS-000418,Cash Credit,6145000890.73,INR,AT_100,CP-00123,2026-06-30
POS-000419,Investment - Debenture/Bond,1753618694.5,INR,AT_100,CP-00123,2026-06-30
POS-000420,Derivative - FX Forward,45996981977.78,INR,ABOVE_100,CP-00123,2026-06-30
POS-000421,Term Loan,8416830793.76,INR,ABOVE_100,CP-00124,2026-06-30
POS-000422,Cash Credit,9141272634.28,INR,AT_100,CP-00124,2026-06-30
POS-000423,Derivative - FX Forward,61004401659.9,INR,AT_100,CP-00124,2026-06-30
POS-000424,Bank Guarantee,8547285222.01,INR,ABOVE_100,CP-00124,2026-06-30
POS-000425,Term Loan,457489459.85,INR,BELOW_100,CP-00125,2026-06-30
POS-000426,Letter of Credit,7992596283.64,INR,BELOW_100,CP-00125,2026-06-30
POS-000427,Cash Credit,460651659.83,INR,BELOW_100,CP-00126,2026-06-30
POS-000428,Cash Credit,2084069683.12,INR,BELOW_100,CP-00126,2026-06-30
POS-000429,Bank Guarantee,36627548202.78,INR,AT_100,CP-00126,2026-06-30
POS-000430,Investment - Debenture/Bond,1288058493.9,INR,AT_100,CP-00127,2026-06-30
POS-000431,Term Loan,335986199.67,INR,BELOW_100,CP-00127,2026-06-30
POS-000432,Derivative - FX Forward,715640181.06,INR,BELOW_100,CP-00127,2026-06-30
POS-000433,Bank Guarantee,56630602550.78,INR,BELOW_100,CP-00127,2026-06-30
POS-000434,Cash Credit,2256708061.19,INR,AT_100,CP-00128,2026-06-30
POS-000435,Derivative - Interest Rate Swap,3052408449.56,INR,BELOW_100,CP-00128,2026-06-30
POS-000436,Investment - Debenture/Bond,970867134.65,INR,AT_100,CP-00129,2026-06-30
POS-000437,Term Loan,1554020811.27,INR,ABOVE_100,CP-00129,2026-06-30
POS-000438,Cash Credit,344970429.36,INR,AT_100,CP-00129,2026-06-30
POS-000439,Derivative - FX Forward,19014553829.87,INR,ABOVE_100,CP-00129,2026-06-30
POS-000440,Term Loan,5189414335.09,INR,ABOVE_100,CP-00130,2026-06-30
POS-000441,Letter of Credit,22093738080.27,INR,ABOVE_100,CP-00130,2026-06-30
POS-000442,Term Loan,1887127327.46,INR,AT_100,CP-00131,2026-06-30
POS-000443,Bank Guarantee,11292353.9,INR,BELOW_100,CP-00131,2026-06-30
POS-000444,Derivative - Interest Rate Swap,588353998.29,INR,AT_100,CP-00131,2026-06-30
POS-000445,Cash Credit,459886103.2,INR,AT_100,CP-00132,2026-06-30
POS-000446,Cash Credit,674342080.6,INR,AT_100,CP-00132,2026-06-30
POS-000447,Term Loan,2023985631.24,INR,BELOW_100,CP-00132,2026-06-30
POS-000448,Derivative - FX Forward,11199101506.56,INR,AT_100,CP-00132,2026-06-30
POS-000449,Term Loan,161894044.2,INR,BELOW_100,CP-00133,2026-06-30
POS-000450,Term Loan,335406865.05,INR,AT_100,CP-00133,2026-06-30
POS-000451,Bank Guarantee,158862757.17,INR,AT_100,CP-00133,2026-06-30
POS-000452,Term Loan,5414647429.19,INR,BELOW_100,CP-00134,2026-06-30
POS-000453,Letter of Credit,1043771890.38,INR,BELOW_100,CP-00134,2026-06-30
POS-000454,Letter of Credit,55301526.54,INR,ABOVE_100,CP-00134,2026-06-30
POS-000455,Term Loan,14568474502.88,INR,BELOW_100,CP-00135,2026-06-30
POS-000456,Letter of Credit,806226816.4,INR,BELOW_100,CP-00135,2026-06-30
POS-000457,Investment - Debenture/Bond,5430753126.77,INR,BELOW_100,CP-00136,2026-06-30
POS-000458,Bank Guarantee,1030689535.86,INR,BELOW_100,CP-00136,2026-06-30
POS-000459,Term Loan,1836967393.2,INR,AT_100,CP-00137,2026-06-30
POS-000460,Investment - Debenture/Bond,10561584990.34,INR,ABOVE_100,CP-00137,2026-06-30
POS-000461,Derivative - FX Forward,3083402451.43,INR,AT_100,CP-00137,2026-06-30
POS-000462,Cash Credit,4406662348.67,INR,ABOVE_100,CP-00138,2026-06-30
POS-000463,Bank Guarantee,285251881.67,INR,AT_100,CP-00138,2026-06-30
POS-000464,Letter of Credit,262598190.62,INR,ABOVE_100,CP-00138,2026-06-30
POS-000465,Term Loan,11802482142.46,INR,AT_100,CP-00139,2026-06-30
POS-000466,Term Loan,239954586.98,INR,BELOW_100,CP-00139,2026-06-30
POS-000467,Letter of Credit,19316817837.87,INR,ABOVE_100,CP-00139,2026-06-30
POS-000468,Investment - Debenture/Bond,2872047047.27,INR,BELOW_100,CP-00140,2026-06-30
POS-000469,Term Loan,1144945585.92,INR,ABOVE_100,CP-00140,2026-06-30
POS-000470,Term Loan,626799082.63,INR,BELOW_100,CP-00140,2026-06-30
POS-000471,Derivative - FX Forward,931376103.82,INR,ABOVE_100,CP-00140,2026-06-30
POS-000472,Term Loan,4166718946.23,INR,AT_100,CP-00141,2026-06-30
POS-000473,Term Loan,3147203085.17,INR,BELOW_100,CP-00141,2026-06-30
POS-000474,Bank Guarantee,2117410681.06,INR,AT_100,CP-00141,2026-06-30
POS-000475,Term Loan,5352244443.91,INR,AT_100,CP-00142,2026-06-30
POS-000476,Investment - Debenture/Bond,13537058901.57,INR,BELOW_100,CP-00142,2026-06-30
POS-000477,Bank Guarantee,1070204388.18,INR,BELOW_100,CP-00142,2026-06-30
POS-000478,Term Loan,1392103223.18,INR,ABOVE_100,CP-00143,2026-06-30
POS-000479,Bank Guarantee,51072526.35,INR,BELOW_100,CP-00143,2026-06-30
POS-000480,Derivative - Interest Rate Swap,192493503.96,INR,AT_100,CP-00143,2026-06-30
POS-000481,Term Loan,54633525255.94,INR,ABOVE_100,CP-00144,2026-06-30
POS-000482,Term Loan,1395993920.79,INR,AT_100,CP-00144,2026-06-30
POS-000483,Letter of Credit,229888827.28,INR,AT_100,CP-00144,2026-06-30
POS-000484,Letter of Credit,74407328.12,INR,BELOW_100,CP-00144,2026-06-30
POS-000485,Term Loan,19573927928.76,INR,BELOW_100,CP-00145,2026-06-30
POS-000486,Cash Credit,434936437.79,INR,BELOW_100,CP-00145,2026-06-30
POS-000487,Letter of Credit,2273145688.53,INR,ABOVE_100,CP-00145,2026-06-30
POS-000488,Term Loan,47496760969.29,INR,BELOW_100,CP-00146,2026-06-30
POS-000489,Derivative - Interest Rate Swap,7072338476.84,INR,BELOW_100,CP-00146,2026-06-30
POS-000490,Derivative - FX Forward,230596424.48,INR,ABOVE_100,CP-00146,2026-06-30
POS-000491,Term Loan,1936578023.03,INR,ABOVE_100,CP-00147,2026-06-30
POS-000492,Cash Credit,52157762.22,INR,ABOVE_100,CP-00147,2026-06-30
POS-000493,Derivative - FX Forward,1718890594.12,INR,BELOW_100,CP-00147,2026-06-30
POS-000494,Bank Guarantee,2029508034.41,INR,BELOW_100,CP-00147,2026-06-30
POS-000495,Term Loan,13047122766.99,INR,BELOW_100,CP-00148,2026-06-30
POS-000496,Term Loan,3454593268.46,INR,ABOVE_100,CP-00148,2026-06-30
POS-000497,Cash Credit,2512661400.2,INR,BELOW_100,CP-00148,2026-06-30
POS-000498,Bank Guarantee,172391450.11,INR,BELOW_100,CP-00148,2026-06-30
POS-000499,Bank Guarantee,619394152.63,INR,AT_100,CP-00148,2026-06-30
POS-000500,Cash Credit,706030040.59,INR,AT_100,CP-00149,2026-06-30
POS-000501,Term Loan,72492177.35,INR,AT_100,CP-00149,2026-06-30
POS-000502,Cash Credit,3663411099.78,INR,DEDUCTED,CP-00149,2026-06-30
POS-000503,Bank Guarantee,8208229773.34,INR,BELOW_100,CP-00149,2026-06-30
POS-000504,Investment - Debenture/Bond,28939630144.21,INR,AT_100,CP-00150,2026-06-30
POS-000505,Cash Credit,50362054780.74,INR,ABOVE_100,CP-00150,2026-06-30
POS-000506,Derivative - FX Forward,34961018362.55,INR,BELOW_100,CP-00150,2026-06-30
POS-000507,Cash Credit,7225291330.27,INR,ABOVE_100,CP-00151,2026-06-30
POS-000508,Derivative - FX Forward,591470823.05,INR,AT_100,CP-00151,2026-06-30
POS-000509,Letter of Credit,904565937.61,INR,BELOW_100,CP-00151,2026-06-30
POS-000510,Cash Credit,6515306981.66,INR,BELOW_100,CP-00152,2026-06-30
POS-000511,Cash Credit,3358907457.01,INR,ABOVE_100,CP-00152,2026-06-30
POS-000512,Investment - Debenture/Bond,1445796825.19,INR,BELOW_100,CP-00152,2026-06-30
POS-000513,Bank Guarantee,2129438761.68,INR,AT_100,CP-00152,2026-06-30
POS-000514,Bank Guarantee,302208047.4,INR,ABOVE_100,CP-00152,2026-06-30
POS-000515,Cash Credit,2096572066.02,INR,AT_100,CP-00153,2026-06-30
POS-000516,Term Loan,1384287366.4,INR,ABOVE_100,CP-00153,2026-06-30
POS-000517,Derivative - FX Forward,2061074638.86,INR,BELOW_100,CP-00153,2026-06-30
POS-000518,Bank Guarantee,117912376.62,INR,AT_100,CP-00153,2026-06-30
POS-000519,Investment - Debenture/Bond,135046832.88,INR,AT_100,CP-00154,2026-06-30
POS-000520,Term Loan,4637280884.2,INR,BELOW_100,CP-00154,2026-06-30
POS-000521,Term Loan,2193970861.74,INR,AT_100,CP-00154,2026-06-30
POS-000522,Bank Guarantee,964379726.03,INR,AT_100,CP-00154,2026-06-30
POS-000523,Letter of Credit,309382406.84,INR,BELOW_100,CP-00154,2026-06-30
POS-000524,Term Loan,10665478507.62,INR,BELOW_100,CP-00155,2026-06-30
POS-000525,Term Loan,8158859981.75,INR,AT_100,CP-00155,2026-06-30
POS-000526,Derivative - FX Forward,1550055439.94,INR,BELOW_100,CP-00155,2026-06-30
POS-000527,Investment - Debenture/Bond,12862521705.94,INR,BELOW_100,CP-00156,2026-06-30
POS-000528,Letter of Credit,711419650.11,INR,ABOVE_100,CP-00156,2026-06-30
POS-000529,Derivative - FX Forward,597717049.12,INR,BELOW_100,CP-00156,2026-06-30
POS-000530,Cash Credit,307062354.16,INR,ABOVE_100,CP-00157,2026-06-30
POS-000531,Term Loan,1202073504.31,INR,AT_100,CP-00157,2026-06-30
POS-000532,Bank Guarantee,11295935121.53,INR,BELOW_100,CP-00157,2026-06-30
POS-000533,Term Loan,41319029.04,INR,ABOVE_100,CP-00158,2026-06-30
POS-000534,Cash Credit,305962036.08,INR,ABOVE_100,CP-00158,2026-06-30
POS-000535,Letter of Credit,5078997229.78,INR,BELOW_100,CP-00158,2026-06-30
POS-000536,Derivative - Interest Rate Swap,1296500000.96,INR,ABOVE_100,CP-00158,2026-06-30
POS-000537,Term Loan,5353756089.68,INR,BELOW_100,CP-00159,2026-06-30
POS-000538,Bank Guarantee,2684914477.4,INR,AT_100,CP-00159,2026-06-30
POS-000539,Derivative - FX Forward,1114420574.39,INR,BELOW_100,CP-00159,2026-06-30
POS-000540,Term Loan,24906226250.79,INR,AT_100,CP-00160,2026-06-30
POS-000541,Bank Guarantee,60054273168.35,INR,AT_100,CP-00160,2026-06-30
POS-000542,Term Loan,1568835763.33,INR,AT_100,CP-00161,2026-06-30
POS-000543,Bank Guarantee,12105873328.38,INR,BELOW_100,CP-00161,2026-06-30
POS-000544,Term Loan,3339971993.25,INR,ABOVE_100,CP-00162,2026-06-30
POS-000545,Investment - Debenture/Bond,1662515872.86,INR,BELOW_100,CP-00162,2026-06-30
POS-000546,Bank Guarantee,962731411.79,INR,BELOW_100,CP-00162,2026-06-30
POS-000547,Bank Guarantee,2361031990.35,INR,BELOW_100,CP-00162,2026-06-30
POS-000548,Investment - Debenture/Bond,15580279.05,INR,BELOW_100,CP-00163,2026-06-30
POS-000549,Term Loan,151508030.51,INR,BELOW_100,CP-00163,2026-06-30
POS-000550,Letter of Credit,14571274736.04,INR,BELOW_100,CP-00163,2026-06-30
POS-000551,Cash Credit,235331089277.79,INR,AT_100,CP-00164,2026-06-30
POS-000552,Cash Credit,121458723682.15,INR,BELOW_100,CP-00164,2026-06-30
POS-000553,Derivative - FX Forward,4390898903.02,INR,BELOW_100,CP-00164,2026-06-30
POS-000554,Letter of Credit,968341165.29,INR,BELOW_100,CP-00164,2026-06-30
POS-000555,Investment - Debenture/Bond,321859338.51,INR,BELOW_100,CP-00165,2026-06-30
POS-000556,Derivative - Interest Rate Swap,315197038.39,INR,ABOVE_100,CP-00165,2026-06-30
POS-000557,Bank Guarantee,1119563155.96,INR,BELOW_100,CP-00165,2026-06-30
POS-000558,Cash Credit,4670300552.75,INR,BELOW_100,CP-00166,2026-06-30
POS-000559,Bank Guarantee,2321751038.97,INR,ABOVE_100,CP-00166,2026-06-30
POS-000560,Derivative - FX Forward,1244860601.46,INR,BELOW_100,CP-00166,2026-06-30
POS-000561,Term Loan,87133540.58,INR,BELOW_100,CP-00167,2026-06-30
POS-000562,Investment - Debenture/Bond,139878106.67,INR,ABOVE_100,CP-00167,2026-06-30
POS-000563,Bank Guarantee,35867271896.19,INR,AT_100,CP-00167,2026-06-30
POS-000564,Term Loan,802328375.61,INR,ABOVE_100,CP-00168,2026-06-30
POS-000565,Bank Guarantee,1446673633.47,INR,BELOW_100,CP-00168,2026-06-30
POS-000566,Investment - Debenture/Bond,55583575.97,INR,BELOW_100,CP-00169,2026-06-30
POS-000567,Cash Credit,439155921.62,INR,AT_100,CP-00169,2026-06-30
POS-000568,Term Loan,435597454.64,INR,BELOW_100,CP-00169,2026-06-30
POS-000569,Bank Guarantee,12008022934.74,INR,BELOW_100,CP-00169,2026-06-30
POS-000570,Term Loan,2805034781.75,INR,ABOVE_100,CP-00170,2026-06-30
POS-000571,Letter of Credit,18243794814.04,INR,AT_100,CP-00170,2026-06-30
POS-000572,Investment - Debenture/Bond,248904188.92,INR,BELOW_100,CP-00171,2026-06-30
POS-000573,Bank Guarantee,798857774.59,INR,BELOW_100,CP-00171,2026-06-30
POS-000574,Derivative - FX Forward,6843215004.9,INR,BELOW_100,CP-00171,2026-06-30
POS-000575,Term Loan,6583075735.73,INR,ABOVE_100,CP-00172,2026-06-30
POS-000576,Derivative - FX Forward,667836935.65,INR,BELOW_100,CP-00172,2026-06-30
POS-000577,Letter of Credit,6797515182.14,INR,AT_100,CP-00172,2026-06-30
POS-000578,Term Loan,25286805418.37,INR,AT_100,CP-00173,2026-06-30
POS-000579,Term Loan,3471251555.76,INR,ABOVE_100,CP-00173,2026-06-30
POS-000580,Term Loan,2751323927.64,INR,BELOW_100,CP-00173,2026-06-30
POS-000581,Bank Guarantee,7053940707.37,INR,BELOW_100,CP-00173,2026-06-30
POS-000582,Term Loan,4826639364.81,INR,BELOW_100,CP-00174,2026-06-30
POS-000583,Investment - Debenture/Bond,1124395697.31,INR,AT_100,CP-00174,2026-06-30
POS-000584,Bank Guarantee,625085419.4,INR,AT_100,CP-00174,2026-06-30
POS-000585,Term Loan,47179398463.44,INR,AT_100,CP-00175,2026-06-30
POS-000586,Derivative - FX Forward,11166000665.89,INR,ABOVE_100,CP-00175,2026-06-30
POS-000587,Cash Credit,11146366318.34,INR,BELOW_100,CP-00176,2026-06-30
POS-000588,Derivative - Interest Rate Swap,2110003768.31,INR,BELOW_100,CP-00176,2026-06-30
POS-000589,Cash Credit,1309082309.05,INR,AT_100,CP-00177,2026-06-30
POS-000590,Cash Credit,5464924156.1,INR,AT_100,CP-00177,2026-06-30
POS-000591,Term Loan,146403000.66,INR,BELOW_100,CP-00177,2026-06-30
POS-000592,Bank Guarantee,141191114.14,INR,BELOW_100,CP-00177,2026-06-30
POS-000593,Term Loan,2329425046.07,INR,AT_100,CP-00178,2026-06-30
POS-000594,Term Loan,261774786.91,INR,ABOVE_100,CP-00178,2026-06-30
POS-000595,Term Loan,2316751447.47,INR,ABOVE_100,CP-00178,2026-06-30
POS-000596,Letter of Credit,306701283.58,INR,AT_100,CP-00178,2026-06-30
POS-000597,Derivative - Interest Rate Swap,116775974.85,INR,ABOVE_100,CP-00178,2026-06-30
POS-000598,Term Loan,448560518.94,INR,BELOW_100,CP-00179,2026-06-30
POS-000599,Term Loan,1895942135.28,INR,BELOW_100,CP-00179,2026-06-30
POS-000600,Investment - Debenture/Bond,1030951181.83,INR,BELOW_100,CP-00179,2026-06-30
POS-000601,Letter of Credit,1942676198.52,INR,ABOVE_100,CP-00179,2026-06-30
POS-000602,Investment - Debenture/Bond,1222348393.36,INR,BELOW_100,CP-00180,2026-06-30
POS-000603,Term Loan,1072899930.49,INR,ABOVE_100,CP-00180,2026-06-30
POS-000604,Bank Guarantee,308041784.85,INR,AT_100,CP-00180,2026-06-30
POS-000605,Term Loan,225066767.33,INR,AT_100,CP-00181,2026-06-30
POS-000606,Term Loan,336234196.14,INR,BELOW_100,CP-00181,2026-06-30
POS-000607,Term Loan,67739697.32,INR,ABOVE_100,CP-00181,2026-06-30
POS-000608,Letter of Credit,182409548.94,INR,BELOW_100,CP-00181,2026-06-30
POS-000609,Derivative - FX Forward,49892171.53,INR,BELOW_100,CP-00181,2026-06-30
POS-000610,Term Loan,1357324616.46,INR,BELOW_100,CP-00182,2026-06-30
POS-000611,Term Loan,1727004268.69,INR,AT_100,CP-00182,2026-06-30
POS-000612,Bank Guarantee,283006926.84,INR,BELOW_100,CP-00182,2026-06-30
POS-000613,Bank Guarantee,2606571337.53,INR,BELOW_100,CP-00182,2026-06-30
POS-000614,Term Loan,685763614.07,INR,BELOW_100,CP-00183,2026-06-30
POS-000615,Derivative - Interest Rate Swap,94809247.05,INR,ABOVE_100,CP-00183,2026-06-30
POS-000616,Term Loan,2550720258.62,INR,BELOW_100,CP-00184,2026-06-30
POS-000617,Bank Guarantee,55389714.64,INR,BELOW_100,CP-00184,2026-06-30
POS-000618,Bank Guarantee,74202336.73,INR,ABOVE_100,CP-00184,2026-06-30
POS-000619,Cash Credit,86532659012.67,INR,AT_100,CP-00185,2026-06-30
POS-000620,Term Loan,2845168181.16,INR,ABOVE_100,CP-00185,2026-06-30
POS-000621,Bank Guarantee,4775849682.03,INR,AT_100,CP-00185,2026-06-30
POS-000622,Term Loan,60299060163.71,INR,BELOW_100,CP-00186,2026-06-30
POS-000623,Investment - Debenture/Bond,38033955942.83,INR,BELOW_100,CP-00186,2026-06-30
POS-000624,Bank Guarantee,16259685.52,INR,BELOW_100,CP-00186,2026-06-30
POS-000625,Cash Credit,38610892912.52,INR,BELOW_100,CP-00187,2026-06-30
POS-000626,Bank Guarantee,21985393.02,INR,BELOW_100,CP-00187,2026-06-30
POS-000627,Investment - Debenture/Bond,7400659471.35,INR,ABOVE_100,CP-00188,2026-06-30
POS-000628,Derivative - Interest Rate Swap,8395957.3,INR,BELOW_100,CP-00188,2026-06-30
POS-000629,Bank Guarantee,2296945.22,INR,BELOW_100,CP-00188,2026-06-30
POS-000630,Investment - Debenture/Bond,8529539981359.92,INR,AT_100,CP-00189,2026-06-30
POS-000631,Bank Guarantee,21159799.58,INR,AT_100,CP-00189,2026-06-30
POS-000632,Cash Credit,12393490467.92,INR,AT_100,CP-00190,2026-06-30
POS-000633,Term Loan,41599733205.45,INR,AT_100,CP-00190,2026-06-30
POS-000634,Bank Guarantee,8323517.87,INR,BELOW_100,CP-00190,2026-06-30
POS-000635,Bank Guarantee,2069480.56,INR,BELOW_100,CP-00190,2026-06-30
POS-000636,Cash Credit,1446333255.45,INR,ABOVE_100,CP-00191,2026-06-30
POS-000637,Term Loan,1228084499.5,INR,AT_100,CP-00191,2026-06-30
POS-000638,Cash Credit,24262138082.88,INR,BELOW_100,CP-00191,2026-06-30
POS-000639,Bank Guarantee,414258.01,INR,AT_100,CP-00191,2026-06-30
POS-000640,Letter of Credit,2529006.22,INR,BELOW_100,CP-00191,2026-06-30
POS-000641,Term Loan,432287055759.51,INR,BELOW_100,CP-00192,2026-06-30
POS-000642,Cash Credit,30371121725.58,INR,AT_100,CP-00192,2026-06-30
POS-000643,Bank Guarantee,28237883.81,INR,ABOVE_100,CP-00192,2026-06-30
POS-000644,Bank Guarantee,65827305.11,INR,ABOVE_100,CP-00192,2026-06-30
POS-000645,Term Loan,105824035138.08,INR,BELOW_100,CP-00193,2026-06-30
POS-000646,Cash Credit,42892608359.12,INR,BELOW_100,CP-00193,2026-06-30
POS-000647,Bank Guarantee,6083315.01,INR,BELOW_100,CP-00193,2026-06-30
POS-000648,Investment - Debenture/Bond,2872105786.08,INR,AT_100,CP-00194,2026-06-30
POS-000649,Term Loan,15452998334.1,INR,BELOW_100,CP-00194,2026-06-30
POS-000650,Term Loan,90934789565.05,INR,AT_100,CP-00194,2026-06-30
POS-000651,Derivative - Interest Rate Swap,7932839.58,INR,ABOVE_100,CP-00194,2026-06-30
POS-000652,Bank Guarantee,3443981.11,INR,AT_100,CP-00194,2026-06-30
POS-000653,Term Loan,215407613.76,INR,AT_100,CP-00195,2026-06-30
POS-000654,Term Loan,5523900317.86,INR,BELOW_100,CP-00195,2026-06-30
POS-000655,Cash Credit,111075565.63,INR,AT_100,CP-00195,2026-06-30
POS-000656,Bank Guarantee,89956821.77,INR,BELOW_100,CP-00195,2026-06-30
POS-000657,Term Loan,57904158384.76,INR,BELOW_100,CP-00196,2026-06-30
POS-000658,Term Loan,10874784153.19,INR,BELOW_100,CP-00196,2026-06-30
POS-000659,Derivative - Interest Rate Swap,2920052.69,INR,BELOW_100,CP-00196,2026-06-30
POS-000660,Derivative - FX Forward,34544494.85,INR,ABOVE_100,CP-00196,2026-06-30
POS-000661,Term Loan,42118734335.96,INR,BELOW_100,CP-00197,2026-06-30
POS-000662,Term Loan,154988851042.2,INR,ABOVE_100,CP-00197,2026-06-30
POS-000663,Letter of Credit,5673353.18,INR,ABOVE_100,CP-00197,2026-06-30
POS-000664,Derivative - FX Forward,22210923.94,INR,BELOW_100,CP-00197,2026-06-30
POS-000665,Term Loan,37199431449.47,INR,BELOW_100,CP-00198,2026-06-30
POS-000666,Derivative - FX Forward,109940572.28,INR,AT_100,CP-00198,2026-06-30
POS-000667,Term Loan,84390489838.53,INR,AT_100,CP-00199,2026-06-30
POS-000668,Cash Credit,15809191319.81,INR,AT_100,CP-00199,2026-06-30
POS-000669,Letter of Credit,2836181.56,INR,AT_100,CP-00199,2026-06-30
POS-000670,Letter of Credit,3037678.34,INR,AT_100,CP-00199,2026-06-30
POS-000671,Cash Credit,6310961595.97,INR,BELOW_100,CP-00200,2026-06-30
POS-000672,Term Loan,10938922862.39,INR,BELOW_100,CP-00200,2026-06-30
POS-000673,Letter of Credit,14152006.63,INR,AT_100,CP-00200,2026-06-30
POS-000674,Bank Guarantee,6172501.07,INR,AT_100,CP-00200,2026-06-30
POS-000675,Term Loan,3809904231.04,INR,BELOW_100,CP-00201,2026-06-30
POS-000676,Term Loan,5330713900.17,INR,BELOW_100,CP-00201,2026-06-30
POS-000677,Letter of Credit,19003514.81,INR,BELOW_100,CP-00201,2026-06-30
POS-000678,Term Loan,121436152282.17,INR,ABOVE_100,CP-00202,2026-06-30
POS-000679,Cash Credit,21001571404.36,INR,BELOW_100,CP-00202,2026-06-30
POS-000680,Term Loan,51231805673.68,INR,AT_100,CP-00202,2026-06-30
POS-000681,Bank Guarantee,309792530.92,INR,BELOW_100,CP-00202,2026-06-30
POS-000682,Term Loan,19217935013.4,INR,ABOVE_100,CP-00203,2026-06-30
POS-000683,Term Loan,6538431040.02,INR,BELOW_100,CP-00203,2026-06-30
POS-000684,Term Loan,13420554455.26,INR,ABOVE_100,CP-00203,2026-06-30
POS-000685,Bank Guarantee,51416584.32,INR,AT_100,CP-00203,2026-06-30
POS-000686,Letter of Credit,423948424.3,INR,BELOW_100,CP-00203,2026-06-30
POS-000687,Cash Credit,2317580938.19,INR,AT_100,CP-00204,2026-06-30
POS-000688,Term Loan,9025572423.14,INR,BELOW_100,CP-00204,2026-06-30
POS-000689,Bank Guarantee,1082956223.68,INR,AT_100,CP-00204,2026-06-30
POS-000690,Letter of Credit,1103627563.31,INR,BELOW_100,CP-00204,2026-06-30
POS-000691,Cash Credit,9743945943.86,INR,BELOW_100,CP-00205,2026-06-30
POS-000692,Term Loan,2020009826.06,INR,BELOW_100,CP-00205,2026-06-30
POS-000693,Investment - Debenture/Bond,1283100261.17,INR,BELOW_100,CP-00205,2026-06-30
POS-000694,Bank Guarantee,184841952.59,INR,ABOVE_100,CP-00205,2026-06-30
POS-000695,Letter of Credit,155376543.26,INR,ABOVE_100,CP-00205,2026-06-30
POS-000696,Term Loan,18716094941.01,INR,BELOW_100,CP-00206,2026-06-30
POS-000697,Letter of Credit,731407721.67,INR,BELOW_100,CP-00206,2026-06-30
POS-000698,Derivative - FX Forward,178277204.95,INR,AT_100,CP-00206,2026-06-30
POS-000699,Term Loan,309848969724.24,INR,BELOW_100,CP-00207,2026-06-30
POS-000700,Bank Guarantee,2296278220.32,INR,ABOVE_100,CP-00207,2026-06-30
POS-000701,Cash Credit,5529304997.79,INR,ABOVE_100,CP-00208,2026-06-30
POS-000702,Cash Credit,20448637442.52,INR,BELOW_100,CP-00208,2026-06-30
POS-000703,Derivative - FX Forward,497877991.38,INR,BELOW_100,CP-00208,2026-06-30
POS-000704,Letter of Credit,360897673.4,INR,BELOW_100,CP-00208,2026-06-30
POS-000705,Term Loan,4368119602.95,INR,AT_100,CP-00209,2026-06-30
POS-000706,Cash Credit,41674862546.03,INR,ABOVE_100,CP-00209,2026-06-30
POS-000707,Letter of Credit,15285767789.64,INR,BELOW_100,CP-00209,2026-06-30
POS-000708,Term Loan,38810379987.58,INR,AT_100,CP-00210,2026-06-30
POS-000709,Bank Guarantee,137717352.52,INR,ABOVE_100,CP-00210,2026-06-30
POS-000710,Letter of Credit,2164339217.97,INR,AT_100,CP-00210,2026-06-30
POS-000711,Cash Credit,64435134521.16,INR,AT_100,CP-00211,2026-06-30
POS-000712,Cash Credit,19716830064.24,INR,BELOW_100,CP-00211,2026-06-30
POS-000713,Bank Guarantee,1845375965.99,INR,ABOVE_100,CP-00211,2026-06-30
POS-000714,Term Loan,83618984801.63,INR,BELOW_100,CP-00212,2026-06-30
POS-000715,Term Loan,96171119151.82,INR,BELOW_100,CP-00212,2026-06-30
POS-000716,Cash Credit,147688253640.19,INR,AT_100,CP-00212,2026-06-30
POS-000717,Bank Guarantee,1582027499.62,INR,BELOW_100,CP-00212,2026-06-30
POS-000718,Bank Guarantee,587760636.2,INR,AT_100,CP-00212,2026-06-30
POS-000719,Cash Credit,20397576218.1,INR,BELOW_100,CP-00213,2026-06-30
POS-000720,Derivative - FX Forward,4320361075.25,INR,AT_100,CP-00213,2026-06-30
POS-000721,Term Loan,78636093471.13,INR,BELOW_100,CP-00214,2026-06-30
POS-000722,Derivative - Interest Rate Swap,934302505.65,INR,BELOW_100,CP-00214,2026-06-30
POS-000723,Bank Guarantee,74770492.53,INR,BELOW_100,CP-00214,2026-06-30
POS-000724,Term Loan,19457626854.92,INR,BELOW_100,CP-00215,2026-06-30
POS-000725,Bank Guarantee,822232620.69,INR,ABOVE_100,CP-00215,2026-06-30
POS-000726,Bank Guarantee,4223988925.95,INR,AT_100,CP-00215,2026-06-30
POS-000727,Term Loan,7974272813.73,INR,AT_100,CP-00216,2026-06-30
POS-000728,Term Loan,155306182954.39,INR,BELOW_100,CP-00216,2026-06-30
POS-000729,Derivative - FX Forward,1557555309.53,INR,BELOW_100,CP-00216,2026-06-30
POS-000730,Bank Guarantee,12608827870.08,INR,BELOW_100,CP-00216,2026-06-30
POS-000731,Cash Credit,2767663771.88,INR,BELOW_100,CP-00217,2026-06-30
POS-000732,Term Loan,5610562593.59,INR,AT_100,CP-00217,2026-06-30
POS-000733,Derivative - FX Forward,9236366635.2,INR,BELOW_100,CP-00217,2026-06-30
POS-000734,Term Loan,5670346033.25,INR,AT_100,CP-00218,2026-06-30
POS-000735,Derivative - Interest Rate Swap,412828267.8,INR,ABOVE_100,CP-00218,2026-06-30
POS-000736,Derivative - FX Forward,62097261.41,INR,AT_100,CP-00218,2026-06-30
POS-000737,Term Loan,4123188524.69,INR,AT_100,CP-00219,2026-06-30
POS-000738,Term Loan,3965583844.49,INR,BELOW_100,CP-00219,2026-06-30
POS-000739,Derivative - FX Forward,951113737.86,INR,BELOW_100,CP-00219,2026-06-30
POS-000740,Term Loan,270466649.9,INR,AT_100,CP-00220,2026-06-30
POS-000741,Derivative - FX Forward,888325304.75,INR,BELOW_100,CP-00220,2026-06-30
POS-000742,Investment - Debenture/Bond,83876804682.57,INR,ABOVE_100,CP-00221,2026-06-30
POS-000743,Bank Guarantee,288746096.47,INR,BELOW_100,CP-00221,2026-06-30
POS-000744,Term Loan,413014462.54,INR,BELOW_100,CP-00222,2026-06-30
POS-000745,Bank Guarantee,282672914.35,INR,ABOVE_100,CP-00222,2026-06-30
POS-000746,Term Loan,111057524.43,INR,ABOVE_100,CP-00223,2026-06-30
POS-000747,Cash Credit,1720074086.04,INR,BELOW_100,CP-00223,2026-06-30
POS-000748,Term Loan,402934795.13,INR,AT_100,CP-00223,2026-06-30
POS-000749,Bank Guarantee,3854682317.52,INR,BELOW_100,CP-00223,2026-06-30
POS-000750,Bank Guarantee,62392714.63,INR,BELOW_100,CP-00223,2026-06-30
POS-000751,Cash Credit,651944847.32,INR,BELOW_100,CP-00224,2026-06-30
POS-000752,Term Loan,62190784.77,INR,AT_100,CP-00224,2026-06-30
POS-000753,Bank Guarantee,111773248.9,INR,BELOW_100,CP-00224,2026-06-30
POS-000754,Term Loan,1030196452.81,INR,ABOVE_100,CP-00225,2026-06-30
POS-000755,Bank Guarantee,622193789.84,INR,BELOW_100,CP-00225,2026-06-30
POS-000756,Derivative - FX Forward,93880478.01,INR,AT_100,CP-00225,2026-06-30
POS-000757,Term Loan,2360674695.84,INR,BELOW_100,CP-00226,2026-06-30
POS-000758,Letter of Credit,2278971311.45,INR,BELOW_100,CP-00226,2026-06-30
POS-000759,Derivative - Interest Rate Swap,4891357993.49,INR,BELOW_100,CP-00226,2026-06-30
POS-000760,Investment - Debenture/Bond,797681457.03,INR,AT_100,CP-00227,2026-06-30
POS-000761,Cash Credit,1031674114.86,INR,ABOVE_100,CP-00227,2026-06-30
POS-000762,Cash Credit,136783010.52,INR,ABOVE_100,CP-00227,2026-06-30
POS-000763,Bank Guarantee,363384907.09,INR,BELOW_100,CP-00227,2026-06-30
POS-000764,Term Loan,27914211584.03,INR,BELOW_100,CP-00228,2026-06-30
POS-000765,Term Loan,1809534404.18,INR,AT_100,CP-00228,2026-06-30
POS-000766,Derivative - FX Forward,456814913.41,INR,BELOW_100,CP-00228,2026-06-30
POS-000767,Derivative - Interest Rate Swap,1808470351.46,INR,ABOVE_100,CP-00228,2026-06-30
POS-000768,Term Loan,911286641.62,INR,BELOW_100,CP-00229,2026-06-30
POS-000769,Cash Credit,1000381420.5,INR,AT_100,CP-00229,2026-06-30
POS-000770,Term Loan,264220809.35,INR,AT_100,CP-00229,2026-06-30
POS-000771,Derivative - Interest Rate Swap,307736349.68,INR,BELOW_100,CP-00229,2026-06-30
POS-000772,Derivative - Interest Rate Swap,46425013.22,INR,BELOW_100,CP-00229,2026-06-30
POS-000773,Term Loan,32550416405.52,INR,AT_100,CP-00230,2026-06-30
POS-000774,Letter of Credit,7574368966.71,INR,BELOW_100,CP-00230,2026-06-30
POS-000775,Cash Credit,247810541.36,INR,ABOVE_100,CP-00231,2026-06-30
POS-000776,Cash Credit,422354961.93,INR,BELOW_100,CP-00231,2026-06-30
POS-000777,Term Loan,3548467265.3,INR,ABOVE_100,CP-00231,2026-06-30
POS-000778,Letter of Credit,166064061.92,INR,ABOVE_100,CP-00231,2026-06-30
POS-000779,Term Loan,4675483637.77,INR,BELOW_100,CP-00232,2026-06-30
POS-000780,Term Loan,17230272870.93,INR,BELOW_100,CP-00232,2026-06-30
POS-000781,Term Loan,2297972006.8,INR,AT_100,CP-00232,2026-06-30
POS-000782,Bank Guarantee,11917643289.68,INR,ABOVE_100,CP-00232,2026-06-30
POS-000783,Term Loan,5285216887.89,INR,AT_100,CP-00233,2026-06-30
POS-000784,Cash Credit,472956526.64,INR,BELOW_100,CP-00233,2026-06-30
POS-000785,Bank Guarantee,1791375669.45,INR,BELOW_100,CP-00233,2026-06-30
POS-000786,Term Loan,22442174708.22,INR,BELOW_100,CP-00234,2026-06-30
POS-000787,Term Loan,11683660565.31,INR,BELOW_100,CP-00234,2026-06-30
POS-000788,Term Loan,5989822333.59,INR,AT_100,CP-00234,2026-06-30
POS-000789,Bank Guarantee,9621423985.56,INR,BELOW_100,CP-00234,2026-06-30
POS-000790,Letter of Credit,3150922667.15,INR,ABOVE_100,CP-00234,2026-06-30
POS-000791,Investment - Debenture/Bond,4492092807.59,INR,AT_100,CP-00235,2026-06-30
POS-000792,Cash Credit,21145392566.81,INR,AT_100,CP-00235,2026-06-30
POS-000793,Derivative - Interest Rate Swap,10877455796.46,INR,BELOW_100,CP-00235,2026-06-30
POS-000794,Letter of Credit,16663517107.2,INR,ABOVE_100,CP-00235,2026-06-30
POS-000795,Term Loan,26965058685.05,INR,BELOW_100,CP-00236,2026-06-30
POS-000796,Bank Guarantee,651255056.54,INR,BELOW_100,CP-00236,2026-06-30
POS-000797,Bank Guarantee,4882015156.8,INR,ABOVE_100,CP-00236,2026-06-30
POS-000798,Term Loan,28852742094.6,INR,BELOW_100,CP-00237,2026-06-30
POS-000799,Derivative - Interest Rate Swap,29758317653.45,INR,BELOW_100,CP-00237,2026-06-30
POS-000800,Letter of Credit,35425771668.69,INR,BELOW_100,CP-00237,2026-06-30
POS-000801,Term Loan,4235293069.79,INR,AT_100,CP-00238,2026-06-30
POS-000802,Term Loan,18499292497.72,INR,BELOW_100,CP-00238,2026-06-30
POS-000803,Letter of Credit,18791439285.66,INR,BELOW_100,CP-00238,2026-06-30
POS-000804,Term Loan,2598998928.09,INR,BELOW_100,CP-00239,2026-06-30
POS-000805,Bank Guarantee,23756004862.05,INR,ABOVE_100,CP-00239,2026-06-30
POS-000806,Investment - Debenture/Bond,8058488257.32,INR,BELOW_100,CP-00240,2026-06-30
POS-000807,Derivative - FX Forward,17210585999.68,INR,AT_100,CP-00240,2026-06-30
POS-000808,Term Loan,25648551674.0,INR,BELOW_100,CP-00241,2026-06-30
POS-000809,Cash Credit,50478106492.1,INR,BELOW_100,CP-00241,2026-06-30
POS-000810,Bank Guarantee,40508769559.63,INR,BELOW_100,CP-00241,2026-06-30
POS-000811,Cash Credit,55781572973.72,INR,AT_100,CP-00242,2026-06-30
POS-000812,Bank Guarantee,10487530517.79,INR,ABOVE_100,CP-00242,2026-06-30
POS-000813,Term Loan,54079091241.19,INR,BELOW_100,CP-00243,2026-06-30
POS-000814,Derivative - FX Forward,13709803599.23,INR,ABOVE_100,CP-00243,2026-06-30
POS-000815,Investment - Debenture/Bond,150694433375.34,INR,AT_100,CP-00244,2026-06-30
POS-000816,Letter of Credit,4688037417.67,INR,BELOW_100,CP-00244,2026-06-30
POS-000817,Term Loan,9364254572.44,INR,BELOW_100,CP-00245,2026-06-30
POS-000818,Investment - Debenture/Bond,10305474968.49,INR,BELOW_100,CP-00245,2026-06-30
POS-000819,Derivative - Interest Rate Swap,68430463.71,INR,ABOVE_100,CP-00245,2026-06-30
POS-000820,Derivative - FX Forward,12441768292.05,INR,ABOVE_100,CP-00245,2026-06-30
POS-000821,Term Loan,17946396258.61,INR,ABOVE_100,CP-00246,2026-06-30
POS-000822,Derivative - FX Forward,2739314470.19,INR,BELOW_100,CP-00246,2026-06-30
POS-000823,Derivative - Interest Rate Swap,1909117481.36,INR,ABOVE_100,CP-00246,2026-06-30
POS-000824,Term Loan,1654251420.58,INR,AT_100,CP-00247,2026-06-30
POS-000825,Cash Credit,2648786585.36,INR,BELOW_100,CP-00247,2026-06-30
POS-000826,Derivative - FX Forward,502445669.9,INR,ABOVE_100,CP-00247,2026-06-30
POS-000827,Letter of Credit,1838176316.82,INR,AT_100,CP-00247,2026-06-30
POS-000828,Term Loan,14045859897.53,INR,AT_100,CP-00248,2026-06-30
POS-000829,Cash Credit,4867952938.77,INR,AT_100,CP-00248,2026-06-30
POS-000830,Derivative - Interest Rate Swap,584964296.67,INR,BELOW_100,CP-00248,2026-06-30
POS-000831,Bank Guarantee,3279299014.52,INR,BELOW_100,CP-00248,2026-06-30
POS-000832,Term Loan,370459599.1,INR,BELOW_100,CP-00249,2026-06-30
POS-000833,Cash Credit,234727828.0,INR,BELOW_100,CP-00249,2026-06-30
POS-000834,Bank Guarantee,12969033477.31,INR,AT_100,CP-00249,2026-06-30
POS-000835,Bank Guarantee,2200397086.21,INR,ABOVE_100,CP-00249,2026-06-30
POS-000836,Term Loan,2569115426.35,INR,BELOW_100,CP-00250,2026-06-30
POS-000837,Letter of Credit,10549552.37,INR,ABOVE_100,CP-00250,2026-06-30
POS-000838,Bank Guarantee,748568889.1,INR,AT_100,CP-00250,2026-06-30
POS-000839,Term Loan,6198671831.56,INR,BELOW_100,CP-00251,2026-06-30
POS-000840,Derivative - FX Forward,7918208097.85,INR,AT_100,CP-00251,2026-06-30
POS-000841,Term Loan,939487885.21,INR,BELOW_100,CP-00252,2026-06-30
POS-000842,Term Loan,2187085920.24,INR,ABOVE_100,CP-00252,2026-06-30
POS-000843,Derivative - FX Forward,126149732.75,INR,AT_100,CP-00252,2026-06-30
POS-000844,Derivative - FX Forward,20081199.98,INR,BELOW_100,CP-00252,2026-06-30
POS-000845,Cash Credit,420771630.94,INR,ABOVE_100,CP-00253,2026-06-30
POS-000846,Cash Credit,754253002.3,INR,ABOVE_100,CP-00253,2026-06-30
POS-000847,Derivative - FX Forward,13991066131.64,INR,BELOW_100,CP-00253,2026-06-30
POS-000848,Letter of Credit,2139224445.48,INR,BELOW_100,CP-00253,2026-06-30
POS-000849,Investment - Debenture/Bond,1530120771.46,INR,ABOVE_100,CP-00254,2026-06-30
POS-000850,Term Loan,56299441.84,INR,ABOVE_100,CP-00254,2026-06-30
POS-000851,Bank Guarantee,299196374.82,INR,ABOVE_100,CP-00254,2026-06-30
POS-000852,Term Loan,3327122419.46,INR,AT_100,CP-00255,2026-06-30
POS-000853,Letter of Credit,323052600.62,INR,BELOW_100,CP-00255,2026-06-30
POS-000854,Cash Credit,829565018.41,INR,AT_100,CP-00256,2026-06-30
POS-000855,Term Loan,1929515803.1,INR,ABOVE_100,CP-00256,2026-06-30
POS-000856,Bank Guarantee,313790855.28,INR,BELOW_100,CP-00256,2026-06-30
POS-000857,Bank Guarantee,932131330.09,INR,ABOVE_100,CP-00256,2026-06-30
POS-000858,Cash Credit,10641625289.01,INR,BELOW_100,CP-00257,2026-06-30
POS-000859,Letter of Credit,282968910.56,INR,BELOW_100,CP-00257,2026-06-30
POS-000860,Bank Guarantee,124498093.37,INR,AT_100,CP-00257,2026-06-30
POS-000861,Term Loan,555635032.51,INR,AT_100,CP-00258,2026-06-30
POS-000862,Term Loan,6668515875.66,INR,BELOW_100,CP-00258,2026-06-30
POS-000863,Cash Credit,2021339117.09,INR,BELOW_100,CP-00258,2026-06-30
POS-000864,Derivative - FX Forward,112884746.08,INR,BELOW_100,CP-00258,2026-06-30
POS-000865,Bank Guarantee,28859256.52,INR,AT_100,CP-00258,2026-06-30
POS-000866,Term Loan,8564437265.52,INR,BELOW_100,CP-00259,2026-06-30
POS-000867,Bank Guarantee,121753922.05,INR,BELOW_100,CP-00259,2026-06-30
POS-000868,Term Loan,506938692.65,INR,ABOVE_100,CP-00260,2026-06-30
POS-000869,Investment - Debenture/Bond,2507521647.19,INR,ABOVE_100,CP-00260,2026-06-30
POS-000870,Cash Credit,1946746002.95,INR,ABOVE_100,CP-00260,2026-06-30
POS-000871,Bank Guarantee,1422648.96,INR,BELOW_100,CP-00260,2026-06-30
POS-000872,Cash Credit,3167898615.7,INR,ABOVE_100,CP-00261,2026-06-30
POS-000873,Term Loan,5393480249.17,INR,BELOW_100,CP-00261,2026-06-30
POS-000874,Bank Guarantee,1351680.46,INR,BELOW_100,CP-00261,2026-06-30
POS-000875,Investment - Debenture/Bond,30705044270.06,INR,BELOW_100,CP-00262,2026-06-30
POS-000876,Term Loan,3879604238.91,INR,AT_100,CP-00262,2026-06-30
POS-000877,Cash Credit,23490237506.56,INR,BELOW_100,CP-00262,2026-06-30
POS-000878,Letter of Credit,679480.06,INR,ABOVE_100,CP-00262,2026-06-30
POS-000879,Term Loan,13066901848.53,INR,ABOVE_100,CP-00263,2026-06-30
POS-000880,Bank Guarantee,2413645.09,INR,AT_100,CP-00263,2026-06-30
POS-000881,Bank Guarantee,1675367.34,INR,BELOW_100,CP-00263,2026-06-30
POS-000882,Term Loan,183335124.0,INR,ABOVE_100,CP-00264,2026-06-30
POS-000883,Cash Credit,2101246191.59,INR,BELOW_100,CP-00264,2026-06-30
POS-000884,Bank Guarantee,699804.0,INR,BELOW_100,CP-00264,2026-06-30
POS-000885,Derivative - Interest Rate Swap,1082469.46,INR,AT_100,CP-00264,2026-06-30
POS-000886,Term Loan,523831216.85,INR,DEDUCTED,CP-00265,2026-06-30
POS-000887,Cash Credit,858741112.93,INR,BELOW_100,CP-00265,2026-06-30
POS-000888,Bank Guarantee,11804688.1,INR,BELOW_100,CP-00265,2026-06-30
POS-000889,Investment - Debenture/Bond,46096630422.44,INR,ABOVE_100,CP-00266,2026-06-30
POS-000890,Derivative - FX Forward,45762.32,INR,AT_100,CP-00266,2026-06-30
POS-000891,Bank Guarantee,1340258.93,INR,BELOW_100,CP-00266,2026-06-30
POS-000892,Investment - Debenture/Bond,1583348596.3,INR,BELOW_100,CP-00267,2026-06-30
POS-000893,Term Loan,6851655274.1,INR,BELOW_100,CP-00267,2026-06-30
POS-000894,Term Loan,479740616.18,INR,AT_100,CP-00267,2026-06-30
POS-000895,Bank Guarantee,136395.9,INR,BELOW_100,CP-00267,2026-06-30
POS-000896,Bank Guarantee,2346546.26,INR,ABOVE_100,CP-00267,2026-06-30
POS-000897,Cash Credit,18889829415.8,INR,BELOW_100,CP-00268,2026-06-30
POS-000898,Bank Guarantee,1216076.83,INR,BELOW_100,CP-00268,2026-06-30
POS-000899,Derivative - Interest Rate Swap,537667.04,INR,BELOW_100,CP-00268,2026-06-30
POS-000900,Term Loan,1090133241.41,INR,BELOW_100,CP-00269,2026-06-30
POS-000901,Term Loan,5662790438.84,INR,AT_100,CP-00269,2026-06-30
POS-000902,Derivative - Interest Rate Swap,3866961.97,INR,BELOW_100,CP-00269,2026-06-30
POS-000903,Term Loan,6778161578.48,INR,ABOVE_100,CP-00270,2026-06-30
POS-000904,Letter of Credit,51700.52,INR,ABOVE_100,CP-00270,2026-06-30
POS-000905,Bank Guarantee,886886.9,INR,ABOVE_100,CP-00270,2026-06-30
POS-000906,Investment - Debenture/Bond,26649162766.09,INR,AT_100,CP-00271,2026-06-30
POS-000907,Term Loan,929281942300.08,INR,AT_100,CP-00271,2026-06-30
POS-000908,Cash Credit,21613449443.86,INR,BELOW_100,CP-00271,2026-06-30
POS-000909,Letter of Credit,8230740.8,INR,AT_100,CP-00271,2026-06-30
POS-000910,Term Loan,14056641192.59,INR,ABOVE_100,CP-00272,2026-06-30
POS-000911,Term Loan,17727752121.45,INR,BELOW_100,CP-00272,2026-06-30
POS-000912,Cash Credit,2784833652.43,INR,BELOW_100,CP-00272,2026-06-30
POS-000913,Bank Guarantee,31574390.88,INR,ABOVE_100,CP-00272,2026-06-30
POS-000914,Investment - Debenture/Bond,258499552.45,INR,BELOW_100,CP-00273,2026-06-30
POS-000915,Term Loan,145144313.53,INR,BELOW_100,CP-00273,2026-06-30
POS-000916,Cash Credit,363951483.47,INR,ABOVE_100,CP-00273,2026-06-30
POS-000917,Bank Guarantee,347558.27,INR,AT_100,CP-00273,2026-06-30
POS-000918,Investment - Debenture/Bond,1489506873.4,INR,BELOW_100,CP-00274,2026-06-30
POS-000919,Derivative - Interest Rate Swap,189269.91,INR,AT_100,CP-00274,2026-06-30
POS-000920,Investment - Debenture/Bond,16098438471.77,INR,ABOVE_100,CP-00275,2026-06-30
POS-000921,Bank Guarantee,997232106.41,INR,BELOW_100,CP-00275,2026-06-30
POS-000922,Cash Credit,8516308349.09,INR,AT_100,CP-00276,2026-06-30
POS-000923,Term Loan,502506574.73,INR,BELOW_100,CP-00276,2026-06-30
POS-000924,Term Loan,2389764907.72,INR,ABOVE_100,CP-00276,2026-06-30
POS-000925,Bank Guarantee,3549608541.33,INR,AT_100,CP-00276,2026-06-30
POS-000926,Cash Credit,30329015.57,INR,AT_100,CP-00277,2026-06-30
POS-000927,Term Loan,6716219844.83,INR,BELOW_100,CP-00277,2026-06-30
POS-000928,Derivative - Interest Rate Swap,2161317365.01,INR,AT_100,CP-00277,2026-06-30
POS-000929,Term Loan,8987452527.28,INR,AT_100,CP-00278,2026-06-30
POS-000930,Cash Credit,2465824404.09,INR,BELOW_100,CP-00278,2026-06-30
POS-000931,Term Loan,10966329657.71,INR,AT_100,CP-00278,2026-06-30
POS-000932,Bank Guarantee,1365599207.95,INR,BELOW_100,CP-00278,2026-06-30
POS-000933,Term Loan,1710072579.38,INR,BELOW_100,CP-00279,2026-06-30
POS-000934,Term Loan,5537358158.39,INR,AT_100,CP-00279,2026-06-30
POS-000935,Bank Guarantee,1885733969.83,INR,AT_100,CP-00279,2026-06-30
POS-000936,Term Loan,2478143179.15,INR,BELOW_100,CP-00280,2026-06-30
POS-000937,Term Loan,3438508079.1,INR,BELOW_100,CP-00280,2026-06-30
POS-000938,Letter of Credit,5335377907.17,INR,AT_100,CP-00280,2026-06-30
POS-000939,Bank Guarantee,5536084981.17,INR,BELOW_100,CP-00280,2026-06-30
POS-000940,Cash Credit,3925551202.58,INR,BELOW_100,CP-00281,2026-06-30
POS-000941,Cash Credit,1152186533.39,INR,AT_100,CP-00281,2026-06-30
POS-000942,Letter of Credit,2869070671.18,INR,ABOVE_100,CP-00281,2026-06-30
POS-000943,Bank Guarantee,1709308083.33,INR,BELOW_100,CP-00281,2026-06-30
POS-000944,Cash Credit,11573661175.21,INR,BELOW_100,CP-00282,2026-06-30
POS-000945,Bank Guarantee,2198238562.52,INR,ABOVE_100,CP-00282,2026-06-30
POS-000946,Cash Credit,2263993307.96,INR,BELOW_100,CP-00283,2026-06-30
POS-000947,Letter of Credit,1415438743.41,INR,BELOW_100,CP-00283,2026-06-30
POS-000948,Bank Guarantee,109072880.44,INR,AT_100,CP-00283,2026-06-30
POS-000949,Cash Credit,3193494552.57,INR,BELOW_100,CP-00284,2026-06-30
POS-000950,Cash Credit,91963055933.42,INR,AT_100,CP-00284,2026-06-30
POS-000951,Investment - Debenture/Bond,25058244349.5,INR,AT_100,CP-00284,2026-06-30
POS-000952,Derivative - FX Forward,767342739.69,INR,ABOVE_100,CP-00284,2026-06-30
POS-000953,Bank Guarantee,15989966498.84,INR,BELOW_100,CP-00284,2026-06-30
POS-000954,Term Loan,203819377.64,INR,ABOVE_100,CP-00285,2026-06-30
POS-000955,Term Loan,13560600719.71,INR,ABOVE_100,CP-00285,2026-06-30
POS-000956,Term Loan,574274315.6,INR,AT_100,CP-00285,2026-06-30
POS-000957,Letter of Credit,3937650879.94,INR,ABOVE_100,CP-00285,2026-06-30
POS-000958,Cash Credit,1283822896.32,INR,BELOW_100,CP-00286,2026-06-30
POS-000959,Derivative - Interest Rate Swap,9083671631.4,INR,ABOVE_100,CP-00286,2026-06-30
POS-000960,Term Loan,10031364523.55,INR,ABOVE_100,CP-00287,2026-06-30
POS-000961,Bank Guarantee,3514732164.98,INR,ABOVE_100,CP-00287,2026-06-30
POS-000962,Term Loan,10599475363.74,INR,BELOW_100,CP-00288,2026-06-30
POS-000963,Letter of Credit,1528418257.32,INR,AT_100,CP-00288,2026-06-30
POS-000964,Derivative - FX Forward,377834808.07,INR,ABOVE_100,CP-00288,2026-06-30
POS-000965,Cash Credit,207224010.02,INR,BELOW_100,CP-00289,2026-06-30
POS-000966,Investment - Debenture/Bond,3363367.22,INR,ABOVE_100,CP-00289,2026-06-30
POS-000967,Term Loan,12936333.16,INR,BELOW_100,CP-00289,2026-06-30
POS-000968,Derivative - FX Forward,262020814.17,INR,ABOVE_100,CP-00289,2026-06-30
POS-000969,Investment - Debenture/Bond,413558050.98,INR,AT_100,CP-00290,2026-06-30
POS-000970,Bank Guarantee,952067439.41,INR,AT_100,CP-00290,2026-06-30
POS-000971,Derivative - FX Forward,18397375.99,INR,ABOVE_100,CP-00290,2026-06-30
POS-000972,Term Loan,790826122.67,INR,ABOVE_100,CP-00291,2026-06-30
POS-000973,Bank Guarantee,20461963.98,INR,AT_100,CP-00291,2026-06-30
POS-000974,Derivative - FX Forward,71102666.16,INR,ABOVE_100,CP-00291,2026-06-30
POS-000975,Term Loan,906711391.03,INR,ABOVE_100,CP-00292,2026-06-30
POS-000976,Term Loan,1214531840.22,INR,ABOVE_100,CP-00292,2026-06-30
POS-000977,Bank Guarantee,122289503.31,INR,BELOW_100,CP-00292,2026-06-30
POS-000978,Cash Credit,2000718241.44,INR,BELOW_100,CP-00293,2026-06-30
POS-000979,Term Loan,1368533874.6,INR,BELOW_100,CP-00293,2026-06-30
POS-000980,Term Loan,193734140.82,INR,BELOW_100,CP-00293,2026-06-30
POS-000981,Derivative - FX Forward,168246661.2,INR,ABOVE_100,CP-00293,2026-06-30
POS-000982,Cash Credit,518596362.95,INR,ABOVE_100,CP-00294,2026-06-30
POS-000983,Term Loan,81786831.21,INR,ABOVE_100,CP-00294,2026-06-30
POS-000984,Cash Credit,73058580.12,INR,BELOW_100,CP-00294,2026-06-30
POS-000985,Derivative - FX Forward,157165683.63,INR,AT_100,CP-00294,2026-06-30
POS-000986,Letter of Credit,31955727.95,INR,BELOW_100,CP-00294,2026-06-30
POS-000987,Term Loan,226176167.46,INR,ABOVE_100,CP-00295,2026-06-30
POS-000988,Cash Credit,832895038.68,INR,ABOVE_100,CP-00295,2026-06-30
POS-000989,Letter of Credit,239023176.15,INR,BELOW_100,CP-00295,2026-06-30
POS-000990,Bank Guarantee,104404822.26,INR,ABOVE_100,CP-00295,2026-06-30
POS-000991,Cash Credit,12332877876.4,INR,AT_100,CP-00296,2026-06-30
POS-000992,Term Loan,554535437.08,INR,ABOVE_100,CP-00296,2026-06-30
POS-000993,Term Loan,8736726705.77,INR,AT_100,CP-00296,2026-06-30
POS-000994,Derivative - FX Forward,277126391.35,INR,ABOVE_100,CP-00296,2026-06-30
POS-000995,Bank Guarantee,17051763.62,INR,AT_100,CP-00296,2026-06-30
POS-000996,Cash Credit,18002482.43,INR,ABOVE_100,CP-00297,2026-06-30
POS-000997,Term Loan,1169731671.07,INR,BELOW_100,CP-00297,2026-06-30
POS-000998,Bank Guarantee,112686315.42,INR,BELOW_100,CP-00297,2026-06-30
POS-000999,Cash Credit,757851198.25,INR,ABOVE_100,CP-00298,2026-06-30
POS-001000,Bank Guarantee,1057892284.36,INR,BELOW_100,CP-00298,2026-06-30
POS-001001,Term Loan,77856894.74,INR,BELOW_100,CP-00299,2026-06-30
POS-001002,Cash Credit,3379762850.04,INR,BELOW_100,CP-00299,2026-06-30
POS-001003,Cash Credit,53040538.62,INR,AT_100,CP-00299,2026-06-30
POS-001004,Letter of Credit,14076666.09,INR,BELOW_100,CP-00299,2026-06-30
POS-001005,Letter of Credit,103775268.14,INR,BELOW_100,CP-00299,2026-06-30
POS-001006,Cash Credit,36718656802.45,INR,ABOVE_100,CP-00300,2026-06-30
POS-001007,Term Loan,22389856169.86,INR,ABOVE_100,CP-00300,2026-06-30
POS-001008,Derivative - Interest Rate Swap,15787027.27,INR,BELOW_100,CP-00300,2026-06-30
POS-001009,Derivative - FX Forward,41016055.68,INR,BELOW_100,CP-00300,2026-06-30
POS-001010,Term Loan,768551020.69,INR,ABOVE_100,CP-00301,2026-06-30
POS-001011,Bank Guarantee,197994052.57,INR,BELOW_100,CP-00301,2026-06-30
POS-001012,Letter of Credit,25158341.29,INR,AT_100,CP-00301,2026-06-30
POS-001013,Term Loan,11440080256.18,INR,AT_100,CP-00302,2026-06-30
POS-001014,Cash Credit,19318299546.94,INR,BELOW_100,CP-00302,2026-06-30
POS-001015,Letter of Credit,2270742098.05,INR,BELOW_100,CP-00302,2026-06-30
POS-001016,Term Loan,3000238346.52,INR,BELOW_100,CP-00303,2026-06-30
POS-001017,Letter of Credit,5095447542.34,INR,AT_100,CP-00303,2026-06-30
POS-001018,Term Loan,22533770685.31,INR,AT_100,CP-00304,2026-06-30
POS-001019,Derivative - FX Forward,217473789.55,INR,AT_100,CP-00304,2026-06-30
POS-001020,Derivative - Interest Rate Swap,119414197.94,INR,BELOW_100,CP-00304,2026-06-30
POS-001021,Term Loan,7688463170.37,INR,BELOW_100,CP-00305,2026-06-30
POS-001022,Letter of Credit,694293489.8,INR,ABOVE_100,CP-00305,2026-06-30
POS-001023,Letter of Credit,10195346534.94,INR,BELOW_100,CP-00305,2026-06-30
POS-001024,Term Loan,18340417707.62,INR,BELOW_100,CP-00306,2026-06-30
POS-001025,Term Loan,8789895835.46,INR,BELOW_100,CP-00306,2026-06-30
POS-001026,Cash Credit,159977424277.92,INR,ABOVE_100,CP-00306,2026-06-30
POS-001027,Letter of Credit,71573111.43,INR,BELOW_100,CP-00306,2026-06-30
POS-001028,Bank Guarantee,293599233.05,INR,ABOVE_100,CP-00306,2026-06-30
POS-001029,Term Loan,273854282.79,INR,AT_100,CP-00307,2026-06-30
POS-001030,Term Loan,3619310538.44,INR,ABOVE_100,CP-00307,2026-06-30
POS-001031,Letter of Credit,321337249.58,INR,ABOVE_100,CP-00307,2026-06-30
POS-001032,Bank Guarantee,10621850.07,INR,BELOW_100,CP-00307,2026-06-30
POS-001033,Cash Credit,7974342824.38,INR,ABOVE_100,CP-00308,2026-06-30
POS-001034,Investment - Debenture/Bond,2927614944.48,INR,BELOW_100,CP-00308,2026-06-30
POS-001035,Term Loan,108634086830.63,INR,BELOW_100,CP-00308,2026-06-30
POS-001036,Bank Guarantee,306933110.76,INR,AT_100,CP-00308,2026-06-30
POS-001037,Bank Guarantee,382036530.39,INR,ABOVE_100,CP-00308,2026-06-30
POS-001038,Cash Credit,344373262507.03,INR,AT_100,CP-00309,2026-06-30
POS-001039,Bank Guarantee,1689209667.16,INR,AT_100,CP-00309,2026-06-30
POS-001040,Bank Guarantee,55051757.44,INR,BELOW_100,CP-00309,2026-06-30
POS-001041,Cash Credit,6615248198.84,INR,BELOW_100,CP-00310,2026-06-30
POS-001042,Letter of Credit,448103815.08,INR,BELOW_100,CP-00310,2026-06-30
POS-001043,Term Loan,2106076226.07,INR,AT_100,CP-00311,2026-06-30
POS-001044,Term Loan,853329790.08,INR,BELOW_100,CP-00311,2026-06-30
POS-001045,Bank Guarantee,1634868449.48,INR,BELOW_100,CP-00311,2026-06-30
POS-001046,Letter of Credit,9916632473.69,INR,ABOVE_100,CP-00311,2026-06-30
POS-001047,Term Loan,25142940936.64,INR,AT_100,CP-00312,2026-06-30
POS-001048,Letter of Credit,493287601.63,INR,ABOVE_100,CP-00312,2026-06-30
POS-001049,Derivative - Interest Rate Swap,89228207.52,INR,BELOW_100,CP-00312,2026-06-30
POS-001050,Cash Credit,1851335002.64,INR,ABOVE_100,CP-00313,2026-06-30
POS-001051,Term Loan,3554025347.14,INR,BELOW_100,CP-00313,2026-06-30
POS-001052,Term Loan,1017012430.92,INR,AT_100,CP-00313,2026-06-30
POS-001053,Derivative - Interest Rate Swap,1937268221.3,INR,BELOW_100,CP-00313,2026-06-30
POS-001054,Letter of Credit,6132182777.43,INR,AT_100,CP-00313,2026-06-30
POS-001055,Cash Credit,2773434137.4,INR,AT_100,CP-00314,2026-06-30
POS-001056,Term Loan,5335710554.41,INR,ABOVE_100,CP-00314,2026-06-30
POS-001057,Derivative - FX Forward,10824696157.28,INR,BELOW_100,CP-00314,2026-06-30
POS-001058,Term Loan,5707213480.1,INR,ABOVE_100,CP-00315,2026-06-30
POS-001059,Term Loan,21242475095.92,INR,ABOVE_100,CP-00315,2026-06-30
POS-001060,Cash Credit,8262306086.23,INR,ABOVE_100,CP-00315,2026-06-30
POS-001061,Derivative - FX Forward,1276728689.78,INR,BELOW_100,CP-00315,2026-06-30
POS-001062,Term Loan,55842030076.85,INR,ABOVE_100,CP-00316,2026-06-30
POS-001063,Cash Credit,9977911135.64,INR,ABOVE_100,CP-00316,2026-06-30
POS-001064,Cash Credit,7601689747.05,INR,ABOVE_100,CP-00316,2026-06-30
POS-001065,Derivative - FX Forward,6890878033.8,INR,BELOW_100,CP-00316,2026-06-30
POS-001066,Bank Guarantee,1911045410.52,INR,ABOVE_100,CP-00316,2026-06-30
POS-001067,Term Loan,3409026189.25,INR,BELOW_100,CP-00317,2026-06-30
POS-001068,Bank Guarantee,53830204.72,INR,BELOW_100,CP-00317,2026-06-30
POS-001069,Term Loan,4763562223.01,INR,BELOW_100,CP-00318,2026-06-30
POS-001070,Term Loan,83446363.14,INR,BELOW_100,CP-00318,2026-06-30
POS-001071,Bank Guarantee,76651875.8,INR,AT_100,CP-00318,2026-06-30
POS-001072,Bank Guarantee,322105297.66,INR,BELOW_100,CP-00318,2026-06-30
POS-001073,Term Loan,452935311.83,INR,AT_100,CP-00319,2026-06-30
POS-001074,Term Loan,2074128955.55,INR,ABOVE_100,CP-00319,2026-06-30
POS-001075,Term Loan,52367780.44,INR,ABOVE_100,CP-00319,2026-06-30
POS-001076,Letter of Credit,56200576.11,INR,ABOVE_100,CP-00319,2026-06-30
POS-001077,Bank Guarantee,9416778.45,INR,AT_100,CP-00319,2026-06-30
POS-001078,Term Loan,99647101.17,INR,BELOW_100,CP-00320,2026-06-30
POS-001079,Investment - Debenture/Bond,1972819433.9,INR,BELOW_100,CP-00320,2026-06-30
POS-001080,Derivative - FX Forward,5305965912.74,INR,AT_100,CP-00320,2026-06-30
POS-001081,Cash Credit,6590218920.57,INR,BELOW_100,CP-00321,2026-06-30
POS-001082,Bank Guarantee,89603572.83,INR,BELOW_100,CP-00321,2026-06-30
POS-001083,Letter of Credit,6595103.79,INR,BELOW_100,CP-00321,2026-06-30
POS-001084,Cash Credit,2861989098.06,INR,AT_100,CP-00322,2026-06-30
POS-001085,Bank Guarantee,59443031.8,INR,AT_100,CP-00322,2026-06-30
POS-001086,Term Loan,2734134564.06,INR,BELOW_100,CP-00323,2026-06-30
POS-001087,Letter of Credit,2238568509.79,INR,ABOVE_100,CP-00323,2026-06-30
POS-001088,Term Loan,51041912237.57,INR,BELOW_100,CP-00324,2026-06-30
POS-001089,Cash Credit,8037096541.13,INR,AT_100,CP-00324,2026-06-30
POS-001090,Letter of Credit,76962891.58,INR,ABOVE_100,CP-00324,2026-06-30
POS-001091,Derivative - Interest Rate Swap,235470593.65,INR,BELOW_100,CP-00324,2026-06-30
POS-001092,Term Loan,9626503957.1,INR,AT_100,CP-00325,2026-06-30
POS-001093,Derivative - Interest Rate Swap,332109583.91,INR,ABOVE_100,CP-00325,2026-06-30
POS-001094,Letter of Credit,69735013.94,INR,BELOW_100,CP-00325,2026-06-30
POS-001095,Term Loan,3589848832.64,INR,ABOVE_100,CP-00326,2026-06-30
POS-001096,Bank Guarantee,317348582.02,INR,BELOW_100,CP-00326,2026-06-30
POS-001097,Cash Credit,9068320022.42,INR,BELOW_100,CP-00327,2026-06-30
POS-001098,Bank Guarantee,2364172610.47,INR,BELOW_100,CP-00327,2026-06-30
POS-001099,Letter of Credit,595102230.12,INR,BELOW_100,CP-00327,2026-06-30
POS-001100,Cash Credit,18779561034.52,INR,AT_100,CP-00328,2026-06-30
POS-001101,Bank Guarantee,505067072.49,INR,BELOW_100,CP-00328,2026-06-30
POS-001102,Investment - Debenture/Bond,103395181106.73,INR,BELOW_100,CP-00329,2026-06-30
POS-001103,Bank Guarantee,274561310.93,INR,AT_100,CP-00329,2026-06-30
POS-001104,Bank Guarantee,77658128.7,INR,AT_100,CP-00329,2026-06-30
POS-001105,Cash Credit,6303600326.91,INR,ABOVE_100,CP-00330,2026-06-30
POS-001106,Derivative - FX Forward,3993454.15,INR,BELOW_100,CP-00330,2026-06-30
POS-001107,Derivative - FX Forward,73337664.36,INR,BELOW_100,CP-00330,2026-06-30
POS-001108,Term Loan,97265017519.48,INR,BELOW_100,CP-00331,2026-06-30
POS-001109,Derivative - Interest Rate Swap,2638354.55,INR,AT_100,CP-00331,2026-06-30
POS-001110,Letter of Credit,2065304.22,INR,BELOW_100,CP-00331,2026-06-30
POS-001111,Cash Credit,655227077.31,INR,BELOW_100,CP-00332,2026-06-30
POS-001112,Cash Credit,10970218992.25,INR,BELOW_100,CP-00332,2026-06-30
POS-001113,Derivative - Interest Rate Swap,25803832.96,INR,BELOW_100,CP-00332,2026-06-30
POS-001114,Investment - Debenture/Bond,5900489068.58,INR,BELOW_100,CP-00333,2026-06-30
POS-001115,Cash Credit,5454077239.47,INR,BELOW_100,CP-00333,2026-06-30
POS-001116,Term Loan,1108770540.0,INR,BELOW_100,CP-00333,2026-06-30
POS-001117,Bank Guarantee,12667532.55,INR,AT_100,CP-00333,2026-06-30
POS-001118,Derivative - FX Forward,6574419.74,INR,BELOW_100,CP-00333,2026-06-30
POS-001119,Cash Credit,3041816513.67,INR,BELOW_100,CP-00334,2026-06-30
POS-001120,Term Loan,3120357683.55,INR,AT_100,CP-00334,2026-06-30
POS-001121,Bank Guarantee,308914.4,INR,ABOVE_100,CP-00334,2026-06-30
POS-001122,Letter of Credit,3948998.16,INR,AT_100,CP-00334,2026-06-30
POS-001123,Term Loan,32417181797.03,INR,AT_100,CP-00335,2026-06-30
POS-001124,Bank Guarantee,50603573.02,INR,AT_100,CP-00335,2026-06-30
POS-001125,Term Loan,19201470874.56,INR,BELOW_100,CP-00336,2026-06-30
POS-001126,Bank Guarantee,13973985.36,INR,BELOW_100,CP-00336,2026-06-30
POS-001127,Letter of Credit,84859.61,INR,BELOW_100,CP-00336,2026-06-30
POS-001128,Term Loan,158496177481.52,INR,AT_100,CP-00337,2026-06-30
POS-001129,Letter of Credit,116459835.5,INR,BELOW_100,CP-00337,2026-06-30
POS-001130,Term Loan,73557781166.95,INR,AT_100,CP-00338,2026-06-30
POS-001131,Letter of Credit,31274022.53,INR,BELOW_100,CP-00338,2026-06-30
POS-001132,Term Loan,20886639899.79,INR,BELOW_100,CP-00339,2026-06-30
POS-001133,Letter of Credit,67218313.05,INR,ABOVE_100,CP-00339,2026-06-30
POS-001134,Term Loan,11265163804.74,INR,BELOW_100,CP-00340,2026-06-30
POS-001135,Term Loan,6062213275.38,INR,BELOW_100,CP-00340,2026-06-30
POS-001136,Letter of Credit,70551258.32,INR,BELOW_100,CP-00340,2026-06-30
POS-001137,Bank Guarantee,61458168.43,INR,ABOVE_100,CP-00340,2026-06-30
POS-001138,Investment - Debenture/Bond,3264104167.86,INR,ABOVE_100,CP-00341,2026-06-30
POS-001139,Cash Credit,2941216416.55,INR,BELOW_100,CP-00341,2026-06-30
POS-001140,Term Loan,29348612335.99,INR,BELOW_100,CP-00341,2026-06-30
POS-001141,Derivative - Interest Rate Swap,8245865.92,INR,ABOVE_100,CP-00341,2026-06-30
POS-001142,Term Loan,13417754785.31,INR,ABOVE_100,CP-00342,2026-06-30
POS-001143,Term Loan,570265558.23,INR,BELOW_100,CP-00342,2026-06-30
POS-001144,Derivative - FX Forward,19454212.91,INR,ABOVE_100,CP-00342,2026-06-30
POS-001145,Bank Guarantee,836149.71,INR,BELOW_100,CP-00342,2026-06-30
POS-001146,Term Loan,4564825929.58,INR,BELOW_100,CP-00343,2026-06-30
POS-001147,Letter of Credit,3086747.12,INR,BELOW_100,CP-00343,2026-06-30
POS-001148,Term Loan,20992617872.2,INR,AT_100,CP-00344,2026-06-30
POS-001149,Bank Guarantee,2222594.96,INR,BELOW_100,CP-00344,2026-06-30
POS-001150,Derivative - FX Forward,2323056.98,INR,BELOW_100,CP-00344,2026-06-30
POS-001151,Term Loan,6438165642.95,INR,ABOVE_100,CP-00345,2026-06-30
POS-001152,Letter of Credit,1433033512.93,INR,ABOVE_100,CP-00345,2026-06-30
POS-001153,Cash Credit,578132411.58,INR,ABOVE_100,CP-00346,2026-06-30
POS-001154,Investment - Debenture/Bond,3247556468.15,INR,ABOVE_100,CP-00346,2026-06-30
POS-001155,Letter of Credit,406886733.23,INR,ABOVE_100,CP-00346,2026-06-30
POS-001156,Bank Guarantee,2937592688.8,INR,BELOW_100,CP-00346,2026-06-30
POS-001157,Term Loan,4774372676.01,INR,AT_100,CP-00347,2026-06-30
POS-001158,Letter of Credit,4115949407.11,INR,BELOW_100,CP-00347,2026-06-30
POS-001159,Derivative - FX Forward,776221382.28,INR,AT_100,CP-00347,2026-06-30
POS-001160,Term Loan,1247892980.7,INR,ABOVE_100,CP-00348,2026-06-30
POS-001161,Bank Guarantee,743811786.23,INR,AT_100,CP-00348,2026-06-30
POS-001162,Term Loan,2029245517.08,INR,BELOW_100,CP-00349,2026-06-30
POS-001163,Cash Credit,863612912.71,INR,ABOVE_100,CP-00349,2026-06-30
POS-001164,Term Loan,1851323022.12,INR,BELOW_100,CP-00349,2026-06-30
POS-001165,Letter of Credit,112591915.4,INR,BELOW_100,CP-00349,2026-06-30
POS-001166,Letter of Credit,1433108358.22,INR,BELOW_100,CP-00349,2026-06-30
POS-001167,Term Loan,3149694394.59,INR,BELOW_100,CP-00350,2026-06-30
POS-001168,Cash Credit,7922352695.62,INR,BELOW_100,CP-00350,2026-06-30
POS-001169,Derivative - FX Forward,92868939.77,INR,ABOVE_100,CP-00350,2026-06-30
POS-001170,Derivative - Interest Rate Swap,1374392069.51,INR,BELOW_100,CP-00350,2026-06-30
POS-001171,Investment - Debenture/Bond,778844070.48,INR,AT_100,CP-00351,2026-06-30
POS-001172,Cash Credit,323228999.9,INR,AT_100,CP-00351,2026-06-30
POS-001173,Letter of Credit,352843464.96,INR,AT_100,CP-00351,2026-06-30
POS-001174,Bank Guarantee,1312500173.99,INR,BELOW_100,CP-00351,2026-06-30
POS-001175,Term Loan,7575245069.81,INR,BELOW_100,CP-00352,2026-06-30
POS-001176,Cash Credit,6574034712.48,INR,ABOVE_100,CP-00352,2026-06-30
POS-001177,Term Loan,5889036898.33,INR,BELOW_100,CP-00352,2026-06-30
POS-001178,Derivative - FX Forward,240661417.23,INR,BELOW_100,CP-00352,2026-06-30
POS-001179,Derivative - FX Forward,2777829662.93,INR,ABOVE_100,CP-00352,2026-06-30
POS-001180,Term Loan,487666005.04,INR,ABOVE_100,CP-00353,2026-06-30
POS-001181,Term Loan,11321584.84,INR,BELOW_100,CP-00353,2026-06-30
POS-001182,Letter of Credit,501190371.58,INR,BELOW_100,CP-00353,2026-06-30
POS-001183,Derivative - FX Forward,1306489176.98,INR,ABOVE_100,CP-00353,2026-06-30
POS-001184,Investment - Debenture/Bond,1263195217.65,INR,BELOW_100,CP-00354,2026-06-30
POS-001185,Term Loan,453364018.15,INR,AT_100,CP-00354,2026-06-30
POS-001186,Derivative - FX Forward,1355792772.25,INR,BELOW_100,CP-00354,2026-06-30
POS-001187,Derivative - FX Forward,9304901047.31,INR,AT_100,CP-00354,2026-06-30
POS-001188,Cash Credit,705571222.17,INR,BELOW_100,CP-00355,2026-06-30
POS-001189,Bank Guarantee,3347476724.15,INR,AT_100,CP-00355,2026-06-30
POS-001190,Term Loan,429954624.14,INR,AT_100,CP-00356,2026-06-30
POS-001191,Bank Guarantee,23218504.32,INR,ABOVE_100,CP-00356,2026-06-30
POS-001192,Bank Guarantee,2319355586.81,INR,BELOW_100,CP-00356,2026-06-30
POS-001193,Term Loan,33096934216.73,INR,AT_100,CP-00357,2026-06-30
POS-001194,Term Loan,5630478555.48,INR,BELOW_100,CP-00357,2026-06-30
POS-001195,Investment - Debenture/Bond,3402776083.28,INR,AT_100,CP-00357,2026-06-30
POS-001196,Bank Guarantee,1177812262.83,INR,BELOW_100,CP-00357,2026-06-30
POS-001197,Bank Guarantee,19772041.17,INR,BELOW_100,CP-00357,2026-06-30
POS-001198,Term Loan,970463056.82,INR,BELOW_100,CP-00358,2026-06-30
POS-001199,Investment - Debenture/Bond,15859860588.46,INR,AT_100,CP-00358,2026-06-30
POS-001200,Cash Credit,11324865847.18,INR,BELOW_100,CP-00358,2026-06-30
POS-001201,Derivative - Interest Rate Swap,14897714440.53,INR,ABOVE_100,CP-00358,2026-06-30
POS-001202,Derivative - FX Forward,2479172398.55,INR,BELOW_100,CP-00358,2026-06-30
POS-001203,Cash Credit,2421161219.62,INR,BELOW_100,CP-00359,2026-06-30
POS-001204,Cash Credit,34936267189.81,INR,AT_100,CP-00359,2026-06-30
POS-001205,Term Loan,25302847011.44,INR,BELOW_100,CP-00359,2026-06-30
POS-001206,Derivative - FX Forward,2448286365.25,INR,AT_100,CP-00359,2026-06-30
POS-001207,Term Loan,2175249571.34,INR,BELOW_100,CP-00360,2026-06-30
POS-001208,Cash Credit,3590304168.7,INR,AT_100,CP-00360,2026-06-30
POS-001209,Cash Credit,1452781423.65,INR,ABOVE_100,CP-00360,2026-06-30
POS-001210,Derivative - FX Forward,3088038492.74,INR,ABOVE_100,CP-00360,2026-06-30
POS-001211,Investment - Debenture/Bond,46091776926.74,INR,BELOW_100,CP-00361,2026-06-30
POS-001212,Derivative - Interest Rate Swap,314675695852.19,INR,AT_100,CP-00361,2026-06-30
POS-001213,Cash Credit,3635994784.84,INR,BELOW_100,CP-00362,2026-06-30
POS-001214,Term Loan,4176291945.0,INR,BELOW_100,CP-00362,2026-06-30
POS-001215,Derivative - FX Forward,180127111.34,INR,ABOVE_100,CP-00362,2026-06-30
POS-001216,Derivative - Interest Rate Swap,1786115010.42,INR,BELOW_100,CP-00362,2026-06-30
POS-001217,Term Loan,3753297650.45,INR,BELOW_100,CP-00363,2026-06-30
POS-001218,Cash Credit,143331981.1,INR,ABOVE_100,CP-00363,2026-06-30
POS-001219,Cash Credit,5619837447.86,INR,BELOW_100,CP-00363,2026-06-30
POS-001220,Letter of Credit,784304471.15,INR,BELOW_100,CP-00363,2026-06-30
POS-001221,Derivative - Interest Rate Swap,557528600.74,INR,AT_100,CP-00363,2026-06-30
POS-001222,Term Loan,499503971.8,INR,BELOW_100,CP-00364,2026-06-30
POS-001223,Investment - Debenture/Bond,12783052527.37,INR,AT_100,CP-00364,2026-06-30
POS-001224,Bank Guarantee,343206550.31,INR,BELOW_100,CP-00364,2026-06-30
POS-001225,Derivative - FX Forward,876803762.41,INR,BELOW_100,CP-00364,2026-06-30
POS-001226,Term Loan,63269534.69,INR,ABOVE_100,CP-00365,2026-06-30
POS-001227,Term Loan,3452606515.66,INR,BELOW_100,CP-00365,2026-06-30
POS-001228,Bank Guarantee,12812729309.61,INR,BELOW_100,CP-00365,2026-06-30
POS-001229,Investment - Debenture/Bond,87959358257.54,INR,BELOW_100,CP-00366,2026-06-30
POS-001230,Letter of Credit,4680825149.04,INR,BELOW_100,CP-00366,2026-06-30
POS-001231,Term Loan,74830931703.4,INR,ABOVE_100,CP-00367,2026-06-30
POS-001232,Bank Guarantee,4242688572.3,INR,BELOW_100,CP-00367,2026-06-30
POS-001233,Term Loan,14636337395.35,INR,BELOW_100,CP-00368,2026-06-30
POS-001234,Cash Credit,4612669587.54,INR,ABOVE_100,CP-00368,2026-06-30
POS-001235,Investment - Debenture/Bond,163867735951.09,INR,AT_100,CP-00368,2026-06-30
POS-001236,Letter of Credit,8316732031.76,INR,BELOW_100,CP-00368,2026-06-30
POS-001237,Derivative - FX Forward,529270287.94,INR,ABOVE_100,CP-00368,2026-06-30
POS-001238,Term Loan,23523727439.75,INR,ABOVE_100,CP-00369,2026-06-30
POS-001239,Derivative - FX Forward,489230512.95,INR,ABOVE_100,CP-00369,2026-06-30
POS-001240,Bank Guarantee,971123873.48,INR,BELOW_100,CP-00369,2026-06-30
POS-001241,Term Loan,31845875140.44,INR,BELOW_100,CP-00370,2026-06-30
POS-001242,Derivative - Interest Rate Swap,1754411176.61,INR,BELOW_100,CP-00370,2026-06-30
POS-001243,Cash Credit,8493005733.78,INR,AT_100,CP-00371,2026-06-30
POS-001244,Letter of Credit,45985232426.34,INR,AT_100,CP-00371,2026-06-30
POS-001245,Letter of Credit,4802923278.83,INR,AT_100,CP-00371,2026-06-30
POS-001246,Term Loan,489684356.13,INR,ABOVE_100,CP-00372,2026-06-30
POS-001247,Cash Credit,1378311072.46,INR,ABOVE_100,CP-00372,2026-06-30
POS-001248,Letter of Credit,37300540325.5,INR,ABOVE_100,CP-00372,2026-06-30
POS-001249,Term Loan,43037416451.89,INR,AT_100,CP-00373,2026-06-30
POS-001250,Investment - Debenture/Bond,397772998045.04,INR,BELOW_100,CP-00373,2026-06-30
POS-001251,Investment - Debenture/Bond,111035944480.33,INR,AT_100,CP-00373,2026-06-30
POS-001252,Derivative - FX Forward,2944271814.13,INR,DEDUCTED,CP-00373,2026-06-30
POS-001253,Term Loan,1279604406.17,INR,BELOW_100,CP-00374,2026-06-30
POS-001254,Term Loan,263946259.51,INR,BELOW_100,CP-00374,2026-06-30
POS-001255,Derivative - FX Forward,3459354104.21,INR,ABOVE_100,CP-00374,2026-06-30
POS-001256,Bank Guarantee,642213588.85,INR,BELOW_100,CP-00374,2026-06-30
POS-001257,Term Loan,72807991957.54,INR,BELOW_100,CP-00375,2026-06-30
POS-001258,Bank Guarantee,1214168131.9,INR,AT_100,CP-00375,2026-06-30
POS-001259,Term Loan,143153125.02,INR,BELOW_100,CP-00376,2026-06-30
POS-001260,Investment - Debenture/Bond,2665132903.85,INR,ABOVE_100,CP-00376,2026-06-30
POS-001261,Term Loan,197501751.0,INR,BELOW_100,CP-00376,2026-06-30
POS-001262,Letter of Credit,2654747398.56,INR,BELOW_100,CP-00376,2026-06-30
POS-001263,Investment - Debenture/Bond,2716707886.24,INR,AT_100,CP-00377,2026-06-30
POS-001264,Letter of Credit,2002967745.73,INR,ABOVE_100,CP-00377,2026-06-30
POS-001265,Bank Guarantee,8184941019.55,INR,AT_100,CP-00377,2026-06-30
POS-001266,Term Loan,3031595153.39,INR,ABOVE_100,CP-00378,2026-06-30
POS-001267,Cash Credit,689029493.19,INR,BELOW_100,CP-00378,2026-06-30
POS-001268,Bank Guarantee,415802085.71,INR,BELOW_100,CP-00378,2026-06-30
POS-001269,Letter of Credit,200900322.23,INR,BELOW_100,CP-00378,2026-06-30
POS-001270,Term Loan,2877277663.2,INR,ABOVE_100,CP-00379,2026-06-30
POS-001271,Letter of Credit,15309252763.75,INR,ABOVE_100,CP-00379,2026-06-30
POS-001272,Cash Credit,27703503350.47,INR,AT_100,CP-00380,2026-06-30
POS-001273,Bank Guarantee,52096830903.15,INR,AT_100,CP-00380,2026-06-30
POS-001274,Term Loan,1279813789.5,INR,ABOVE_100,CP-00381,2026-06-30
POS-001275,Term Loan,401120536.98,INR,BELOW_100,CP-00381,2026-06-30
POS-001276,Derivative - FX Forward,536897155.29,INR,BELOW_100,CP-00381,2026-06-30
POS-001277,Letter of Credit,597176469.0,INR,ABOVE_100,CP-00381,2026-06-30
POS-001278,Term Loan,205045556.46,INR,BELOW_100,CP-00382,2026-06-30
POS-001279,Cash Credit,257557818.32,INR,ABOVE_100,CP-00382,2026-06-30
POS-001280,Term Loan,114208890.34,INR,BELOW_100,CP-00382,2026-06-30
POS-001281,Letter of Credit,4550582478.17,INR,ABOVE_100,CP-00382,2026-06-30
POS-001282,Term Loan,3479772868.83,INR,ABOVE_100,CP-00383,2026-06-30
POS-001283,Term Loan,5998908934.65,INR,ABOVE_100,CP-00383,2026-06-30
POS-001284,Letter of Credit,1914462079.9,INR,BELOW_100,CP-00383,2026-06-30
POS-001285,Cash Credit,120497711.81,INR,BELOW_100,CP-00384,2026-06-30
POS-001286,Term Loan,4042735035.14,INR,BELOW_100,CP-00384,2026-06-30
POS-001287,Derivative - FX Forward,5263169819.87,INR,AT_100,CP-00384,2026-06-30
POS-001288,Term Loan,256371788.46,INR,AT_100,CP-00385,2026-06-30
POS-001289,Bank Guarantee,16746460845.04,INR,BELOW_100,CP-00385,2026-06-30
POS-001290,Cash Credit,644250461.52,INR,ABOVE_100,CP-00386,2026-06-30
POS-001291,Term Loan,123162708.48,INR,BELOW_100,CP-00386,2026-06-30
POS-001292,Term Loan,3353896451.69,INR,AT_100,CP-00386,2026-06-30
POS-001293,Derivative - FX Forward,9456468305.58,INR,AT_100,CP-00386,2026-06-30
POS-001294,Term Loan,4543059112.62,INR,BELOW_100,CP-00387,2026-06-30
POS-001295,Term Loan,2691295408.34,INR,BELOW_100,CP-00387,2026-06-30
POS-001296,Letter of Credit,4067132969.37,INR,BELOW_100,CP-00387,2026-06-30
POS-001297,Term Loan,93853131644.21,INR,BELOW_100,CP-00388,2026-06-30
POS-001298,Letter of Credit,1845512873.47,INR,ABOVE_100,CP-00388,2026-06-30
POS-001299,Term Loan,6673844280.67,INR,AT_100,CP-00389,2026-06-30
POS-001300,Investment - Debenture/Bond,2618504505.72,INR,ABOVE_100,CP-00389,2026-06-30
POS-001301,Term Loan,8004835874.31,INR,BELOW_100,CP-00389,2026-06-30
POS-001302,Bank Guarantee,6245924234.13,INR,BELOW_100,CP-00389,2026-06-30
POS-001303,Term Loan,646253719.03,INR,AT_100,CP-00390,2026-06-30
POS-001304,Cash Credit,1967696678.33,INR,BELOW_100,CP-00390,2026-06-30
POS-001305,Bank Guarantee,1043657473.66,INR,BELOW_100,CP-00390,2026-06-30
POS-001306,Term Loan,4221152590.62,INR,BELOW_100,CP-00391,2026-06-30
POS-001307,Cash Credit,1026257789.42,INR,BELOW_100,CP-00391,2026-06-30
POS-001308,Investment - Debenture/Bond,129823760.12,INR,BELOW_100,CP-00391,2026-06-30
POS-001309,Derivative - Interest Rate Swap,32117716900.2,INR,AT_100,CP-00391,2026-06-30
POS-001310,Cash Credit,553149879.02,INR,ABOVE_100,CP-00392,2026-06-30
POS-001311,Term Loan,1141137415.42,INR,BELOW_100,CP-00392,2026-06-30
POS-001312,Letter of Credit,8175750590.86,INR,BELOW_100,CP-00392,2026-06-30
POS-001313,Term Loan,7819571697.85,INR,AT_100,CP-00393,2026-06-30
POS-001314,Term Loan,3385211241.34,INR,BELOW_100,CP-00393,2026-06-30
POS-001315,Letter of Credit,4793107491.66,INR,AT_100,CP-00393,2026-06-30
POS-001316,Bank Guarantee,3422791159.26,INR,AT_100,CP-00393,2026-06-30
POS-001317,Cash Credit,50223107.69,INR,AT_100,CP-00394,2026-06-30
POS-001318,Term Loan,1310661764.58,INR,AT_100,CP-00394,2026-06-30
POS-001319,Term Loan,693802480.93,INR,AT_100,CP-00394,2026-06-30
POS-001320,Derivative - FX Forward,6600416922.08,INR,BELOW_100,CP-00394,2026-06-30
POS-001321,Term Loan,3751166673.34,INR,AT_100,CP-00395,2026-06-30
POS-001322,Cash Credit,1701302766.76,INR,BELOW_100,CP-00395,2026-06-30
POS-001323,Derivative - FX Forward,1611123169.84,INR,AT_100,CP-00395,2026-06-30
POS-001324,Term Loan,653065775.1,INR,AT_100,CP-00396,2026-06-30
POS-001325,Term Loan,4701079974.21,INR,BELOW_100,CP-00396,2026-06-30
POS-001326,Term Loan,315486868.48,INR,AT_100,CP-00396,2026-06-30
POS-001327,Letter of Credit,334718501.32,INR,AT_100,CP-00396,2026-06-30
POS-001328,Bank Guarantee,2343027077.97,INR,AT_100,CP-00396,2026-06-30
POS-001329,Term Loan,6273318236.44,INR,ABOVE_100,CP-00397,2026-06-30
POS-001330,Letter of Credit,1953396504.34,INR,ABOVE_100,CP-00397,2026-06-30
POS-001331,Bank Guarantee,1267592059.31,INR,BELOW_100,CP-00397,2026-06-30
POS-001332,Cash Credit,1644867631.63,INR,ABOVE_100,CP-00398,2026-06-30
POS-001333,Investment - Debenture/Bond,455641232.88,INR,AT_100,CP-00398,2026-06-30
POS-001334,Letter of Credit,3030858756.61,INR,BELOW_100,CP-00398,2026-06-30
POS-001335,Bank Guarantee,473067451.81,INR,BELOW_100,CP-00398,2026-06-30
POS-001336,Cash Credit,430870257.62,INR,BELOW_100,CP-00399,2026-06-30
POS-001337,Term Loan,3891356572.51,INR,BELOW_100,CP-00399,2026-06-30
POS-001338,Term Loan,1306849394.11,INR,BELOW_100,CP-00399,2026-06-30
POS-001339,Derivative - Interest Rate Swap,3872272325.59,INR,BELOW_100,CP-00399,2026-06-30
POS-001340,Bank Guarantee,3750573346.39,INR,AT_100,CP-00399,2026-06-30
POS-001341,Term Loan,20578728627.93,INR,AT_100,CP-00400,2026-06-30
POS-001342,Letter of Credit,1078193003.65,INR,BELOW_100,CP-00400,2026-06-30
POS-001343,Letter of Credit,544970255.1,INR,BELOW_100,CP-00400,2026-06-30
POS-001344,Term Loan,2179707559.71,INR,AT_100,CP-00401,2026-06-30
POS-001345,Bank Guarantee,1232216240.78,INR,AT_100,CP-00401,2026-06-30
POS-001346,Bank Guarantee,1432213662.01,INR,BELOW_100,CP-00401,2026-06-30
POS-001347,Cash Credit,101409885862.58,INR,ABOVE_100,CP-00402,2026-06-30
POS-001348,Letter of Credit,86183082.17,INR,AT_100,CP-00402,2026-06-30
POS-001349,Letter of Credit,26862932.71,INR,BELOW_100,CP-00402,2026-06-30
POS-001350,Term Loan,1330362757.09,INR,AT_100,CP-00403,2026-06-30
POS-001351,Investment - Debenture/Bond,13911321237.95,INR,ABOVE_100,CP-00403,2026-06-30
POS-001352,Term Loan,2177730251.62,INR,BELOW_100,CP-00403,2026-06-30
POS-001353,Letter of Credit,151566828.17,INR,ABOVE_100,CP-00403,2026-06-30
POS-001354,Derivative - FX Forward,69309693.22,INR,ABOVE_100,CP-00403,2026-06-30
POS-001355,Cash Credit,17968153208.86,INR,AT_100,CP-00404,2026-06-30
POS-001356,Cash Credit,35787020404.62,INR,ABOVE_100,CP-00404,2026-06-30
POS-001357,Bank Guarantee,12704894.19,INR,ABOVE_100,CP-00404,2026-06-30
POS-001358,Letter of Credit,27789492.43,INR,ABOVE_100,CP-00404,2026-06-30
POS-001359,Term Loan,4755851571.81,INR,BELOW_100,CP-00405,2026-06-30
POS-001360,Term Loan,18805143738.29,INR,ABOVE_100,CP-00405,2026-06-30
POS-001361,Investment - Debenture/Bond,10335052831.03,INR,BELOW_100,CP-00405,2026-06-30
POS-001362,Letter of Credit,483246338.75,INR,AT_100,CP-00405,2026-06-30
POS-001363,Cash Credit,16053220849.95,INR,AT_100,CP-00406,2026-06-30
POS-001364,Term Loan,127207840132.83,INR,AT_100,CP-00406,2026-06-30
POS-001365,Term Loan,102998884435.18,INR,AT_100,CP-00406,2026-06-30
POS-001366,Bank Guarantee,347881441.58,INR,ABOVE_100,CP-00406,2026-06-30
POS-001367,Cash Credit,24943097361.94,INR,AT_100,CP-00407,2026-06-30
POS-001368,Investment - Debenture/Bond,34290683194.44,INR,ABOVE_100,CP-00407,2026-06-30
POS-001369,Letter of Credit,306667500.23,INR,AT_100,CP-00407,2026-06-30
POS-001370,Term Loan,182175661707.97,INR,BELOW_100,CP-00408,2026-06-30
POS-001371,Bank Guarantee,3427047.44,INR,AT_100,CP-00408,2026-06-30
POS-001372,Bank Guarantee,232426382.64,INR,BELOW_100,CP-00408,2026-06-30
POS-001373,Term Loan,2337485180.42,INR,AT_100,CP-00409,2026-06-30
POS-001374,Term Loan,83800558559.57,INR,AT_100,CP-00409,2026-06-30
POS-001375,Derivative - Interest Rate Swap,130746118.06,INR,BELOW_100,CP-00409,2026-06-30
POS-001376,Letter of Credit,31016042.6,INR,ABOVE_100,CP-00409,2026-06-30
POS-001377,Investment - Debenture/Bond,3263133709.0,INR,ABOVE_100,CP-00410,2026-06-30
POS-001378,Investment - Debenture/Bond,46031180662.17,INR,BELOW_100,CP-00410,2026-06-30
POS-001379,Term Loan,131283705434.61,INR,AT_100,CP-00410,2026-06-30
POS-001380,Bank Guarantee,90378827.87,INR,BELOW_100,CP-00410,2026-06-30
POS-001381,Term Loan,102826718425.51,INR,AT_100,CP-00411,2026-06-30
POS-001382,Investment - Debenture/Bond,61116681730.27,INR,ABOVE_100,CP-00411,2026-06-30
POS-001383,Derivative - FX Forward,168721267.47,INR,BELOW_100,CP-00411,2026-06-30
POS-001384,Investment - Debenture/Bond,124319717564.13,INR,ABOVE_100,CP-00412,2026-06-30
POS-001385,Cash Credit,81787098093.98,INR,BELOW_100,CP-00412,2026-06-30
POS-001386,Term Loan,381644405265.44,INR,ABOVE_100,CP-00412,2026-06-30
POS-001387,Bank Guarantee,394782423.29,INR,AT_100,CP-00412,2026-06-30
POS-001388,Term Loan,57012503829.2,INR,ABOVE_100,CP-00413,2026-06-30
POS-001389,Derivative - Interest Rate Swap,64386872.88,INR,BELOW_100,CP-00413,2026-06-30
POS-001390,Bank Guarantee,11952486.99,INR,BELOW_100,CP-00413,2026-06-30
POS-001391,Cash Credit,65718952442.73,INR,ABOVE_100,CP-00414,2026-06-30
POS-001392,Bank Guarantee,7746496.42,INR,AT_100,CP-00414,2026-06-30
POS-001393,Letter of Credit,19015346.97,INR,BELOW_100,CP-00414,2026-06-30
POS-001394,Term Loan,88320141630.02,INR,BELOW_100,CP-00415,2026-06-30
POS-001395,Term Loan,13301431620.29,INR,AT_100,CP-00415,2026-06-30
POS-001396,Term Loan,920084189.99,INR,BELOW_100,CP-00415,2026-06-30
POS-001397,Letter of Credit,664463703.14,INR,BELOW_100,CP-00415,2026-06-30
POS-001398,Bank Guarantee,409267057.17,INR,BELOW_100,CP-00415,2026-06-30
POS-001399,Term Loan,43091610962.47,INR,BELOW_100,CP-00416,2026-06-30
POS-001400,Term Loan,18072000037.85,INR,BELOW_100,CP-00416,2026-06-30
POS-001401,Investment - Debenture/Bond,58758117188.97,INR,BELOW_100,CP-00416,2026-06-30
POS-001402,Bank Guarantee,701324832.38,INR,ABOVE_100,CP-00416,2026-06-30
POS-001403,Term Loan,37677363927.22,INR,AT_100,CP-00417,2026-06-30
POS-001404,Bank Guarantee,59532891.21,INR,BELOW_100,CP-00417,2026-06-30
POS-001405,Term Loan,3855735660.63,INR,AT_100,CP-00418,2026-06-30
POS-001406,Cash Credit,3542885293.47,INR,ABOVE_100,CP-00418,2026-06-30
POS-001407,Derivative - FX Forward,394315736.4,INR,AT_100,CP-00418,2026-06-30
POS-001408,Term Loan,396432384.83,INR,BELOW_100,CP-00419,2026-06-30
POS-001409,Cash Credit,7037918182.22,INR,BELOW_100,CP-00419,2026-06-30
POS-001410,Bank Guarantee,159456014.06,INR,ABOVE_100,CP-00419,2026-06-30
POS-001411,Term Loan,4396482264.68,INR,ABOVE_100,CP-00420,2026-06-30
POS-001412,Cash Credit,23310795400.72,INR,BELOW_100,CP-00420,2026-06-30
POS-001413,Cash Credit,2606005939.54,INR,BELOW_100,CP-00420,2026-06-30
POS-001414,Derivative - FX Forward,7872245362.8,INR,AT_100,CP-00420,2026-06-30
POS-001415,Derivative - FX Forward,57701921475.71,INR,BELOW_100,CP-00420,2026-06-30
POS-001416,Term Loan,24011148830.61,INR,BELOW_100,CP-00421,2026-06-30
POS-001417,Bank Guarantee,2854766077.84,INR,BELOW_100,CP-00421,2026-06-30
POS-001418,Term Loan,9527512513.76,INR,AT_100,CP-00422,2026-06-30
POS-001419,Letter of Credit,220012032.13,INR,BELOW_100,CP-00422,2026-06-30
POS-001420,Letter of Credit,62380204.74,INR,BELOW_100,CP-00422,2026-06-30
POS-001421,Investment - Debenture/Bond,17346880288.6,INR,AT_100,CP-00423,2026-06-30
POS-001422,Derivative - FX Forward,242283370.27,INR,AT_100,CP-00423,2026-06-30
POS-001423,Bank Guarantee,2315355591.55,INR,BELOW_100,CP-00423,2026-06-30
POS-001424,Investment - Debenture/Bond,4837528442.71,INR,DEDUCTED,CP-00424,2026-06-30
POS-001425,Investment - Debenture/Bond,1619749197.1,INR,BELOW_100,CP-00424,2026-06-30
POS-001426,Term Loan,131628525.9,INR,BELOW_100,CP-00424,2026-06-30
POS-001427,Letter of Credit,1455566407.35,INR,BELOW_100,CP-00424,2026-06-30
POS-001428,Bank Guarantee,3343602433.94,INR,BELOW_100,CP-00424,2026-06-30
POS-001429,Cash Credit,21605548730.58,INR,AT_100,CP-00425,2026-06-30
POS-001430,Term Loan,889177947.01,INR,ABOVE_100,CP-00425,2026-06-30
POS-001431,Term Loan,588907928.36,INR,BELOW_100,CP-00425,2026-06-30
POS-001432,Derivative - FX Forward,1524776011.52,INR,AT_100,CP-00425,2026-06-30
POS-001433,Derivative - FX Forward,116607171.72,INR,AT_100,CP-00425,2026-06-30
POS-001434,Investment - Debenture/Bond,135818987.41,INR,BELOW_100,CP-00426,2026-06-30
POS-001435,Investment - Debenture/Bond,1848515171.97,INR,AT_100,CP-00426,2026-06-30
POS-001436,Term Loan,855901186.72,INR,BELOW_100,CP-00426,2026-06-30
POS-001437,Derivative - FX Forward,91937924.46,INR,ABOVE_100,CP-00426,2026-06-30
POS-001438,Term Loan,605153588.79,INR,BELOW_100,CP-00427,2026-06-30
POS-001439,Term Loan,2238085587.93,INR,AT_100,CP-00427,2026-06-30
POS-001440,Derivative - FX Forward,826482634.07,INR,AT_100,CP-00427,2026-06-30
POS-001441,Term Loan,6910191463.99,INR,ABOVE_100,CP-00428,2026-06-30
POS-001442,Investment - Debenture/Bond,213703942.24,INR,BELOW_100,CP-00428,2026-06-30
POS-001443,Letter of Credit,712047771.39,INR,AT_100,CP-00428,2026-06-30
POS-001444,Term Loan,1129310748.25,INR,BELOW_100,CP-00429,2026-06-30
POS-001445,Bank Guarantee,745810010.41,INR,BELOW_100,CP-00429,2026-06-30
POS-001446,Term Loan,165510405.76,INR,AT_100,CP-00430,2026-06-30
POS-001447,Term Loan,4212617220.97,INR,AT_100,CP-00430,2026-06-30
POS-001448,Derivative - Interest Rate Swap,138254176.68,INR,BELOW_100,CP-00430,2026-06-30
POS-001449,Term Loan,8030556459.38,INR,ABOVE_100,CP-00431,2026-06-30
POS-001450,Term Loan,2969326887.37,INR,AT_100,CP-00431,2026-06-30
POS-001451,Term Loan,1581770818.51,INR,BELOW_100,CP-00431,2026-06-30
POS-001452,Letter of Credit,136133325.4,INR,ABOVE_100,CP-00431,2026-06-30
POS-001453,Letter of Credit,1279246267.57,INR,AT_100,CP-00431,2026-06-30
POS-001454,Term Loan,2179931599.51,INR,AT_100,CP-00432,2026-06-30
POS-001455,Cash Credit,82534058.55,INR,BELOW_100,CP-00432,2026-06-30
POS-001456,Bank Guarantee,303119861.9,INR,BELOW_100,CP-00432,2026-06-30
POS-001457,Term Loan,12253695110.34,INR,BELOW_100,CP-00433,2026-06-30
POS-001458,Bank Guarantee,395396791.61,INR,ABOVE_100,CP-00433,2026-06-30
POS-001459,Bank Guarantee,179964669.01,INR,BELOW_100,CP-00433,2026-06-30
POS-001460,Term Loan,10131495629.62,INR,ABOVE_100,CP-00434,2026-06-30
POS-001461,Cash Credit,8189162433.75,INR,BELOW_100,CP-00434,2026-06-30
POS-001462,Letter of Credit,427949958.53,INR,AT_100,CP-00434,2026-06-30
POS-001463,Bank Guarantee,1408996207.98,INR,ABOVE_100,CP-00434,2026-06-30
POS-001464,Cash Credit,764706891.72,INR,AT_100,CP-00435,2026-06-30
POS-001465,Cash Credit,238473325.9,INR,AT_100,CP-00435,2026-06-30
POS-001466,Letter of Credit,87789488.22,INR,AT_100,CP-00435,2026-06-30
POS-001467,Cash Credit,1756879594.78,INR,ABOVE_100,CP-00436,2026-06-30
POS-001468,Term Loan,3023176223.07,INR,AT_100,CP-00436,2026-06-30
POS-001469,Investment - Debenture/Bond,19851912769.18,INR,BELOW_100,CP-00436,2026-06-30
POS-001470,Letter of Credit,39099809.78,INR,BELOW_100,CP-00436,2026-06-30
POS-001471,Derivative - Interest Rate Swap,486426116.26,INR,ABOVE_100,CP-00436,2026-06-30
POS-001472,Term Loan,10358196562.9,INR,ABOVE_100,CP-00437,2026-06-30
POS-001473,Cash Credit,1526886858.39,INR,BELOW_100,CP-00437,2026-06-30
POS-001474,Letter of Credit,2634593884.59,INR,AT_100,CP-00437,2026-06-30
POS-001475,Term Loan,548370878.24,INR,ABOVE_100,CP-00438,2026-06-30
POS-001476,Term Loan,202949008.12,INR,ABOVE_100,CP-00438,2026-06-30
POS-001477,Bank Guarantee,539558313.97,INR,AT_100,CP-00438,2026-06-30
POS-001478,Cash Credit,846364943.77,INR,ABOVE_100,CP-00439,2026-06-30
POS-001479,Term Loan,4567643354.26,INR,AT_100,CP-00439,2026-06-30
POS-001480,Cash Credit,1973764726.6,INR,BELOW_100,CP-00439,2026-06-30
POS-001481,Letter of Credit,336855132.15,INR,AT_100,CP-00439,2026-06-30
POS-001482,Derivative - FX Forward,2600211488.21,INR,AT_100,CP-00439,2026-06-30
POS-001483,Term Loan,3411989211.82,INR,BELOW_100,CP-00440,2026-06-30
POS-001484,Term Loan,281188112.99,INR,BELOW_100,CP-00440,2026-06-30
POS-001485,Term Loan,1921234932.13,INR,AT_100,CP-00440,2026-06-30
POS-001486,Bank Guarantee,189567788.16,INR,ABOVE_100,CP-00440,2026-06-30
POS-001487,Investment - Debenture/Bond,4481646374.71,INR,BELOW_100,CP-00441,2026-06-30
POS-001488,Bank Guarantee,1410810668.3,INR,AT_100,CP-00441,2026-06-30
POS-001489,Derivative - Interest Rate Swap,437377747.82,INR,BELOW_100,CP-00441,2026-06-30
POS-001490,Investment - Debenture/Bond,683890674.05,INR,BELOW_100,CP-00442,2026-06-30
POS-001491,Letter of Credit,5809414302.84,INR,BELOW_100,CP-00442,2026-06-30
POS-001492,Investment - Debenture/Bond,6835894436.39,INR,BELOW_100,CP-00443,2026-06-30
POS-001493,Bank Guarantee,168517797.18,INR,ABOVE_100,CP-00443,2026-06-30
POS-001494,Term Loan,1463363900.62,INR,AT_100,CP-00444,2026-06-30
POS-001495,Investment - Debenture/Bond,3262348388.6,INR,BELOW_100,CP-00444,2026-06-30
POS-001496,Letter of Credit,281455448.22,INR,AT_100,CP-00444,2026-06-30
POS-001497,Bank Guarantee,2173894525.27,INR,BELOW_100,CP-00444,2026-06-30
POS-001498,Investment - Debenture/Bond,7780843337.86,INR,BELOW_100,CP-00445,2026-06-30
POS-001499,Cash Credit,4131394079.72,INR,AT_100,CP-00445,2026-06-30
POS-001500,Term Loan,21237280456.48,INR,BELOW_100,CP-00445,2026-06-30
POS-001501,Letter of Credit,2846362685.51,INR,AT_100,CP-00445,2026-06-30
POS-001502,Cash Credit,21231765234.6,INR,ABOVE_100,CP-00446,2026-06-30
POS-001503,Bank Guarantee,257502663.46,INR,BELOW_100,CP-00446,2026-06-30
POS-001504,Investment - Debenture/Bond,329618758.04,INR,AT_100,CP-00447,2026-06-30
POS-001505,Term Loan,390586588.97,INR,ABOVE_100,CP-00447,2026-06-30
POS-001506,Cash Credit,1006418071.29,INR,AT_100,CP-00447,2026-06-30
POS-001507,Letter of Credit,8082666.11,INR,BELOW_100,CP-00447,2026-06-30
POS-001508,Bank Guarantee,245034305.67,INR,BELOW_100,CP-00447,2026-06-30
POS-001509,Investment - Debenture/Bond,2484897065.09,INR,BELOW_100,CP-00448,2026-06-30
POS-001510,Bank Guarantee,492633706.25,INR,BELOW_100,CP-00448,2026-06-30
POS-001511,Bank Guarantee,507773556.09,INR,BELOW_100,CP-00448,2026-06-30
POS-001512,Term Loan,26206684455.77,INR,BELOW_100,CP-00449,2026-06-30
POS-001513,Derivative - FX Forward,2339325364.01,INR,ABOVE_100,CP-00449,2026-06-30
POS-001514,Term Loan,6350183039.94,INR,AT_100,CP-00450,2026-06-30
POS-001515,Term Loan,1605048503.05,INR,BELOW_100,CP-00450,2026-06-30
POS-001516,Term Loan,956566523.11,INR,ABOVE_100,CP-00450,2026-06-30
POS-001517,Derivative - FX Forward,643395975.59,INR,BELOW_100,CP-00450,2026-06-30
POS-001518,Derivative - FX Forward,15051219.68,INR,AT_100,CP-00450,2026-06-30
POS-001519,Term Loan,6522314565.54,INR,BELOW_100,CP-00451,2026-06-30
POS-001520,Investment - Debenture/Bond,741079990.18,INR,BELOW_100,CP-00451,2026-06-30
POS-001521,Bank Guarantee,214636621.77,INR,BELOW_100,CP-00451,2026-06-30
POS-001522,Term Loan,4146113990.93,INR,ABOVE_100,CP-00452,2026-06-30
POS-001523,Derivative - Interest Rate Swap,106751226.07,INR,BELOW_100,CP-00452,2026-06-30
POS-001524,Cash Credit,7602718713.95,INR,ABOVE_100,CP-00453,2026-06-30
POS-001525,Bank Guarantee,278372582.4,INR,BELOW_100,CP-00453,2026-06-30
POS-001526,Bank Guarantee,132707081.06,INR,BELOW_100,CP-00453,2026-06-30
POS-001527,Investment - Debenture/Bond,850317762.88,INR,BELOW_100,CP-00454,2026-06-30
POS-001528,Cash Credit,137929901.74,INR,BELOW_100,CP-00454,2026-06-30
POS-001529,Cash Credit,4838272341.16,INR,AT_100,CP-00454,2026-06-30
POS-001530,Letter of Credit,37389513.55,INR,BELOW_100,CP-00454,2026-06-30
POS-001531,Bank Guarantee,50055738.66,INR,BELOW_100,CP-00454,2026-06-30
POS-001532,Term Loan,3925731485.61,INR,ABOVE_100,CP-00455,2026-06-30
POS-001533,Cash Credit,3058268844.14,INR,BELOW_100,CP-00455,2026-06-30
POS-001534,Letter of Credit,2220185699.2,INR,AT_100,CP-00455,2026-06-30
POS-001535,Investment - Debenture/Bond,5018869995.05,INR,BELOW_100,CP-00456,2026-06-30
POS-001536,Term Loan,29253442993.0,INR,BELOW_100,CP-00456,2026-06-30
POS-001537,Derivative - FX Forward,250801467.59,INR,BELOW_100,CP-00456,2026-06-30
POS-001538,Bank Guarantee,13038866.42,INR,BELOW_100,CP-00456,2026-06-30
POS-001539,Term Loan,205141630.74,INR,ABOVE_100,CP-00457,2026-06-30
POS-001540,Investment - Debenture/Bond,236818957.7,INR,AT_100,CP-00457,2026-06-30
POS-001541,Term Loan,643692713.45,INR,ABOVE_100,CP-00457,2026-06-30
POS-001542,Derivative - FX Forward,1205099060.9,INR,BELOW_100,CP-00457,2026-06-30
POS-001543,Term Loan,507980691.2,INR,BELOW_100,CP-00458,2026-06-30
POS-001544,Derivative - Interest Rate Swap,2022567718.65,INR,DEDUCTED,CP-00458,2026-06-30
POS-001545,Cash Credit,1930431022.46,INR,BELOW_100,CP-00459,2026-06-30
POS-001546,Derivative - FX Forward,7797674471.34,INR,BELOW_100,CP-00459,2026-06-30
POS-001547,Term Loan,11157709900.59,INR,BELOW_100,CP-00460,2026-06-30
POS-001548,Cash Credit,7809276548.16,INR,AT_100,CP-00460,2026-06-30
POS-001549,Term Loan,1041591664.57,INR,AT_100,CP-00460,2026-06-30
POS-001550,Derivative - FX Forward,292780366.48,INR,AT_100,CP-00460,2026-06-30
POS-001551,Term Loan,419956153.11,INR,AT_100,CP-00461,2026-06-30
POS-001552,Cash Credit,219980525.69,INR,ABOVE_100,CP-00461,2026-06-30
POS-001553,Cash Credit,375506561.78,INR,AT_100,CP-00461,2026-06-30
POS-001554,Bank Guarantee,258471253.27,INR,BELOW_100,CP-00461,2026-06-30
POS-001555,Letter of Credit,596123399.65,INR,BELOW_100,CP-00461,2026-06-30
POS-001556,Cash Credit,478556916.76,INR,BELOW_100,CP-00462,2026-06-30
POS-001557,Term Loan,5285941050.57,INR,BELOW_100,CP-00462,2026-06-30
POS-001558,Bank Guarantee,631277054.84,INR,AT_100,CP-00462,2026-06-30
POS-001559,Derivative - Interest Rate Swap,65873813.21,INR,ABOVE_100,CP-00462,2026-06-30
POS-001560,Term Loan,3945281685.79,INR,BELOW_100,CP-00463,2026-06-30
POS-001561,Bank Guarantee,382155756.53,INR,AT_100,CP-00463,2026-06-30
POS-001562,Term Loan,18516779334.77,INR,BELOW_100,CP-00464,2026-06-30
POS-001563,Term Loan,24015210484.29,INR,ABOVE_100,CP-00464,2026-06-30
POS-001564,Term Loan,14917470282.63,INR,AT_100,CP-00464,2026-06-30
POS-001565,Derivative - Interest Rate Swap,286069347.05,INR,BELOW_100,CP-00464,2026-06-30
POS-001566,Bank Guarantee,540077936.78,INR,ABOVE_100,CP-00464,2026-06-30
POS-001567,Investment - Debenture/Bond,2830426353.81,INR,ABOVE_100,CP-00465,2026-06-30
POS-001568,Bank Guarantee,1173122192.52,INR,BELOW_100,CP-00465,2026-06-30
POS-001569,Term Loan,14988396081.16,INR,ABOVE_100,CP-00466,2026-06-30
POS-001570,Derivative - Interest Rate Swap,11801377.38,INR,ABOVE_100,CP-00466,2026-06-30
POS-001571,Letter of Credit,1195195521.94,INR,BELOW_100,CP-00466,2026-06-30
POS-001572,Term Loan,27016994685.68,INR,BELOW_100,CP-00467,2026-06-30
POS-001573,Bank Guarantee,210822284.54,INR,BELOW_100,CP-00467,2026-06-30
POS-001574,Bank Guarantee,34983689.5,INR,ABOVE_100,CP-00467,2026-06-30
POS-001575,Term Loan,78731728.61,INR,AT_100,CP-00468,2026-06-30
POS-001576,Term Loan,768863216.33,INR,BELOW_100,CP-00468,2026-06-30
POS-001577,Investment - Debenture/Bond,304783956.26,INR,BELOW_100,CP-00468,2026-06-30
POS-001578,Letter of Credit,2027351600.7,INR,BELOW_100,CP-00468,2026-06-30
POS-001579,Derivative - FX Forward,307737263.95,INR,AT_100,CP-00468,2026-06-30
POS-001580,Cash Credit,1234570295.36,INR,ABOVE_100,CP-00469,2026-06-30
POS-001581,Investment - Debenture/Bond,1227284016.94,INR,BELOW_100,CP-00469,2026-06-30
POS-001582,Investment - Debenture/Bond,1671105595.07,INR,BELOW_100,CP-00469,2026-06-30
POS-001583,Letter of Credit,188901069.46,INR,BELOW_100,CP-00469,2026-06-30
POS-001584,Letter of Credit,407333017.29,INR,ABOVE_100,CP-00469,2026-06-30
POS-001585,Cash Credit,1300583281.03,INR,BELOW_100,CP-00470,2026-06-30
POS-001586,Term Loan,1930812953.41,INR,BELOW_100,CP-00470,2026-06-30
POS-001587,Cash Credit,1605775013.96,INR,BELOW_100,CP-00470,2026-06-30
POS-001588,Derivative - Interest Rate Swap,1636480864.93,INR,ABOVE_100,CP-00470,2026-06-30
POS-001589,Term Loan,36759876064.21,INR,ABOVE_100,CP-00471,2026-06-30
POS-001590,Derivative - FX Forward,295739834.17,INR,ABOVE_100,CP-00471,2026-06-30
POS-001591,Term Loan,26043864772.36,INR,ABOVE_100,CP-00472,2026-06-30
POS-001592,Term Loan,7280259763.43,INR,AT_100,CP-00472,2026-06-30
POS-001593,Bank Guarantee,59401250.91,INR,ABOVE_100,CP-00472,2026-06-30
POS-001594,Cash Credit,748393683.71,INR,BELOW_100,CP-00473,2026-06-30
POS-001595,Term Loan,6246393810.06,INR,BELOW_100,CP-00473,2026-06-30
POS-001596,Bank Guarantee,74849173.87,INR,BELOW_100,CP-00473,2026-06-30
POS-001597,Letter of Credit,254197954.25,INR,BELOW_100,CP-00473,2026-06-30
POS-001598,Cash Credit,14781000791.11,INR,ABOVE_100,CP-00474,2026-06-30
POS-001599,Letter of Credit,137065069.88,INR,AT_100,CP-00474,2026-06-30
POS-001600,Derivative - Interest Rate Swap,194248082.36,INR,ABOVE_100,CP-00474,2026-06-30
POS-001601,Term Loan,799121198.86,INR,ABOVE_100,CP-00475,2026-06-30
POS-001602,Cash Credit,2624541867.63,INR,BELOW_100,CP-00475,2026-06-30
POS-001603,Term Loan,7162221325.37,INR,ABOVE_100,CP-00475,2026-06-30
POS-001604,Bank Guarantee,70264622.65,INR,ABOVE_100,CP-00475,2026-06-30
POS-001605,Derivative - Interest Rate Swap,104162367.9,INR,ABOVE_100,CP-00475,2026-06-30
POS-001606,Term Loan,41768820279.6,INR,AT_100,CP-00476,2026-06-30
POS-001607,Cash Credit,25198233743.18,INR,AT_100,CP-00476,2026-06-30
POS-001608,Letter of Credit,69813051.67,INR,BELOW_100,CP-00476,2026-06-30
POS-001609,Letter of Credit,10206189.01,INR,BELOW_100,CP-00476,2026-06-30
POS-001610,Cash Credit,26796706412.67,INR,AT_100,CP-00477,2026-06-30
POS-001611,Term Loan,16292420756.44,INR,BELOW_100,CP-00477,2026-06-30
POS-001612,Letter of Credit,32264828.82,INR,AT_100,CP-00477,2026-06-30
POS-001613,Term Loan,113754009712.0,INR,BELOW_100,CP-00478,2026-06-30
POS-001614,Term Loan,362253575982.17,INR,AT_100,CP-00478,2026-06-30
POS-001615,Derivative - FX Forward,124823623.88,INR,BELOW_100,CP-00478,2026-06-30
POS-001616,Term Loan,3064013817.04,INR,ABOVE_100,CP-00479,2026-06-30
POS-001617,Term Loan,2856022773.64,INR,ABOVE_100,CP-00479,2026-06-30
POS-001618,Bank Guarantee,285967438.59,INR,ABOVE_100,CP-00479,2026-06-30
POS-001619,Investment - Debenture/Bond,1700139589.35,INR,BELOW_100,CP-00480,2026-06-30
POS-001620,Term Loan,22861656992.04,INR,BELOW_100,CP-00480,2026-06-30
POS-001621,Letter of Credit,17315069345.82,INR,BELOW_100,CP-00480,2026-06-30
POS-001622,Bank Guarantee,122452518613.54,INR,ABOVE_100,CP-00480,2026-06-30
POS-001623,Term Loan,33490247643.33,INR,BELOW_100,CP-00481,2026-06-30
POS-001624,Term Loan,5113990806.72,INR,AT_100,CP-00481,2026-06-30
POS-001625,Derivative - FX Forward,4614301.33,INR,AT_100,CP-00481,2026-06-30
POS-001626,Letter of Credit,77049462.2,INR,AT_100,CP-00481,2026-06-30
POS-001627,Investment - Debenture/Bond,6906872588.22,INR,ABOVE_100,CP-00482,2026-06-30
POS-001628,Term Loan,68933990531.68,INR,ABOVE_100,CP-00482,2026-06-30
POS-001629,Bank Guarantee,35348248.99,INR,AT_100,CP-00482,2026-06-30
POS-001630,Bank Guarantee,1592801.06,INR,BELOW_100,CP-00482,2026-06-30
POS-001631,Term Loan,18766578371.6,INR,BELOW_100,CP-00483,2026-06-30
POS-001632,Cash Credit,1892707450.12,INR,AT_100,CP-00483,2026-06-30
POS-001633,Derivative - Interest Rate Swap,27620996.51,INR,AT_100,CP-00483,2026-06-30
POS-001634,Term Loan,3182393555.4,INR,AT_100,CP-00484,2026-06-30
POS-001635,Investment - Debenture/Bond,25405172765.33,INR,BELOW_100,CP-00484,2026-06-30
POS-001636,Derivative - FX Forward,844332538.83,INR,BELOW_100,CP-00484,2026-06-30
POS-001637,Cash Credit,20947072952.72,INR,ABOVE_100,CP-00485,2026-06-30
POS-001638,Letter of Credit,154850203.76,INR,BELOW_100,CP-00485,2026-06-30
POS-001639,Term Loan,98865754170.49,INR,ABOVE_100,CP-00486,2026-06-30
POS-001640,Derivative - FX Forward,854303448.43,INR,AT_100,CP-00486,2026-06-30
POS-001641,Term Loan,860607757.64,INR,AT_100,CP-00487,2026-06-30
POS-001642,Term Loan,8277930531.72,INR,BELOW_100,CP-00487,2026-06-30
POS-001643,Cash Credit,937218783.84,INR,ABOVE_100,CP-00487,2026-06-30
POS-001644,Bank Guarantee,713495465.75,INR,BELOW_100,CP-00487,2026-06-30
POS-001645,Term Loan,2486162547.64,INR,AT_100,CP-00488,2026-06-30
POS-001646,Term Loan,2310122058.3,INR,ABOVE_100,CP-00488,2026-06-30
POS-001647,Bank Guarantee,1177932183.45,INR,AT_100,CP-00488,2026-06-30
POS-001648,Letter of Credit,41829793.7,INR,BELOW_100,CP-00488,2026-06-30
POS-001649,Cash Credit,3520177147.1,INR,ABOVE_100,CP-00489,2026-06-30
POS-001650,Cash Credit,31926208578.6,INR,BELOW_100,CP-00489,2026-06-30
POS-001651,Bank Guarantee,1559266110.9,INR,BELOW_100,CP-00489,2026-06-30
POS-001652,Derivative - Interest Rate Swap,643795325.48,INR,ABOVE_100,CP-00489,2026-06-30
POS-001653,Term Loan,3866112982.7,INR,AT_100,CP-00490,2026-06-30
POS-001654,Investment - Debenture/Bond,25952449709.0,INR,BELOW_100,CP-00490,2026-06-30
POS-001655,Letter of Credit,559689930.33,INR,BELOW_100,CP-00490,2026-06-30
POS-001656,Term Loan,5568426785.36,INR,BELOW_100,CP-00491,2026-06-30
POS-001657,Investment - Debenture/Bond,79799486109.16,INR,AT_100,CP-00491,2026-06-30
POS-001658,Term Loan,5833716390.18,INR,BELOW_100,CP-00491,2026-06-30
POS-001659,Letter of Credit,1112725900.19,INR,BELOW_100,CP-00491,2026-06-30
POS-001660,Term Loan,8363896938.82,INR,AT_100,CP-00492,2026-06-30
POS-001661,Derivative - FX Forward,1763140990.73,INR,AT_100,CP-00492,2026-06-30
POS-001662,Cash Credit,229556674421.25,INR,BELOW_100,CP-00493,2026-06-30
POS-001663,Term Loan,52348360273.08,INR,ABOVE_100,CP-00493,2026-06-30
POS-001664,Letter of Credit,9309339105.68,INR,BELOW_100,CP-00493,2026-06-30
POS-001665,Term Loan,4516519737.4,INR,AT_100,CP-00494,2026-06-30
POS-001666,Term Loan,159016058922.76,INR,AT_100,CP-00494,2026-06-30
POS-001667,Term Loan,24901324166.79,INR,BELOW_100,CP-00494,2026-06-30
POS-001668,Letter of Credit,1964389161.47,INR,AT_100,CP-00494,2026-06-30
POS-001669,Bank Guarantee,253731095.83,INR,ABOVE_100,CP-00494,2026-06-30
POS-001670,Investment - Debenture/Bond,416207001318.89,INR,ABOVE_100,CP-00495,2026-06-30
POS-001671,Bank Guarantee,16593002910.26,INR,BELOW_100,CP-00495,2026-06-30
POS-001672,Cash Credit,9169709108.83,INR,BELOW_100,CP-00496,2026-06-30
POS-001673,Derivative - FX Forward,17101227601.19,INR,AT_100,CP-00496,2026-06-30
POS-001674,Letter of Credit,2626331628.92,INR,ABOVE_100,CP-00496,2026-06-30
POS-001675,Term Loan,22366069604.12,INR,AT_100,CP-00497,2026-06-30
POS-001676,Cash Credit,7014044365.28,INR,BELOW_100,CP-00497,2026-06-30
POS-001677,Letter of Credit,159474256.64,INR,AT_100,CP-00497,2026-06-30
POS-001678,Derivative - Interest Rate Swap,474220077.55,INR,ABOVE_100,CP-00497,2026-06-30
POS-001679,Term Loan,2347684605.13,INR,BELOW_100,CP-00498,2026-06-30
POS-001680,Term Loan,1092799769.38,INR,BELOW_100,CP-00498,2026-06-30
POS-001681,Investment - Debenture/Bond,10680944645.27,INR,ABOVE_100,CP-00498,2026-06-30
POS-001682,Bank Guarantee,220556827.3,INR,BELOW_100,CP-00498,2026-06-30
POS-001683,Derivative - Interest Rate Swap,140153979.41,INR,AT_100,CP-00498,2026-06-30
POS-001684,Cash Credit,1694301652.86,INR,BELOW_100,CP-00499,2026-06-30
POS-001685,Term Loan,10274977662.19,INR,BELOW_100,CP-00499,2026-06-30
POS-001686,Term Loan,5587480519.63,INR,AT_100,CP-00499,2026-06-30
POS-001687,Bank Guarantee,15405860422.19,INR,BELOW_100,CP-00499,2026-06-30
POS-001688,Letter of Credit,3696572989.23,INR,BELOW_100,CP-00499,2026-06-30
POS-001689,Term Loan,40465278736.57,INR,BELOW_100,CP-00500,2026-06-30
POS-001690,Bank Guarantee,12611060795.35,INR,BELOW_100,CP-00500,2026-06-30
POS-001691,Cash Credit,40362319239.94,INR,ABOVE_100,CP-00501,2026-06-30
POS-001692,Term Loan,49670019405.16,INR,BELOW_100,CP-00501,2026-06-30
POS-001693,Letter of Credit,3344881884.25,INR,BELOW_100,CP-00501,2026-06-30
POS-001694,Derivative - FX Forward,1983291295.8,INR,ABOVE_100,CP-00501,2026-06-30
POS-001695,Cash Credit,24991183251.89,INR,BELOW_100,CP-00502,2026-06-30
POS-001696,Bank Guarantee,17022997107.16,INR,ABOVE_100,CP-00502,2026-06-30
POS-001697,Term Loan,6387630691.53,INR,BELOW_100,CP-00503,2026-06-30
POS-001698,Derivative - FX Forward,4481416028.58,INR,BELOW_100,CP-00503,2026-06-30
POS-001699,Term Loan,110225279961.07,INR,BELOW_100,CP-00504,2026-06-30
POS-001700,Term Loan,35430455363.73,INR,AT_100,CP-00504,2026-06-30
POS-001701,Cash Credit,64742505430.98,INR,BELOW_100,CP-00504,2026-06-30
POS-001702,Derivative - FX Forward,2983386533.55,INR,ABOVE_100,CP-00504,2026-06-30
POS-001703,Term Loan,9255513845.11,INR,ABOVE_100,CP-00505,2026-06-30
POS-001704,Investment - Debenture/Bond,1385394961.9,INR,ABOVE_100,CP-00505,2026-06-30
POS-001705,Investment - Debenture/Bond,423931762.65,INR,BELOW_100,CP-00505,2026-06-30
POS-001706,Derivative - FX Forward,585226585.47,INR,ABOVE_100,CP-00505,2026-06-30
POS-001707,Letter of Credit,760133710.88,INR,BELOW_100,CP-00505,2026-06-30
POS-001708,Term Loan,2397622681.27,INR,ABOVE_100,CP-00506,2026-06-30
POS-001709,Term Loan,564112131.09,INR,AT_100,CP-00506,2026-06-30
POS-001710,Term Loan,2650956048.49,INR,ABOVE_100,CP-00506,2026-06-30
POS-001711,Derivative - FX Forward,39289689.0,INR,ABOVE_100,CP-00506,2026-06-30
POS-001712,Letter of Credit,646265513.41,INR,ABOVE_100,CP-00506,2026-06-30
POS-001713,Cash Credit,293844861244.75,INR,ABOVE_100,CP-00507,2026-06-30
POS-001714,Bank Guarantee,1847390289.88,INR,ABOVE_100,CP-00507,2026-06-30
POS-001715,Bank Guarantee,422488161.93,INR,AT_100,CP-00507,2026-06-30
POS-001716,Term Loan,78757207407.24,INR,BELOW_100,CP-00508,2026-06-30
POS-001717,Investment - Debenture/Bond,192859788684.55,INR,AT_100,CP-00508,2026-06-30
POS-001718,Term Loan,53608642096.54,INR,BELOW_100,CP-00508,2026-06-30
POS-001719,Letter of Credit,39902444.31,INR,AT_100,CP-00508,2026-06-30
POS-001720,Bank Guarantee,177371184.76,INR,BELOW_100,CP-00508,2026-06-30
POS-001721,Term Loan,57592549.05,INR,BELOW_100,CP-00509,2026-06-30
POS-001722,Term Loan,46205388399.11,INR,BELOW_100,CP-00509,2026-06-30
POS-001723,Cash Credit,988152066.74,INR,ABOVE_100,CP-00509,2026-06-30
POS-001724,Derivative - FX Forward,24733040906.95,INR,AT_100,CP-00509,2026-06-30
POS-001725,Derivative - Interest Rate Swap,2820038420.87,INR,AT_100,CP-00509,2026-06-30
POS-001726,Investment - Debenture/Bond,10866130258.31,INR,ABOVE_100,CP-00510,2026-06-30
POS-001727,Cash Credit,56568943374.02,INR,AT_100,CP-00510,2026-06-30
POS-001728,Bank Guarantee,3002567625.4,INR,AT_100,CP-00510,2026-06-30
POS-001729,Term Loan,3639906299.17,INR,ABOVE_100,CP-00511,2026-06-30
POS-001730,Term Loan,31166276120.26,INR,ABOVE_100,CP-00511,2026-06-30
POS-001731,Bank Guarantee,7054854874.46,INR,BELOW_100,CP-00511,2026-06-30
POS-001732,Term Loan,41729829906.86,INR,ABOVE_100,CP-00512,2026-06-30
POS-001733,Letter of Credit,132961618.78,INR,BELOW_100,CP-00512,2026-06-30
POS-001734,Term Loan,4662974202.14,INR,ABOVE_100,CP-00513,2026-06-30
POS-001735,Term Loan,17540132812.9,INR,ABOVE_100,CP-00513,2026-06-30
POS-001736,Letter of Credit,192476871.8,INR,ABOVE_100,CP-00513,2026-06-30
POS-001737,Bank Guarantee,85233496.8,INR,ABOVE_100,CP-00513,2026-06-30
POS-001738,Term Loan,19994702589.69,INR,BELOW_100,CP-00514,2026-06-30
POS-001739,Bank Guarantee,3696398209.96,INR,BELOW_100,CP-00514,2026-06-30
POS-001740,Term Loan,32315647213.83,INR,ABOVE_100,CP-00515,2026-06-30
POS-001741,Derivative - FX Forward,154787545.99,INR,BELOW_100,CP-00515,2026-06-30
POS-001742,Term Loan,4842705485.14,INR,BELOW_100,CP-00516,2026-06-30
POS-001743,Bank Guarantee,140782539.66,INR,BELOW_100,CP-00516,2026-06-30
POS-001744,Term Loan,1067082869.02,INR,AT_100,CP-00517,2026-06-30
POS-001745,Term Loan,93942358430.71,INR,AT_100,CP-00517,2026-06-30
POS-001746,Cash Credit,6450020233.35,INR,BELOW_100,CP-00517,2026-06-30
POS-001747,Letter of Credit,2003008.35,INR,BELOW_100,CP-00517,2026-06-30
POS-001748,Bank Guarantee,55500842.23,INR,AT_100,CP-00517,2026-06-30
POS-001749,Term Loan,34185373216.18,INR,AT_100,CP-00518,2026-06-30
POS-001750,Bank Guarantee,139105465.93,INR,AT_100,CP-00518,2026-06-30
POS-001751,Letter of Credit,1834413697.9,INR,AT_100,CP-00518,2026-06-30
POS-001752,Cash Credit,2592972753.89,INR,BELOW_100,CP-00519,2026-06-30
POS-001753,Cash Credit,9610094605.64,INR,AT_100,CP-00519,2026-06-30
POS-001754,Term Loan,18961969177.51,INR,BELOW_100,CP-00519,2026-06-30
POS-001755,Bank Guarantee,5056389544.95,INR,BELOW_100,CP-00519,2026-06-30
POS-001756,Cash Credit,159605745.85,INR,ABOVE_100,CP-00520,2026-06-30
POS-001757,Term Loan,914266128.13,INR,BELOW_100,CP-00520,2026-06-30
POS-001758,Term Loan,15147320303.98,INR,AT_100,CP-00520,2026-06-30
POS-001759,Letter of Credit,671030980.72,INR,ABOVE_100,CP-00520,2026-06-30
POS-001760,Investment - Debenture/Bond,1122625802.27,INR,BELOW_100,CP-00521,2026-06-30
POS-001761,Term Loan,31594791202.47,INR,BELOW_100,CP-00521,2026-06-30
POS-001762,Bank Guarantee,18826911.82,INR,AT_100,CP-00521,2026-06-30
POS-001763,Bank Guarantee,27984183.77,INR,AT_100,CP-00521,2026-06-30
POS-001764,Cash Credit,381773797.8,INR,AT_100,CP-00522,2026-06-30
POS-001765,Cash Credit,4499144851.96,INR,BELOW_100,CP-00522,2026-06-30
POS-001766,Letter of Credit,8800643.03,INR,BELOW_100,CP-00522,2026-06-30
POS-001767,Bank Guarantee,27028957.15,INR,ABOVE_100,CP-00522,2026-06-30
POS-001768,Investment - Debenture/Bond,7140313821.18,INR,AT_100,CP-00523,2026-06-30
POS-001769,Term Loan,3361135335.85,INR,ABOVE_100,CP-00523,2026-06-30
POS-001770,Term Loan,7739682713.06,INR,AT_100,CP-00523,2026-06-30
POS-001771,Derivative - Interest Rate Swap,1583354.57,INR,AT_100,CP-00523,2026-06-30
POS-001772,Letter of Credit,70185288.26,INR,BELOW_100,CP-00523,2026-06-30
POS-001773,Investment - Debenture/Bond,7876624678.35,INR,BELOW_100,CP-00524,2026-06-30
POS-001774,Term Loan,1252540862.52,INR,BELOW_100,CP-00524,2026-06-30
POS-001775,Cash Credit,848482614.06,INR,BELOW_100,CP-00524,2026-06-30
POS-001776,Letter of Credit,748046731.27,INR,AT_100,CP-00524,2026-06-30
POS-001777,Derivative - Interest Rate Swap,1064746466.58,INR,AT_100,CP-00524,2026-06-30
POS-001778,Investment - Debenture/Bond,4559801534.6,INR,BELOW_100,CP-00525,2026-06-30
POS-001779,Cash Credit,4319845888.34,INR,ABOVE_100,CP-00525,2026-06-30
POS-001780,Derivative - Interest Rate Swap,3475503065.41,INR,BELOW_100,CP-00525,2026-06-30
POS-001781,Bank Guarantee,2001244720.05,INR,AT_100,CP-00525,2026-06-30
POS-001782,Term Loan,27485610752.2,INR,ABOVE_100,CP-00526,2026-06-30
POS-001783,Bank Guarantee,90742041.32,INR,BELOW_100,CP-00526,2026-06-30
POS-001784,Investment - Debenture/Bond,3563770361.1,INR,ABOVE_100,CP-00527,2026-06-30
POS-001785,Term Loan,3082103642.49,INR,AT_100,CP-00527,2026-06-30
POS-001786,Derivative - Interest Rate Swap,80841344.17,INR,BELOW_100,CP-00527,2026-06-30
POS-001787,Derivative - Interest Rate Swap,19041689.83,INR,ABOVE_100,CP-00527,2026-06-30
POS-001788,Term Loan,4557589153.92,INR,BELOW_100,CP-00528,2026-06-30
POS-001789,Term Loan,16649408841.13,INR,AT_100,CP-00528,2026-06-30
POS-001790,Term Loan,2683641960.08,INR,ABOVE_100,CP-00528,2026-06-30
POS-001791,Bank Guarantee,118417073.84,INR,ABOVE_100,CP-00528,2026-06-30
POS-001792,Term Loan,684017686.04,INR,ABOVE_100,CP-00529,2026-06-30
POS-001793,Term Loan,1694595548.37,INR,AT_100,CP-00529,2026-06-30
POS-001794,Cash Credit,9454831788.6,INR,ABOVE_100,CP-00529,2026-06-30
POS-001795,Bank Guarantee,275281967.5,INR,BELOW_100,CP-00529,2026-06-30
POS-001796,Letter of Credit,1283328281.18,INR,ABOVE_100,CP-00529,2026-06-30
POS-001797,Term Loan,577882920953.56,INR,BELOW_100,CP-00530,2026-06-30
POS-001798,Cash Credit,16311607458.59,INR,AT_100,CP-00530,2026-06-30
POS-001799,Investment - Debenture/Bond,63748069802.07,INR,AT_100,CP-00530,2026-06-30
POS-001800,Letter of Credit,558671200.5,INR,BELOW_100,CP-00530,2026-06-30
POS-001801,Investment - Debenture/Bond,1004097010.06,INR,BELOW_100,CP-00531,2026-06-30
POS-001802,Term Loan,7639841818.28,INR,AT_100,CP-00531,2026-06-30
POS-001803,Letter of Credit,223761592.26,INR,AT_100,CP-00531,2026-06-30
POS-001804,Letter of Credit,9540054.8,INR,BELOW_100,CP-00531,2026-06-30
POS-001805,Term Loan,2529411348.36,INR,ABOVE_100,CP-00532,2026-06-30
POS-001806,Term Loan,31343805170.16,INR,BELOW_100,CP-00532,2026-06-30
POS-001807,Term Loan,14791979345.84,INR,AT_100,CP-00532,2026-06-30
POS-001808,Bank Guarantee,100155355.38,INR,ABOVE_100,CP-00532,2026-06-30
POS-001809,Term Loan,5714745272.23,INR,ABOVE_100,CP-00533,2026-06-30
POS-001810,Term Loan,4274345371.21,INR,ABOVE_100,CP-00533,2026-06-30
POS-001811,Term Loan,476301841.44,INR,BELOW_100,CP-00533,2026-06-30
POS-001812,Bank Guarantee,26598324.46,INR,ABOVE_100,CP-00533,2026-06-30
POS-001813,Derivative - Interest Rate Swap,98162616.91,INR,BELOW_100,CP-00533,2026-06-30
POS-001814,Cash Credit,35432870176.61,INR,BELOW_100,CP-00534,2026-06-30
POS-001815,Term Loan,27130652697.64,INR,AT_100,CP-00534,2026-06-30
POS-001816,Letter of Credit,658655124.35,INR,BELOW_100,CP-00534,2026-06-30
POS-001817,Derivative - FX Forward,87721254.91,INR,BELOW_100,CP-00534,2026-06-30
POS-001818,Cash Credit,4924969386.36,INR,BELOW_100,CP-00535,2026-06-30
POS-001819,Letter of Credit,533982846.87,INR,BELOW_100,CP-00535,2026-06-30
POS-001820,Cash Credit,4636812504.04,INR,BELOW_100,CP-00536,2026-06-30
POS-001821,Term Loan,519189846.31,INR,BELOW_100,CP-00536,2026-06-30
POS-001822,Bank Guarantee,2113786970.86,INR,ABOVE_100,CP-00536,2026-06-30
POS-001823,Letter of Credit,1606392607.93,INR,AT_100,CP-00536,2026-06-30
POS-001824,Term Loan,9885516046.49,INR,BELOW_100,CP-00537,2026-06-30
POS-001825,Investment - Debenture/Bond,66668536889.45,INR,AT_100,CP-00537,2026-06-30
POS-001826,Term Loan,3734602321.29,INR,ABOVE_100,CP-00537,2026-06-30
POS-001827,Bank Guarantee,282987676.14,INR,AT_100,CP-00537,2026-06-30
POS-001828,Letter of Credit,98571070.16,INR,BELOW_100,CP-00537,2026-06-30
POS-001829,Term Loan,7073111640.08,INR,AT_100,CP-00538,2026-06-30
POS-001830,Letter of Credit,77779589.18,INR,AT_100,CP-00538,2026-06-30
POS-001831,Letter of Credit,77769777.95,INR,AT_100,CP-00538,2026-06-30
POS-001832,Term Loan,1312781499.93,INR,ABOVE_100,CP-00539,2026-06-30
POS-001833,Term Loan,997377636.62,INR,AT_100,CP-00539,2026-06-30
POS-001834,Letter of Credit,4331464867.93,INR,AT_100,CP-00539,2026-06-30
POS-001835,Letter of Credit,4692682015.82,INR,BELOW_100,CP-00539,2026-06-30
POS-001836,Cash Credit,8210218174.83,INR,ABOVE_100,CP-00540,2026-06-30
POS-001837,Investment - Debenture/Bond,4999637974.18,INR,AT_100,CP-00540,2026-06-30
POS-001838,Derivative - Interest Rate Swap,1789614634.67,INR,BELOW_100,CP-00540,2026-06-30
POS-001839,Derivative - FX Forward,760421523.21,INR,AT_100,CP-00540,2026-06-30
POS-001840,Investment - Debenture/Bond,7824853050.84,INR,AT_100,CP-00541,2026-06-30
POS-001841,Bank Guarantee,898578471.48,INR,ABOVE_100,CP-00541,2026-06-30
POS-001842,Bank Guarantee,300128218.57,INR,ABOVE_100,CP-00541,2026-06-30
POS-001843,Term Loan,2485975073.72,INR,ABOVE_100,CP-00542,2026-06-30
POS-001844,Cash Credit,8028365442.86,INR,BELOW_100,CP-00542,2026-06-30
POS-001845,Cash Credit,517731002.74,INR,AT_100,CP-00542,2026-06-30
POS-001846,Letter of Credit,164990693.88,INR,BELOW_100,CP-00542,2026-06-30
POS-001847,Bank Guarantee,1868400717.08,INR,ABOVE_100,CP-00542,2026-06-30
POS-001848,Term Loan,4941575160.47,INR,BELOW_100,CP-00543,2026-06-30
POS-001849,Cash Credit,471725088.2,INR,ABOVE_100,CP-00543,2026-06-30
POS-001850,Investment - Debenture/Bond,1632787284.15,INR,BELOW_100,CP-00543,2026-06-30
POS-001851,Letter of Credit,255630407.14,INR,ABOVE_100,CP-00543,2026-06-30
POS-001852,Term Loan,19609283925.6,INR,BELOW_100,CP-00544,2026-06-30
POS-001853,Derivative - Interest Rate Swap,34338037.74,INR,BELOW_100,CP-00544,2026-06-30
POS-001854,Bank Guarantee,112285550.33,INR,ABOVE_100,CP-00544,2026-06-30
POS-001855,Investment - Debenture/Bond,1719457619.77,INR,ABOVE_100,CP-00545,2026-06-30
POS-001856,Cash Credit,1607009466.08,INR,AT_100,CP-00545,2026-06-30
POS-001857,Cash Credit,97243294040.0,INR,AT_100,CP-00545,2026-06-30
POS-001858,Letter of Credit,2132635708.15,INR,AT_100,CP-00545,2026-06-30
POS-001859,Term Loan,22423284919.42,INR,BELOW_100,CP-00546,2026-06-30
POS-001860,Term Loan,17477025608.55,INR,BELOW_100,CP-00546,2026-06-30
POS-001861,Cash Credit,18510829180.17,INR,BELOW_100,CP-00546,2026-06-30
POS-001862,Derivative - FX Forward,2998501623.88,INR,BELOW_100,CP-00546,2026-06-30
POS-001863,Term Loan,19938178446.06,INR,ABOVE_100,CP-00547,2026-06-30
POS-001864,Bank Guarantee,1092020222.28,INR,ABOVE_100,CP-00547,2026-06-30
POS-001865,Cash Credit,4778576388.29,INR,ABOVE_100,CP-00548,2026-06-30
POS-001866,Derivative - FX Forward,481764558.61,INR,BELOW_100,CP-00548,2026-06-30
POS-001867,Derivative - FX Forward,31881500.55,INR,ABOVE_100,CP-00548,2026-06-30
POS-001868,Term Loan,2984531627.63,INR,AT_100,CP-00549,2026-06-30
POS-001869,Term Loan,38358876639.25,INR,BELOW_100,CP-00549,2026-06-30
POS-001870,Investment - Debenture/Bond,510837041.36,INR,BELOW_100,CP-00549,2026-06-30
POS-001871,Letter of Credit,543672222.35,INR,AT_100,CP-00549,2026-06-30
POS-001872,Bank Guarantee,480431244.13,INR,BELOW_100,CP-00549,2026-06-30
POS-001873,Term Loan,19123233687.49,INR,BELOW_100,CP-00550,2026-06-30
POS-001874,Term Loan,28157079151.81,INR,AT_100,CP-00550,2026-06-30
POS-001875,Investment - Debenture/Bond,4848440191.16,INR,ABOVE_100,CP-00550,2026-06-30
POS-001876,Letter of Credit,332825648.87,INR,BELOW_100,CP-00550,2026-06-30
POS-001877,Cash Credit,1931479775.35,INR,BELOW_100,CP-00551,2026-06-30
POS-001878,Derivative - FX Forward,23677764884.65,INR,AT_100,CP-00551,2026-06-30
POS-001879,Derivative - FX Forward,6513634215.96,INR,ABOVE_100,CP-00551,2026-06-30
POS-001880,Term Loan,3753918375.68,INR,BELOW_100,CP-00552,2026-06-30
POS-001881,Investment - Debenture/Bond,107587567674.44,INR,BELOW_100,CP-00552,2026-06-30
POS-001882,Cash Credit,2160685346.09,INR,ABOVE_100,CP-00552,2026-06-30
POS-001883,Bank Guarantee,685438541.93,INR,ABOVE_100,CP-00552,2026-06-30
POS-001884,Bank Guarantee,270290432.9,INR,BELOW_100,CP-00552,2026-06-30
POS-001885,Term Loan,128190117039.98,INR,ABOVE_100,CP-00553,2026-06-30
POS-001886,Letter of Credit,425455879.97,INR,ABOVE_100,CP-00553,2026-06-30
POS-001887,Letter of Credit,139296451.12,INR,AT_100,CP-00553,2026-06-30
POS-001888,Cash Credit,5012314129.71,INR,BELOW_100,CP-00554,2026-06-30
POS-001889,Cash Credit,460270949.48,INR,ABOVE_100,CP-00554,2026-06-30
POS-001890,Bank Guarantee,467815390.78,INR,BELOW_100,CP-00554,2026-06-30
POS-001891,Letter of Credit,296250485.22,INR,ABOVE_100,CP-00554,2026-06-30
POS-001892,Term Loan,9277011310.94,INR,AT_100,CP-00555,2026-06-30
POS-001893,Letter of Credit,812435804.85,INR,ABOVE_100,CP-00555,2026-06-30
POS-001894,Term Loan,418824595.61,INR,AT_100,CP-00556,2026-06-30
POS-001895,Term Loan,563212838.52,INR,BELOW_100,CP-00556,2026-06-30
POS-001896,Term Loan,1323572811.14,INR,AT_100,CP-00556,2026-06-30
POS-001897,Letter of Credit,1246052464.86,INR,BELOW_100,CP-00556,2026-06-30
POS-001898,Term Loan,45793574606.67,INR,AT_100,CP-00557,2026-06-30
POS-001899,Term Loan,2159026099.85,INR,AT_100,CP-00557,2026-06-30
POS-001900,Bank Guarantee,1253666173.1,INR,ABOVE_100,CP-00557,2026-06-30
POS-001901,Cash Credit,13571110729.57,INR,AT_100,CP-00558,2026-06-30
POS-001902,Cash Credit,2634754832.17,INR,BELOW_100,CP-00558,2026-06-30
POS-001903,Letter of Credit,609409581.53,INR,BELOW_100,CP-00558,2026-06-30
POS-001904,Term Loan,1783162222.62,INR,ABOVE_100,CP-00559,2026-06-30
POS-001905,Term Loan,30156942655.14,INR,BELOW_100,CP-00559,2026-06-30
POS-001906,Letter of Credit,241549455.75,INR,BELOW_100,CP-00559,2026-06-30
POS-001907,Bank Guarantee,1034907508.56,INR,AT_100,CP-00559,2026-06-30
POS-001908,Cash Credit,24892814096.24,INR,AT_100,CP-00560,2026-06-30
POS-001909,Letter of Credit,2762340676.06,INR,AT_100,CP-00560,2026-06-30
POS-001910,Bank Guarantee,7477966459.66,INR,BELOW_100,CP-00560,2026-06-30
POS-001911,Term Loan,75640455038.18,INR,BELOW_100,CP-00561,2026-06-30
POS-001912,Letter of Credit,269573052.21,INR,BELOW_100,CP-00561,2026-06-30
POS-001913,Letter of Credit,2746851362.15,INR,AT_100,CP-00561,2026-06-30
POS-001914,Term Loan,2482064002.84,INR,BELOW_100,CP-00562,2026-06-30
POS-001915,Term Loan,3026024463.94,INR,ABOVE_100,CP-00562,2026-06-30
POS-001916,Term Loan,11996044696.21,INR,BELOW_100,CP-00562,2026-06-30
POS-001917,Bank Guarantee,987627966.35,INR,BELOW_100,CP-00562,2026-06-30
POS-001918,Cash Credit,9227570931.21,INR,BELOW_100,CP-00563,2026-06-30
POS-001919,Letter of Credit,7966775015.12,INR,BELOW_100,CP-00563,2026-06-30
POS-001920,Term Loan,1903500041.12,INR,BELOW_100,CP-00564,2026-06-30
POS-001921,Term Loan,1004613430.1,INR,BELOW_100,CP-00564,2026-06-30
POS-001922,Bank Guarantee,1279660869.81,INR,ABOVE_100,CP-00564,2026-06-30
POS-001923,Bank Guarantee,28694904.1,INR,ABOVE_100,CP-00564,2026-06-30
POS-001924,Term Loan,159120709.38,INR,AT_100,CP-00565,2026-06-30
POS-001925,Cash Credit,2479270490.29,INR,ABOVE_100,CP-00565,2026-06-30
POS-001926,Bank Guarantee,5666743469.44,INR,ABOVE_100,CP-00565,2026-06-30
POS-001927,Term Loan,76387795916.68,INR,BELOW_100,CP-00566,2026-06-30
POS-001928,Derivative - FX Forward,719177695.92,INR,AT_100,CP-00566,2026-06-30
POS-001929,Cash Credit,18806793648.28,INR,BELOW_100,CP-00567,2026-06-30
POS-001930,Cash Credit,129231674334.52,INR,BELOW_100,CP-00567,2026-06-30
POS-001931,Investment - Debenture/Bond,19550636091.28,INR,ABOVE_100,CP-00567,2026-06-30
POS-001932,Letter of Credit,711630944.49,INR,BELOW_100,CP-00567,2026-06-30
POS-001933,Bank Guarantee,9707506435.33,INR,BELOW_100,CP-00567,2026-06-30
POS-001934,Cash Credit,23255973460.65,INR,AT_100,CP-00568,2026-06-30
POS-001935,Bank Guarantee,3738879894.99,INR,BELOW_100,CP-00568,2026-06-30
POS-001936,Term Loan,108538887127.92,INR,BELOW_100,CP-00569,2026-06-30
POS-001937,Bank Guarantee,1580526694.8,INR,BELOW_100,CP-00569,2026-06-30
POS-001938,Term Loan,15874728180.32,INR,BELOW_100,CP-00570,2026-06-30
POS-001939,Term Loan,16318557840.41,INR,BELOW_100,CP-00570,2026-06-30
POS-001940,Derivative - FX Forward,314063117.87,INR,BELOW_100,CP-00570,2026-06-30
POS-001941,Bank Guarantee,4995178507.75,INR,BELOW_100,CP-00570,2026-06-30
POS-001942,Cash Credit,12118722246.54,INR,ABOVE_100,CP-00571,2026-06-30
POS-001943,Term Loan,42222296550.98,INR,AT_100,CP-00571,2026-06-30
POS-001944,Cash Credit,11576518533.99,INR,ABOVE_100,CP-00571,2026-06-30
POS-001945,Bank Guarantee,1690185171.31,INR,AT_100,CP-00571,2026-06-30
POS-001946,Bank Guarantee,3290460201.2,INR,BELOW_100,CP-00571,2026-06-30
POS-001947,Term Loan,1242810598.74,INR,AT_100,CP-00572,2026-06-30
POS-001948,Term Loan,25567812923.27,INR,BELOW_100,CP-00572,2026-06-30
POS-001949,Cash Credit,2145706943.52,INR,AT_100,CP-00572,2026-06-30
POS-001950,Letter of Credit,11105652446.85,INR,ABOVE_100,CP-00572,2026-06-30
POS-001951,Letter of Credit,8012474002.26,INR,ABOVE_100,CP-00572,2026-06-30
POS-001952,Term Loan,27326825498.3,INR,AT_100,CP-00573,2026-06-30
POS-001953,Derivative - FX Forward,49068744665.73,INR,ABOVE_100,CP-00573,2026-06-30
POS-001954,Term Loan,5473789249.51,INR,BELOW_100,CP-00574,2026-06-30
POS-001955,Term Loan,6350892955.56,INR,BELOW_100,CP-00574,2026-06-30
POS-001956,Letter of Credit,11178035194.01,INR,BELOW_100,CP-00574,2026-06-30
POS-001957,Bank Guarantee,6658951252.59,INR,ABOVE_100,CP-00574,2026-06-30
POS-001958,Term Loan,1885839400.51,INR,ABOVE_100,CP-00575,2026-06-30
POS-001959,Term Loan,1032430584.01,INR,AT_100,CP-00575,2026-06-30
POS-001960,Letter of Credit,1521882664.46,INR,BELOW_100,CP-00575,2026-06-30
POS-001961,Term Loan,10268245730.2,INR,ABOVE_100,CP-00576,2026-06-30
POS-001962,Cash Credit,2480050209.03,INR,BELOW_100,CP-00576,2026-06-30
POS-001963,Term Loan,10606754781.93,INR,AT_100,CP-00576,2026-06-30
POS-001964,Letter of Credit,596512763.62,INR,AT_100,CP-00576,2026-06-30
POS-001965,Term Loan,103660929505.16,INR,ABOVE_100,CP-00577,2026-06-30
POS-001966,Derivative - FX Forward,12797273299.87,INR,AT_100,CP-00577,2026-06-30
POS-001967,Letter of Credit,4132874864.16,INR,AT_100,CP-00577,2026-06-30
POS-001968,Term Loan,36577042668.96,INR,BELOW_100,CP-00578,2026-06-30
POS-001969,Term Loan,5474827709.67,INR,ABOVE_100,CP-00578,2026-06-30
POS-001970,Term Loan,45276995305.0,INR,AT_100,CP-00578,2026-06-30
POS-001971,Derivative - FX Forward,498156204.44,INR,ABOVE_100,CP-00578,2026-06-30
POS-001972,Derivative - FX Forward,5491931824.83,INR,AT_100,CP-00578,2026-06-30
POS-001973,Investment - Debenture/Bond,11753660049.8,INR,ABOVE_100,CP-00579,2026-06-30
POS-001974,Derivative - FX Forward,8540935628.02,INR,ABOVE_100,CP-00579,2026-06-30
POS-001975,Cash Credit,15224582962.2,INR,ABOVE_100,CP-00580,2026-06-30
POS-001976,Letter of Credit,2387980786.69,INR,AT_100,CP-00580,2026-06-30
POS-001977,Investment - Debenture/Bond,16379177985.9,INR,ABOVE_100,CP-00581,2026-06-30
POS-001978,Cash Credit,12324029280.08,INR,BELOW_100,CP-00581,2026-06-30
POS-001979,Bank Guarantee,147376652.45,INR,BELOW_100,CP-00581,2026-06-30
POS-001980,Letter of Credit,2034401062.87,INR,BELOW_100,CP-00581,2026-06-30
POS-001981,Cash Credit,4284712577.49,INR,BELOW_100,CP-00582,2026-06-30
POS-001982,Term Loan,511958446.67,INR,AT_100,CP-00582,2026-06-30
POS-001983,Term Loan,676427781.21,INR,ABOVE_100,CP-00582,2026-06-30
POS-001984,Derivative - FX Forward,2605718763.86,INR,AT_100,CP-00582,2026-06-30
POS-001985,Term Loan,40695106256.11,INR,BELOW_100,CP-00583,2026-06-30
POS-001986,Term Loan,7738858641.73,INR,AT_100,CP-00583,2026-06-30
POS-001987,Bank Guarantee,366894254.26,INR,ABOVE_100,CP-00583,2026-06-30
POS-001988,Term Loan,6693191118.52,INR,BELOW_100,CP-00584,2026-06-30
POS-001989,Term Loan,6044071656.51,INR,ABOVE_100,CP-00584,2026-06-30
POS-001990,Bank Guarantee,1896296282.94,INR,AT_100,CP-00584,2026-06-30
POS-001991,Term Loan,28976609940.25,INR,AT_100,CP-00585,2026-06-30
POS-001992,Cash Credit,121543551967.34,INR,ABOVE_100,CP-00585,2026-06-30
POS-001993,Derivative - FX Forward,383055639.59,INR,BELOW_100,CP-00585,2026-06-30
POS-001994,Term Loan,49898669799.25,INR,ABOVE_100,CP-00586,2026-06-30
POS-001995,Bank Guarantee,556349784.21,INR,AT_100,CP-00586,2026-06-30
POS-001996,Term Loan,8824386798.14,INR,BELOW_100,CP-00587,2026-06-30
POS-001997,Term Loan,2771588577.88,INR,AT_100,CP-00587,2026-06-30
POS-001998,Term Loan,4141982448.35,INR,ABOVE_100,CP-00587,2026-06-30
POS-001999,Derivative - FX Forward,684192089.2,INR,BELOW_100,CP-00587,2026-06-30
POS-002000,Bank Guarantee,41828772.09,INR,BELOW_100,CP-00587,2026-06-30
POS-002001,Term Loan,97750501549.64,INR,BELOW_100,CP-00588,2026-06-30
POS-002002,Derivative - Interest Rate Swap,698817870.38,INR,BELOW_100,CP-00588,2026-06-30
POS-002003,Derivative - FX Forward,2758547985.7,INR,ABOVE_100,CP-00588,2026-06-30
POS-002004,Term Loan,172130716268.46,INR,BELOW_100,CP-00589,2026-06-30
POS-002005,Letter of Credit,1374272806.37,INR,BELOW_100,CP-00589,2026-06-30
POS-002006,Term Loan,11297841214.69,INR,AT_100,CP-00590,2026-06-30
POS-002007,Term Loan,4673794450.21,INR,BELOW_100,CP-00590,2026-06-30
POS-002008,Term Loan,57980381142.65,INR,ABOVE_100,CP-00590,2026-06-30
POS-002009,Bank Guarantee,17054011907.81,INR,BELOW_100,CP-00590,2026-06-30
POS-002010,Bank Guarantee,24216099398.36,INR,BELOW_100,CP-00590,2026-06-30
POS-002011,Term Loan,12640392530.24,INR,BELOW_100,CP-00591,2026-06-30
POS-002012,Cash Credit,21375664691.02,INR,ABOVE_100,CP-00591,2026-06-30
POS-002013,Term Loan,33234475415.39,INR,ABOVE_100,CP-00591,2026-06-30
POS-002014,Bank Guarantee,3339168821.52,INR,BELOW_100,CP-00591,2026-06-30
POS-002015,Term Loan,17979735264.71,INR,ABOVE_100,CP-00592,2026-06-30
POS-002016,Term Loan,152822244833.85,INR,AT_100,CP-00592,2026-06-30
POS-002017,Cash Credit,12337576640.97,INR,BELOW_100,CP-00592,2026-06-30
POS-002018,Bank Guarantee,2773809827.63,INR,BELOW_100,CP-00592,2026-06-30
POS-002019,Letter of Credit,133083215.49,INR,ABOVE_100,CP-00592,2026-06-30
POS-002020,Cash Credit,196706480237.28,INR,BELOW_100,CP-00593,2026-06-30
POS-002021,Term Loan,75206078644.25,INR,BELOW_100,CP-00593,2026-06-30
POS-002022,Cash Credit,27957267977.12,INR,AT_100,CP-00593,2026-06-30
POS-002023,Bank Guarantee,3049103224.1,INR,BELOW_100,CP-00593,2026-06-30
POS-002024,Investment - Debenture/Bond,150972091242.81,INR,ABOVE_100,CP-00594,2026-06-30
POS-002025,Term Loan,110354465853.75,INR,BELOW_100,CP-00594,2026-06-30
POS-002026,Bank Guarantee,284308832.01,INR,ABOVE_100,CP-00594,2026-06-30
POS-002027,Bank Guarantee,619973052.98,INR,AT_100,CP-00594,2026-06-30
POS-002028,Cash Credit,309220093762.36,INR,ABOVE_100,CP-00595,2026-06-30
POS-002029,Cash Credit,125865222965.08,INR,BELOW_100,CP-00595,2026-06-30
POS-002030,Cash Credit,392912437824.32,INR,ABOVE_100,CP-00595,2026-06-30
POS-002031,Bank Guarantee,2388673575.67,INR,ABOVE_100,CP-00595,2026-06-30
POS-002032,Term Loan,205570871223.51,INR,BELOW_100,CP-00596,2026-06-30
POS-002033,Derivative - FX Forward,245542560.42,INR,ABOVE_100,CP-00596,2026-06-30
POS-002034,Letter of Credit,598447508.27,INR,AT_100,CP-00596,2026-06-30
POS-002035,Term Loan,181607040192.24,INR,BELOW_100,CP-00597,2026-06-30
POS-002036,Term Loan,14829348251.49,INR,AT_100,CP-00597,2026-06-30
POS-002037,Bank Guarantee,433615618.2,INR,AT_100,CP-00597,2026-06-30
POS-002038,Letter of Credit,3983459285.81,INR,ABOVE_100,CP-00597,2026-06-30
POS-002039,Term Loan,212219634583.68,INR,ABOVE_100,CP-00598,2026-06-30
POS-002040,Letter of Credit,9761882350.92,INR,BELOW_100,CP-00598,2026-06-30
POS-002041,Investment - Debenture/Bond,68290824535.94,INR,AT_100,CP-00599,2026-06-30
POS-002042,Investment - Debenture/Bond,8539382453.64,INR,AT_100,CP-00599,2026-06-30
POS-002043,Term Loan,71676856320.12,INR,ABOVE_100,CP-00599,2026-06-30
POS-002044,Bank Guarantee,901770379.13,INR,BELOW_100,CP-00599,2026-06-30
POS-002045,Investment - Debenture/Bond,34581307999.84,INR,ABOVE_100,CP-00600,2026-06-30
POS-002046,Term Loan,75301101674.1,INR,AT_100,CP-00600,2026-06-30
POS-002047,Term Loan,33723443370.64,INR,BELOW_100,CP-00600,2026-06-30
POS-002048,Bank Guarantee,20532765932.66,INR,BELOW_100,CP-00600,2026-06-30
POS-002049,Term Loan,100273371577.39,INR,AT_100,CP-00601,2026-06-30
POS-002050,Bank Guarantee,13532967556.62,INR,BELOW_100,CP-00601,2026-06-30
POS-002051,Term Loan,45649708342.42,INR,ABOVE_100,CP-00602,2026-06-30
POS-002052,Derivative - Interest Rate Swap,17747936.49,INR,ABOVE_100,CP-00602,2026-06-30
POS-002053,Derivative - FX Forward,183340432.4,INR,ABOVE_100,CP-00602,2026-06-30
POS-002054,Cash Credit,1033384261.96,INR,ABOVE_100,CP-00603,2026-06-30
POS-002055,Investment - Debenture/Bond,79691934914.04,INR,AT_100,CP-00603,2026-06-30
POS-002056,Bank Guarantee,1565193095.94,INR,AT_100,CP-00603,2026-06-30
POS-002057,Term Loan,8984788713.95,INR,AT_100,CP-00604,2026-06-30
POS-002058,Term Loan,21275981821.86,INR,AT_100,CP-00604,2026-06-30
POS-002059,Term Loan,15113797247.72,INR,AT_100,CP-00604,2026-06-30
POS-002060,Bank Guarantee,188678867.59,INR,BELOW_100,CP-00604,2026-06-30
POS-002061,Bank Guarantee,612042831.84,INR,BELOW_100,CP-00604,2026-06-30
POS-002062,Term Loan,178358977824.75,INR,BELOW_100,CP-00605,2026-06-30
POS-002063,Derivative - FX Forward,169267480.02,INR,BELOW_100,CP-00605,2026-06-30
POS-002064,Letter of Credit,499046308.12,INR,AT_100,CP-00605,2026-06-30
